administrative_code,name,admin_area,city_level,geonames_id,longitude,latitude
253098,Port Blair,Andaman And Nicobar Islands,municipality,1259385,92.746350,11.666130
257868,Addanki,Andhra Pradesh,municipality,1279356,79.973380,15.810610
251792,Adoni,Andhra Pradesh,municipality,1279335,77.274950,15.627880
253272,Allagadda,Andhra Pradesh,municipality,11270089,78.412180,15.690830
251699,Amadalavalasa,Andhra Pradesh,municipality,1278698,83.902950,18.410250
251735,Amalapuram,Andhra Pradesh,municipality,1278935,82.006090,16.578680
248112,Anantapur,Andhra Pradesh,municipal_corporation,1278672,77.608130,14.677840
258033,Atmakur,Andhra Pradesh,municipality,1278202,79.626130,14.615860
253270,Atmakur (Kurnool),Andhra Pradesh,municipality,1278201,78.587040,15.881090
248111,Badvel,Andhra Pradesh,municipality,1277949,79.062880,14.745100
251760,Bapatla,Andhra Pradesh,municipality,1277183,80.467430,15.904220
251741,Bhimavaram,Andhra Pradesh,municipality,1275947,81.523220,16.540780
251702,Bobbili,Andhra Pradesh,municipality,1275406,83.359250,18.573660
251756,Chilakaluripeta,Andhra Pradesh,municipality,,80.155557,16.093334
253274,Chimakurthy,Andhra Pradesh,municipality,1274185,79.870060,15.583390
251763,Chirala,Andhra Pradesh,municipality,1274106,80.352190,15.823850
248122,Chittoor,Andhra Pradesh,municipal_corporation,1274033,79.095600,13.210550
251782,Cuddapah,Andhra Pradesh,municipal_corporation,1273800,78.823460,14.479950
248115,Dharmavaram,Andhra Pradesh,municipality,1272842,77.720350,14.414350
253169,Dhone,Andhra Pradesh,municipality,1272722,77.871500,15.395200
251739,Eluru,Andhra Pradesh,municipal_corporation,1272051,81.104370,16.713110
251797,Gooty,Andhra Pradesh,municipality,1270974,77.637760,15.118360
251747,Gudivada,Andhra Pradesh,municipality,1270801,80.995550,16.435470
263068,Gudur,Andhra Pradesh,municipality,1270791,79.852100,14.150930
248113,Guntakal,Andhra Pradesh,municipality,1270670,77.362440,15.171120
251757,Guntur,Andhra Pradesh,municipal_corporation,1270668,80.457290,16.299740
248118,Hindupur,Andhra Pradesh,municipality,1270079,77.491430,13.828070
251696,Ichapuram,Andhra Pradesh,municipality,1269827,84.687210,19.113930
277319,Jaggiahpet,Andhra Pradesh,municipality,13156777,80.095510,16.891550
257906,Jangareddygudem,Andhra Pradesh,municipality,,81.295963,17.123821
248116,Kadiri,Andhra Pradesh,municipality,1268673,78.159820,14.111680
251731,Kakinada,Andhra Pradesh,municipal_corporation,1268561,82.238090,16.960360
251799,Kalyandurg,Andhra Pradesh,municipality,7302838,77.105520,14.545190
251768,Kandukur,Andhra Pradesh,municipality,,79.907100,15.213000
253295,Kanigiri,Andhra Pradesh,municipality,1268059,79.506940,15.405550
251770,Kavali,Andhra Pradesh,municipality,1267394,79.994490,14.916300
296264,Kondapalli,Andhra Pradesh,municipality,1266209,80.542440,16.619890
251736,Kovvur,Andhra Pradesh,municipality,1265886,81.729340,17.016200
296257,Kuppam,Andhra Pradesh,municipality,1265555,78.341890,12.749310
251789,Kurnool,Andhra Pradesh,municipal_corporation,1265491,78.036020,15.828870
251751,Macherla,Andhra Pradesh,municipality,1264647,79.435330,16.476350
251750,Machilipatnam Municipal Corporation,Andhra Pradesh,municipal_corporation,1264637,81.138880,16.187470
248119,Madanapalli,Andhra Pradesh,municipality,1264621,78.502880,13.550300
251732,Mandapeta,Andhra Pradesh,municipality,1263898,81.929210,16.862540
251752,Mangalagiri Tadepalli,Andhra Pradesh,municipal_corporation,,80.600017,16.445758
251762,Markapur,Andhra Pradesh,municipality,1263504,79.268480,15.735340
253297,Mydukur,Andhra Pradesh,municipality,12519259,78.731540,14.726200
248125,Nagari,Andhra Pradesh,municipality,11419949,79.011420,13.563100
257831,Naidupeta,Andhra Pradesh,municipality,,79.463425,13.628953
254922,Nandigama,Andhra Pradesh,municipality,10778160,80.655110,16.724320
253273,Nandikotkur,Andhra Pradesh,municipality,1261957,78.265690,15.856680
251795,Nandyal,Andhra Pradesh,municipality,1261927,78.483600,15.477990
251742,Narasapur,Andhra Pradesh,municipality,1261852,81.698450,16.434250
251755,Narasaraopeta,Andhra Pradesh,municipality,1261848,80.049270,16.234880
251716,Narsipatnam,Andhra Pradesh,municipality,1261748,82.612450,17.667090
251772,Nellore Municipal Corporation,Andhra Pradesh,municipal_corporation,1261529,79.986970,14.449920
251737,Nidadavole,Andhra Pradesh,municipality,1261446,81.672220,16.905720
251745,Nuzvid,Andhra Pradesh,municipality,1261110,80.845930,16.788540
251766,Ongole,Andhra Pradesh,municipal_corporation,1261045,80.044540,15.503570
251743,Palacole,Andhra Pradesh,municipality,1260792,81.730000,16.516700
248123,Palamaner,Andhra Pradesh,municipality,1260674,78.747250,13.200000
251695,Palasa Kasibugga,Andhra Pradesh,municipality,1267573,84.416130,18.759270
251701,Parvathipuram,Andhra Pradesh,municipality,11406589,79.632920,15.600460
251749,Pedana,Andhra Pradesh,municipality,1259986,81.143780,16.255820
251724,Peddapuram,Andhra Pradesh,municipality,1259954,82.138360,17.077010
253167,Piduguralla,Andhra Pradesh,municipality,1259704,79.886320,16.479260
251728,Pithapuram,Andhra Pradesh,municipality,1259508,82.252840,17.116800
251759,Ponnuru,Andhra Pradesh,municipality,1259408,80.552030,16.065470
251778,Proddatur,Andhra Pradesh,municipality,1259312,78.548130,14.750200
253101,Pulivendula,Andhra Pradesh,municipality,1259264,78.225020,14.421390
248120,Punganur,Andhra Pradesh,municipality,1259228,78.571860,13.366720
253254,Puttaparthi,Andhra Pradesh,municipality,6621344,77.811700,14.165200
248126,Puttur,Andhra Pradesh,municipality,1259123,79.553140,13.441890
251725,Rajahmundry,Andhra Pradesh,municipal_corporation,1258932,81.777840,17.005170
251698,Rajam,Andhra Pradesh,municipality,1258270,83.659570,18.449090
253102,Rajampet,Andhra Pradesh,municipality,1258922,79.158960,14.195440
251733,Ramachandrapuram,Andhra Pradesh,municipality,1258756,82.028710,16.836360
251786,Rayachoti,Andhra Pradesh,municipality,1258291,78.750560,14.057230
248117,Rayadurg,Andhra Pradesh,municipality,1258290,76.852410,14.699710
251761,Repalle,Andhra Pradesh,municipality,1258201,80.829580,16.018400
251703,Salur,Andhra Pradesh,municipality,1257587,83.205480,18.517160
251727,Samalkot,Andhra Pradesh,municipality,1257565,82.176390,17.056750
251753,Sattenapalle,Andhra Pradesh,municipality,1257001,80.152210,16.393810
251700,Srikakulam,Andhra Pradesh,municipal_corporation,1255647,83.897510,18.298900
248124,Srikalahasti,Andhra Pradesh,municipality,9408449,79.701430,13.755140
253227,Sullurupeta,Andhra Pradesh,municipality,1255483,80.016670,13.700000
251738,Tadepalligudem,Andhra Pradesh,municipality,1255264,81.527170,16.814670
248114,Tadipatri,Andhra Pradesh,municipality,1255254,78.010310,14.908320
251740,Tanuku,Andhra Pradesh,municipality,1254953,81.681430,16.754380
251758,Tenali,Andhra Pradesh,municipality,1254757,80.639820,16.242530
248121,Tirupati,Andhra Pradesh,municipal_corporation,1254360,79.419890,13.635510
251722,Tuni,Andhra Pradesh,municipality,1254054,82.546070,17.359050
251774,Venkatagiri,Andhra Pradesh,municipality,1253251,79.580320,13.960050
251746,Vijayawada Municipal Corporation,Andhra Pradesh,municipal_corporation,1253184,80.646600,16.507450
251754,Vinukonda,Andhra Pradesh,municipality,1253150,79.739640,16.053100
251719,Visakhapatnam,Andhra Pradesh,municipal_corporation,1258393,83.316220,17.733080
251709,Vizianagaram Municipal Corporation,Andhra Pradesh,municipal_corporation,1253084,83.411480,18.116920
258054,Yelamanchili,Andhra Pradesh,municipality,1272084,82.857490,17.549070
251787,Yemmiganur,Andhra Pradesh,municipality,1272045,77.483450,15.772030
299612,Ysr Tadigadapa,Andhra Pradesh,municipality,,80.691900,16.497622
276621,Itanagar,Arunachal Pradesh,municipal_corporation,1269655,93.609870,27.086940
276622,Pasighat,Arunachal Pradesh,municipality,1260206,95.326780,28.066310
249906,Amguri,Assam,municipality,1278796,94.526140,26.814820
249843,Barpeta,Assam,municipality,1276867,91.006320,26.322930
249841,Barpeta Road,Assam,municipality,7302849,90.969370,26.502840
249881,Bihpuria,Assam,municipality,8985727,93.915020,27.016930
249879,Biswanath Chariali,Assam,municipality,8541454,93.146590,26.725770
277144,Bokakhat,Assam,municipality,1275363,93.600520,26.640180
249836,Bongaigaon,Assam,municipality,1275321,90.558150,26.477030
249918,Dergaon,Assam,municipality,1273166,93.966670,26.700000
249875,Dhekiajuli,Assam,municipality,1272790,92.478080,26.703670
277145,Dhing,Assam,municipality,1272768,92.473360,26.467930
249827,Dhubri,Assam,municipality,1272694,89.985640,26.018560
249896,Dibrugarh,Assam,municipality,1272648,94.908370,27.479890
249834,Goalpara,Assam,municipality,1271151,90.626340,26.176680
249919,Golaghat,Assam,municipality,1271050,93.959510,26.511670
249854,Guwahati,Assam,municipal_corporation,1271476,91.745800,26.184400
249944,Hailakandi,Assam,municipality,1270530,92.560970,24.683940
249870,Hojai,Assam,municipality,1269993,92.856050,26.002810
296973,Jamugurihat Mb,Assam,municipality,,92.930826,26.723037
249912,Jorhat,Assam,municipality,1268820,94.203060,26.757510
249940,Karimganj,Assam,municipality,1267758,92.355430,24.869190
300487,Kokrajhar Mb,Assam,municipality,1266330,90.272860,26.401070
249939,Lakhipur Municipality,Assam,municipality,1265240,93.009100,24.792810
249872,Lumding,Assam,municipality,7302859,93.169980,25.749030
249860,Mangaldoi,Assam,municipality,,92.039009,26.393927
249864,Marigaon,Assam,municipality,7302854,92.347640,26.249080
249902,Moran Town,Assam,municipality,13156876,94.914690,27.187380
249866,Nagaon,Assam,municipality,1261163,92.666670,26.350000
249858,Nalbari,Assam,municipality,1262078,91.440410,26.439370
249907,Nazira,Assam,municipality,1261563,94.736110,26.916490
249882,North Lakhimpur,Assam,municipality,1261181,94.103570,27.235170
249851,Palasbari,Assam,municipality,1260769,91.539740,26.123880
302545,Patharkandi,Assam,municipality,1260128,92.321370,24.608510
289553,Ramkrishnanagar,Assam,municipality,,92.461800,24.566400
277143,Rangia,Assam,municipality,1258492,91.613560,26.449310
249905,Sibsagar,Assam,municipality,1256388,94.637840,26.984270
249933,Silchar,Assam,municipality,1256287,92.797870,24.827330
296992,Sipajhar Mb,Assam,municipality,,91.896520,26.397400
289552,Sonai,Assam,municipality,12523295,92.889690,24.732200
249908,Sonari,Assam,municipality,11875616,95.027530,27.073440
249877,Tezpur,Assam,municipality,1254710,92.800000,26.633330
249888,Tinsukia,Assam,municipality,1254432,95.359920,27.489050
249587,Araria,Bihar,municipality,1278446,87.513230,26.149340
249659,Arrah,Bihar,municipal_corporation,1278483,84.663350,25.556290
253281,Arwal,Bihar,municipality,1278334,84.665710,25.242810
290025,Aurangabad,Bihar,municipality,1278148,84.374200,24.752040
249562,Bagaha,Bihar,municipality,1277939,84.090030,27.099180
249573,Bairgania,Bihar,municipality,1277748,85.273230,26.740630
277129,Bakhri,Bihar,municipality,1277688,86.260740,25.598890
277098,Bakhtiyarpur,Bihar,municipality,1277684,85.531790,25.461790
277136,Balia,Bihar,municipality,1277552,86.314450,25.421390
249633,Banka,Bihar,municipality,1277289,86.922570,24.880910
299234,Banmankhi,Bihar,municipality,1277263,87.194210,25.888570
249638,Barahiya,Bihar,municipality,10833681,84.840890,25.110350
277131,Barauli,Bihar,municipality,1277053,84.586480,26.381090
300544,Barauni,Bihar,municipality,11184261,85.976000,25.470900
277103,Barbigha,Bihar,municipality,9036524,85.733300,25.216700
249656,Barh,Bihar,municipality,1276977,85.709280,25.483390
249624,Begusarai,Bihar,municipal_corporation,1276609,86.133890,25.418530
276642,Benipur,Bihar,municipality,10400284,86.145570,26.055090
249564,Bettiah,Bihar,municipal_corporation,1276393,84.503110,26.802290
249666,Bhabua,Bihar,municipality,1276371,83.607490,25.040490
249630,Bhagalpur,Bihar,municipal_corporation,1276300,86.971830,25.244460
249642,Biharsharif,Bihar,municipal_corporation,1275716,85.523890,25.200840
276643,Bihat,Bihar,municipality,10894229,86.020830,25.425340
299176,Bihta,Bihar,municipality,11028702,85.461720,25.467270
249668,Bikramganj,Bihar,municipality,1275655,84.255080,25.210730
249683,Bodh Gaya,Bihar,municipality,1275389,84.986900,24.698080
249665,Buxar,Bihar,municipality,1275019,83.980430,25.575480
249571,Chakia,Bihar,municipality,1274899,85.046650,26.415980
249612,Chapra,Bihar,municipal_corporation,1274353,84.747090,25.780310
249621,Dalsinghsarai,Bihar,municipality,1273628,85.836360,25.667950
249648,Danapur,Bihar,municipality,1273581,85.047940,25.637050
249600,Darbhanga,Bihar,municipal_corporation,1273491,85.897070,26.152160
249674,Daudnagar,Bihar,municipality,1273390,84.400950,25.034730
249671,Dehri Dalmianagar,Bihar,municipality,,84.177198,24.905711
249567,Dhaka,Bihar,municipality,1273043,85.166980,26.674790
249664,Dumraon,Bihar,municipality,1272225,84.151490,25.552650
249653,Fatuha,Bihar,municipality,10827567,84.967400,26.771790
249586,Forbesganj,Bihar,municipality,1271874,87.265560,26.302530
249680,Gaya,Bihar,municipal_corporation,1271439,85.003850,24.796860
249626,Gogri Jamalpur,Bihar,municipality,1269373,86.659250,25.411170
249606,Gopalganj,Bihar,municipality,1270965,84.440410,26.467340
249617,Hajipur,Bihar,municipality,1270525,85.209810,25.685440
299171,Haweli Kharagpur,Bihar,municipality,1266975,86.555780,25.124460
249643,Hilsa,Bihar,municipality,1270102,85.282340,25.316420
249686,Hisua,Bihar,municipality,1270021,85.417290,24.833600
249644,Islampur,Bihar,municipality,1269666,85.205870,25.140750
301286,Jale,Bihar,municipality,1269418,85.728040,26.385930
249635,Jamalpur,Bihar,municipality,1269374,86.488880,25.312580
249687,Jamui,Bihar,municipality,1269291,86.225310,24.926060
249577,Janakpur Road,Bihar,municipality,1259210,85.703110,26.470790
249672,Jehanabad,Bihar,municipality,1269557,84.987100,25.213680
249688,Jhajha,Bihar,municipality,1269046,86.378880,24.771070
249580,Jhanjharpur,Bihar,municipality,13429654,86.271020,26.229450
249585,Jogabani,Bihar,municipality,1268855,87.265250,26.399050
249602,Kanti,Bihar,municipality,1267976,85.297490,26.214210
299233,Kasba,Bihar,municipality,1259108,87.538360,25.856430
249595,Katihar,Bihar,municipal_corporation,13430383,87.487500,25.626620
249625,Khagaria,Bihar,municipality,1267189,86.467080,25.502200
249649,Khagaul,Bihar,municipality,1267187,85.045640,25.578980
249590,Kishanganj,Bihar,municipality,1266489,87.955340,26.102240
249639,Lakhisarai,Bihar,municipality,1264735,86.094700,25.176500
249616,Lalganj,Bihar,municipality,1265170,85.173940,25.868940
249597,Madhepura,Bihar,municipality,1264570,86.792710,25.921270
249579,Madhubani,Bihar,municipal_corporation,13430253,85.958570,26.596450
249618,Mahnar,Bihar,municipality,,85.509146,25.622008
277125,Mahua,Bihar,municipality,10400297,85.398610,25.812500
249647,Maner,Bihar,municipality,1263807,84.872910,25.646020
249652,Masaurhi,Bihar,municipality,10832843,84.821840,25.314390
249605,Mirganj,Bihar,municipality,8439149,84.334890,26.373450
249657,Mokama,Bihar,municipality,1262852,85.921900,25.396620
249568,Motihari,Bihar,municipal_corporation,1262710,84.916560,26.648620
249601,Motipur,Bihar,municipality,12519055,85.160760,26.252670
249634,Munger,Bihar,municipal_corporation,1262482,86.474550,25.374590
249603,Muzaffarpur,Bihar,municipal_corporation,1262330,85.390550,26.122590
249561,Narkatiaganj,Bihar,municipality,1261784,84.461850,27.103830
249627,Naugachhia,Bihar,municipality,1261696,87.099060,25.388070
249684,Nawada,Bihar,municipality,13429623,85.428980,24.689080
249669,Nokha,Bihar,municipality,10836504,84.116200,25.104790
249650,Patna,Bihar,municipal_corporation,1260086,85.135630,25.594080
249651,Phulwari Sharif,Bihar,municipality,13156931,85.072460,25.577650
249663,Piro,Bihar,municipality,1259530,84.404540,25.332180
249592,Purnea,Bihar,municipal_corporation,9072875,87.470000,25.780000
299316,Rajgir,Bihar,municipality,1258864,85.420790,25.028280
249565,Raxaul,Bihar,municipality,1258294,84.850650,26.979820
249622,Rosera,Bihar,municipality,10400291,86.031550,25.754940
249599,Saharsa,Bihar,municipal_corporation,1257804,86.596110,25.874980
253219,Sahebganj,Bihar,municipality,1257793,84.926950,26.308310
249619,Samastipur,Bihar,municipal_corporation,1257551,85.779530,25.862220
299178,Sampatchak,Bihar,municipality,11011769,85.179730,25.539520
249670,Sasaram,Bihar,municipal_corporation,1257086,84.016450,24.949420
299229,Shahpur Patori,Bihar,municipality,1256703,85.582220,25.637270
249641,Sheikhpura,Bihar,municipality,1256698,85.840960,25.139940
299145,Sheohar,Bihar,municipality,1256597,85.293410,26.513930
249682,Sherghati,Bihar,municipality,1256572,84.791620,24.559500
299164,Simri Bakhtiarpur,Bihar,municipality,1256225,86.593750,25.721610
249575,Sitamarhi,Bihar,municipal_corporation,1255983,85.490600,26.593570
249608,Siwan,Bihar,municipality,1255927,84.356090,26.220960
249615,Sonepur,Bihar,municipality,10400293,85.166690,25.696080
249629,Sultanganj,Bihar,municipality,8439888,86.735590,25.238310
249584,Supaul,Bihar,municipality,1255396,86.595090,26.115270
299148,Suryagadha,Bihar,municipality,1255382,86.225700,25.252850
299448,Tajpur,Bihar,municipality,1255227,85.674710,25.854820
277130,Teghara,Bihar,municipality,1254813,85.940010,25.490430
249679,Tekari,Bihar,municipality,1254797,84.842650,24.942530
299128,Tribeniganj,Bihar,municipality,1254190,86.885830,26.127260
299226,Udakishunganj,Bihar,municipality,8593728,86.940990,25.676810
249685,Warisaliganj,Bihar,municipality,1252930,85.640470,25.017200
276386,Chandigarh,Chandigarh,municipal_corporation,1274746,76.788400,30.736290
253177,Abhanpur,Chhattisgarh,municipality,1279409,81.740880,21.053090
250635,Ahiwara,Chhattisgarh,municipality,10447536,81.417940,21.357990
250603,Akaltara,Chhattisgarh,municipality,1279144,82.426410,22.024630
250588,Ambikapur,Chhattisgarh,municipal_corporation,1278827,83.195370,23.118920
299657,Amleshwar,Chhattisgarh,municipality,10448167,81.578760,21.205790
250650,Arang,Chhattisgarh,municipality,1278458,81.969120,21.196390
250670,Bade Bacheli,Chhattisgarh,municipality,10781410,81.268610,18.684350
250662,Bagbahara,Chhattisgarh,municipality,1277918,82.386400,21.046060
250579,Baikunthpur,Chhattisgarh,municipality,1277769,82.560510,23.262060
250642,Balod,Chhattisgarh,municipality,1277535,81.205780,20.730810
250648,Baloda Bazar,Chhattisgarh,municipality,1277530,82.160620,21.656780
253119,Balrampur,Chhattisgarh,municipality,11875614,83.611150,23.612190
301510,Banki Mongra,Chhattisgarh,municipality,,82.602416,22.405911
250632,Bemetara,Chhattisgarh,municipality,1276478,81.534230,21.715560
250651,Bhatapara,Chhattisgarh,municipality,10728785,81.828470,21.664180
250639,Bhilai,Chhattisgarh,municipal_corporation,1275971,81.428500,21.209190
250638,Bhilai Charoda,Chhattisgarh,municipal_corporation,13156961,81.456090,21.223050
253244,Bijapur,Chhattisgarh,municipality,1275700,80.815990,18.793870
250616,Bilaspur,Chhattisgarh,municipal_corporation,1275637,82.155430,22.080050
253179,Birgaon,Chhattisgarh,municipal_corporation,10448053,81.627930,21.307580
250621,Bodri,Chhattisgarh,municipality,10704815,82.113570,22.023460
250605,Champa,Chhattisgarh,municipality,1274837,82.642340,22.035320
250578,Chirimiri,Chhattisgarh,municipal_corporation,12495083,82.353140,23.190730
250643,Dalli Rajhara,Chhattisgarh,municipality,1333526,81.075010,20.585730
250669,Dantewada,Chhattisgarh,municipality,,81.383395,18.864065
248062,Dhamtari,Chhattisgarh,municipal_corporation,1272997,81.548740,20.707180
250599,Dipka,Chhattisgarh,municipality,1276003,82.609530,22.309300
250628,Dongargarh,Chhattisgarh,municipality,1272396,80.754590,21.188930
250640,Durg,Chhattisgarh,municipal_corporation,1272181,81.276190,21.191470
253182,Gariabandh,Chhattisgarh,municipality,1271534,82.062210,20.633230
250610,Gaurella,Chhattisgarh,municipality,8858043,81.907130,22.849410
250649,Gobra Nawapara,Chhattisgarh,municipality,1261604,81.858840,20.971730
250665,Jagdalpur,Chhattisgarh,municipal_corporation,1269578,82.021310,19.081360
250636,Jamul,Chhattisgarh,municipality,1269289,81.400000,21.250000
250590,Jashpur Nagar,Chhattisgarh,municipality,1269177,84.138640,22.887830
250663,Kanker,Chhattisgarh,municipality,1268031,81.491770,20.271930
250597,Katghora,Chhattisgarh,municipality,1267517,82.542790,22.502470
250623,Kawardha,Chhattisgarh,municipality,1267369,81.231480,22.008530
262094,Khairagarh Municipality,Chhattisgarh,municipality,1267174,80.979420,21.418590
250595,Kharsia,Chhattisgarh,municipality,1266872,83.104760,21.989530
250671,Kirandul,Chhattisgarh,municipality,8581647,81.258270,18.636490
250664,Kondagaon,Chhattisgarh,municipality,1266216,81.664000,19.590830
250598,Korba,Chhattisgarh,municipal_corporation,1266122,82.696330,22.345800
250637,Kumhari,Chhattisgarh,municipality,10447484,81.355930,21.417350
248061,Kurud,Chhattisgarh,municipality,1265472,81.722120,20.830730
250611,Lormi,Chhattisgarh,municipality,1264757,81.701810,22.274340
250661,Mahasamund,Chhattisgarh,municipality,1264414,82.094800,21.107430
300355,Mandir Hasod,Chhattisgarh,municipality,13156956,81.767640,21.223690
250580,Manendragarh,Chhattisgarh,municipality,11185818,82.202320,23.213370
250614,Mungeli,Chhattisgarh,municipality,1262484,81.685430,22.065660
250602,Naila Janjgir,Chhattisgarh,municipality,10707024,82.566600,22.020740
248064,Narayanpur,Chhattisgarh,municipality,1261870,81.244370,19.717940
250624,Pandariya,Chhattisgarh,municipality,1260556,81.409940,22.224950
250591,Pathalgaon,Chhattisgarh,municipality,1260141,83.463550,22.556560
250609,Pendra,Chhattisgarh,municipality,1259924,81.959680,22.775480
250594,Raigarh,Chhattisgarh,municipal_corporation,1259005,83.396600,21.897640
250653,Raipur,Chhattisgarh,municipal_corporation,1258980,81.633330,21.233330
250629,Rajnandgaon,Chhattisgarh,municipal_corporation,1258831,81.028900,21.096870
250583,Ramanujganj,Chhattisgarh,municipality,1258731,83.699810,23.806370
250612,Ratanpur,Chhattisgarh,municipality,1258362,82.168230,22.286600
296874,Risali,Chhattisgarh,municipal_corporation,10447651,81.336630,21.161090
250606,Sakti,Chhattisgarh,municipality,1257673,82.960910,22.026620
250659,Saraipali,Chhattisgarh,municipality,13428788,82.769640,21.406290
250596,Sarangarh,Chhattisgarh,municipality,1257242,83.078500,21.586140
259685,Shivpur Charcha,Chhattisgarh,municipality,13156959,82.528090,23.328880
250644,Simga,Chhattisgarh,municipality,1256245,81.703760,21.628100
253216,Sukma,Chhattisgarh,municipality,11876655,81.626210,18.327410
250585,Surajpur,Chhattisgarh,municipality,1255381,82.868360,23.213470
250615,Takhatpur,Chhattisgarh,municipality,1255212,81.869590,22.129150
250657,Tilda Newra,Chhattisgarh,municipality,13156960,81.801870,21.553240
MCD,Delhi,Delhi,municipal_corporation,1273294,77.231490,28.651950
276447,New Delhi Municipal Council,Delhi,municipal_council,1261481,77.214800,28.621370
252075,Bicholim,Goa,municipality,1272646,73.945710,15.593190
252100,Canacona,Goa,municipality,1268022,74.046170,15.026980
252071,City Corporation Panaji,Goa,municipal_corporation,,73.827245,15.498026
252095,Cuncolim,Goa,municipality,1273793,73.993920,15.177300
252096,Curchorem Cacora,Goa,municipality,,74.108276,15.261738
252061,Mapusa,Goa,municipality,1263580,73.808980,15.591540
252087,Margao,Goa,municipality,1264588,73.957860,15.275010
252084,Mormugao,Goa,municipality,1263494,73.814910,15.389140
252057,Pernem,Goa,municipality,1259869,73.795110,15.723000
252082,Ponda,Goa,municipality,1259429,74.015190,15.403410
252097,Quepem,Goa,municipality,1259098,74.077200,15.212800
252099,Sanguem,Goa,municipality,1257399,74.151490,15.229010
252077,Sankhali,Goa,municipality,1257347,74.007990,15.564220
252079,Valpoi,Goa,municipality,1253471,74.136710,15.532390
251096,Ahmadabad,Gujarat,municipal_corporation,1279233,72.587270,23.025790
253223,Amod,Gujarat,municipality,1278742,72.870470,21.993170
251157,Amreli,Gujarat,municipality,1278715,71.211690,21.599830
251174,Anand,Gujarat,municipal_corporation,1278685,72.955200,22.552510
251046,Anjar,Gujarat,municipality,1278573,70.026710,23.113160
251182,Anklav,Gujarat,municipality,11184132,73.000720,22.377380
251225,Anklesvar,Gujarat,municipality,1278553,72.990010,21.632360
253147,Babra,Gujarat,municipality,1278054,71.305440,21.845770
251158,Bagasara,Gujarat,municipality,1277924,70.955160,21.487190
251184,Balasinor,Gujarat,municipality,1253591,73.335050,22.956770
251143,Bantwa,Gujarat,municipality,1277202,70.075760,21.488150
251243,Bardoli,Gujarat,municipality,1277022,73.111510,21.122970
277165,Bareja,Gujarat,municipality,1277012,72.591370,22.848630
253241,Barwala,Gujarat,municipality,13157127,72.067550,22.219830
251109,Bavla,Gujarat,municipality,1277196,72.363640,22.828440
253127,Bayad,Gujarat,municipality,1276653,73.214910,23.223400
305191,Bechar-Becharaji,Gujarat,municipality,,72.041382,23.491036
253103,Bhabhar,Gujarat,municipality,1276375,71.597450,24.071650
251045,Bhachau,Gujarat,municipality,1276370,70.342790,23.298580
251136,Bhanvad,Gujarat,municipality,1276147,69.780810,21.930530
251222,Bharuch,Gujarat,municipality,1276100,72.980500,21.694820
251165,Bhavnagar,Gujarat,municipal_corporation,1276032,72.153310,21.762870
251123,Bhayavadar,Gujarat,municipality,1276013,70.247910,21.855230
251047,Bhuj,Gujarat,municipality,1275812,69.669280,23.253970
251251,Bilimora,Gujarat,municipality,1275610,72.961340,20.769570
305192,Bodeli,Gujarat,municipality,12519105,73.715770,22.273110
251172,Boriavi,Gujarat,municipality,11184276,72.932830,22.611240
251180,Borsad,Gujarat,municipality,1275230,72.898170,22.407880
251163,Botad,Gujarat,municipality,1275218,71.666710,22.169170
251188,Chaklasi,Gujarat,municipality,1274896,72.944970,22.653200
251159,Chalala,Gujarat,municipality,1274874,71.166210,21.410730
251062,Chanasma,Gujarat,municipality,1274807,72.112790,23.714720
251211,Chhota-Udepur,Gujarat,municipality,1274285,74.015800,22.304010
251151,Chorvad,Gujarat,municipality,1273970,70.233020,21.029470
253137,Chotila,Gujarat,municipality,1273960,71.196410,22.423470
251213,Dabhoi,Gujarat,municipality,13414468,73.424290,22.133960
251199,Dahod,Gujarat,municipality,1273687,74.259860,22.832830
251190,Dakor,Gujarat,municipality,1273665,73.149670,22.752680
251156,Damnagar,Gujarat,municipality,1273593,71.517470,21.692320
251057,Deesa,Gujarat,municipality,1272513,72.179280,24.256120
251088,Dehgam,Gujarat,municipality,1273704,72.821610,23.169030
251200,Devgadbaria,Gujarat,municipality,1273104,73.908820,22.705170
251110,Dhandhuka,Gujarat,municipality,1272970,71.986640,22.381850
251053,Dhanera,Gujarat,municipality,1272962,72.023430,24.509670
251261,Dharampur,Gujarat,municipality,1272881,73.173680,20.536930
302660,Dhari,Gujarat,municipality,1272861,71.026450,21.328550
251108,Dholka,Gujarat,municipality,1272733,72.441280,22.727320
251125,Dhoraji,Gujarat,municipality,1272720,70.450040,21.733590
251112,Dhrangadhra,Gujarat,municipality,1272701,71.467930,22.991670
251134,Dhrol,Gujarat,municipality,1272699,70.417690,22.567000
251129,Dwarka,Gujarat,municipality,1272140,68.967780,22.239440
251164,Gadhada,Gujarat,municipality,1271839,71.578280,21.969570
251249,Gandevi,Gujarat,municipality,1271722,72.998110,20.812140
251050,Gandhidham,Gujarat,municipal_corporation,1271717,70.133330,23.083330
276440,Gandhinagar,Gujarat,municipal_corporation,1271715,72.683330,23.216670
251167,Gariadhar,Gujarat,municipality,1271533,71.577370,21.538890
251193,Godhra,Gujarat,municipality,10801236,73.446710,23.008160
251122,Gondal,Gujarat,municipality,1270994,70.802550,21.960740
251196,Halol,Gujarat,municipality,1270474,73.472420,22.503210
251111,Halvad,Gujarat,municipality,1270466,71.180290,23.015160
251061,Harij,Gujarat,municipality,1270343,71.907000,23.693560
251074,Himatnagar,Gujarat,municipality,1270099,72.966020,23.598930
251072,Idar,Gujarat,municipality,1269818,73.000680,23.841450
251161,Jafrabad,Gujarat,municipality,1269612,71.366060,20.866110
251219,Jambusar,Gujarat,municipality,1269350,72.800740,22.052360
251137,Jamjodhpur,Gujarat,municipality,11185501,70.035700,21.902190
251133,Jamnagar,Gujarat,municipal_corporation,1269317,70.066730,22.472920
251121,Jasdan,Gujarat,municipality,1269179,71.207940,22.037090
251126,Jetpur Navagadh,Gujarat,municipality,1269065,70.623470,21.754820
251197,Jhalod,Gujarat,municipality,1269023,74.155360,23.100970
251147,Junagadh,Gujarat,municipal_corporation,1268773,70.459810,21.519660
251194,Kaalol,Gujarat,municipality,1268339,73.462720,22.607770
251070,Kadi,Gujarat,municipality,1268680,72.333620,23.299080
276024,Kadodara,Gujarat,municipality,9072777,72.962300,21.161600
251135,Kalavad,Gujarat,municipality,1268450,70.383430,22.207890
251081,Kalol,Gujarat,municipality,1268338,72.495080,23.246560
253226,Kanajari,Gujarat,municipality,11184277,72.921070,22.612430
251183,Kapadvanj,Gujarat,municipality,1267939,73.071130,23.023020
251215,Karjan,Gujarat,municipality,8477241,73.118140,22.046710
253225,Kathlal,Gujarat,municipality,1267495,72.992820,22.898200
251149,Keshod,Gujarat,municipality,1267227,70.248610,21.303280
251131,Khambhalia,Gujarat,municipality,1267091,69.650310,22.206850
251179,Khambhat,Gujarat,municipality,1267090,72.619160,22.317440
251186,Kheda,Gujarat,municipality,1266809,72.685330,22.752180
251071,Khedbrahma,Gujarat,municipality,1266806,73.046320,24.029900
251063,Kheralu,Gujarat,municipality,1266774,72.618690,23.885340
251153,Kodinar,Gujarat,municipality,1266397,70.702160,20.793930
251142,Kutiyana,Gujarat,municipality,1265415,69.984940,21.624100
251155,Lathi,Gujarat,municipality,1265022,71.388430,21.723100
251117,Limbdi,Gujarat,municipality,1264912,71.810760,22.565070
251192,Lunawada,Gujarat,municipality,1264700,73.610430,23.128410
251068,Mahesana,Gujarat,municipal_corporation,1264389,72.384720,23.598640
251189,Mahudha,Gujarat,municipality,1264344,72.940320,22.820820
251170,Mahuva,Gujarat,municipality,1264326,71.769040,21.090070
253135,Maliya Miyana,Gujarat,municipality,,70.754791,23.103460
251144,Manavadar,Gujarat,municipality,1263943,70.137750,21.498130
251048,Mandvi,Gujarat,municipality,1263826,73.304120,21.255260
277169,Mandvi Kachchh,Gujarat,municipality,,69.350810,22.831448
251150,Mangrol,Gujarat,municipality,1263752,70.114840,21.122680
251082,Mansa,Gujarat,municipality,1263623,72.657390,23.425640
251185,Mehmedabad,Gujarat,municipality,1264398,72.755510,22.823590
251077,Modasa,Gujarat,municipality,1262958,73.298570,23.462530
251118,Morbi,Gujarat,municipal_corporation,1262775,70.837700,22.817310
297099,Mundra-Baroi,Gujarat,municipality,1262497,69.721900,22.839180
251187,Nadiad,Gujarat,municipal_corporation,1262292,72.861570,22.693850
301161,Nakhatrana,Gujarat,municipality,11071413,69.266900,23.343060
251245,Navsari-Vijalpor,Gujarat,municipal_corporation,13157141,72.909450,20.922120
251173,Ode,Gujarat,municipality,1261084,73.117250,22.621040
251127,Okha,Gujarat,municipality,1261066,69.070020,22.467560
251214,Padra,Gujarat,municipality,1260911,73.084510,22.239800
251055,Palanpur,Gujarat,municipality,1260777,72.438270,24.171280
251168,Palitana,Gujarat,municipality,1260707,71.823090,21.525190
251262,Pardi,Gujarat,municipality,1260335,72.945690,20.508700
251060,Patan,Gujarat,municipality,1260173,72.129630,23.850700
253138,Patdi,Gujarat,municipality,11184587,71.791710,23.196020
251178,Petlad,Gujarat,municipality,1259841,72.799950,22.476810
251138,Porbandar,Gujarat,municipal_corporation,1259395,69.609290,21.642190
251075,Prantij,Gujarat,municipality,8541964,72.844790,23.436050
251058,Radhanpur,Gujarat,municipality,1259069,71.604700,23.832380
251120,Rajkot,Gujarat,municipal_corporation,1258847,70.793220,22.291610
251216,Rajpipla,Gujarat,municipality,1261945,73.502580,21.870110
251162,Rajula,Gujarat,municipality,1258795,71.443450,21.038540
251141,Ranavav,Gujarat,municipality,1258534,69.744850,21.687340
251044,Rapar,Gujarat,municipality,1258406,70.647180,23.572670
253143,Raval,Gujarat,municipality,13157131,69.481790,21.919080
251130,Salaya,Gujarat,municipality,1257638,69.603760,22.310380
251090,Sanand,Gujarat,municipality,1257486,72.381770,22.992270
251191,Santrampur,Gujarat,municipality,12501480,73.895260,23.190190
251160,Savarkundla,Gujarat,municipality,11184442,71.303500,21.337260
253247,Savli,Gujarat,municipality,1256955,73.223170,22.561880
248076,Shahera,Gujarat,municipality,,73.631143,22.950538
251059,Sidhpur,Gujarat,municipality,1256382,72.372120,23.917830
251166,Sihor,Gujarat,municipality,1256343,71.961790,21.711340
251132,Sikka,Gujarat,municipality,1256333,69.841580,22.432180
253230,Sojitra,Gujarat,municipality,1255858,72.719840,22.538840
251230,Songadh,Gujarat,municipality,1255762,73.563570,21.169660
251231,Surat,Gujarat,municipal_corporation,1255364,72.830230,21.195940
251114,Surendranagar,Gujarat,municipal_corporation,1255349,71.648560,22.727060
277171,Sutrapada,Gujarat,municipality,1255290,70.483180,20.843520
251169,Talaja,Gujarat,municipality,1255175,72.035240,21.352700
277170,Talala,Gujarat,municipality,12518919,70.529030,21.054730
251076,Talod,Gujarat,municipality,11184400,72.949990,23.351400
302662,Tankara,Gujarat,municipality,1254972,70.749450,22.656220
305197,Tarapur,Gujarat,municipality,12518921,72.658380,22.488400
276026,Tarsadi,Gujarat,municipality,13157137,72.952100,21.469960
251116,Thangadh,Gujarat,municipality,1254675,71.199420,22.574220
253164,Thara,Gujarat,municipality,1254640,71.819220,23.973450
251052,Tharad,Gujarat,municipality,,71.629268,24.389727
253224,Thasra,Gujarat,municipality,1254624,73.211740,22.798310
251269,Ummargam,Gujarat,municipality,1253869,72.750350,20.197180
251171,Umreth,Gujarat,municipality,1253805,73.115610,22.698810
251154,Una,Gujarat,municipality,1253783,71.037950,20.823180
251064,Unjha,Gujarat,municipality,1253750,72.391010,23.803660
251124,Upleta,Gujarat,municipality,1253736,70.282560,21.740150
253128,Vadali,Gujarat,municipality,1253599,73.037840,23.942320
251066,Vadnagar,Gujarat,municipality,1253577,72.638930,23.785930
251209,Vadodara,Gujarat,municipal_corporation,1253573,73.208120,22.299410
305196,Vaghodiya,Gujarat,municipality,1253559,73.400160,22.305050
253126,Vallabhipur,Gujarat,municipality,1253512,71.879350,21.888680
251254,Valsad,Gujarat,municipality,1253468,72.934280,20.610130
251145,Vanthali,Gujarat,municipality,1253422,70.331150,21.477400
251264,Vapi,Gujarat,municipal_corporation,7279741,72.904930,20.371750
251152,Veraval,Gujarat,municipality,1253237,70.367860,20.907700
251067,Vijapur,Gujarat,municipality,1253193,72.748480,23.562300
251089,Viramgam,Gujarat,municipality,1253143,72.050140,23.125640
251148,Visavadar,Gujarat,municipality,1253105,70.749660,21.339540
251065,Visnagar,Gujarat,municipality,1253095,72.552100,23.698550
251244,Vyara,Gujarat,municipality,1253074,73.393650,21.110790
251119,Wankaner,Gujarat,municipality,1252958,70.943790,22.611980
248491,Ambala,Haryana,municipal_corporation,1278860,76.797820,30.360990
248519,Assandh,Haryana,municipality,1278320,76.605520,29.521190
248565,Ateli,Haryana,municipality,1278223,76.259800,28.100800
272866,Barara,Haryana,municipality,10152760,77.040250,30.214650
248545,Barwala,Haryana,municipality,1276815,75.908090,29.367470
248571,Bawal,Haryana,municipality,1276666,76.583120,28.071840
248549,Bawani Khera,Haryana,municipality,1276660,76.031080,28.949190
248558,Beri,Haryana,municipality,1276437,76.577080,28.701460
262120,Bhuna,Haryana,municipality,1277790,75.706830,29.534120
248510,Cheeka,Haryana,municipality,1274252,76.343000,30.048910
248568,Dharuhera,Haryana,municipality,1272822,76.796910,28.205530
248543,Ellenabad,Haryana,municipality,1272061,74.661220,29.452820
248585,Faridabad,Haryana,municipal_corporation,1271951,77.313160,28.411240
248574,Farrukhnagar,Haryana,municipality,1271939,76.823910,28.447450
248582,Ferozepur Jhirka,Haryana,municipality,1271881,76.944960,27.788530
248528,Ganaur,Haryana,municipality,8629543,77.018320,29.130200
248520,Gharaunda,Haryana,municipality,1271363,76.971420,29.536920
248576,Gurugram,Haryana,municipal_corporation,1270642,77.026350,28.460100
248587,Hathin,Haryana,municipality,1270181,77.240490,28.042340
248546,Hisar,Haryana,municipal_corporation,1270022,75.722940,29.153940
248516,Indri,Haryana,municipality,1269731,77.059720,29.879990
289253,Ismailabad,Haryana,municipality,1269663,76.669030,30.117210
276399,Jakhal Mandi,Haryana,municipality,1269470,75.823920,29.796270
248534,Julana,Haryana,municipality,1268785,76.405160,29.123680
248556,Kalanaur,Haryana,municipality,1268476,76.395500,28.828230
248540,Kalanwali,Haryana,municipality,1268469,74.971700,29.835730
248512,Kalayat,Haryana,municipality,1268501,76.255610,29.676650
248563,Kanina,Haryana,municipality,1268398,76.310990,28.330930
248517,Karnal,Haryana,municipal_corporation,1267708,76.984480,29.691970
248530,Kharkhoda,Haryana,municipality,1266891,76.910690,28.878700
289251,Kundli,Haryana,municipality,10261479,77.135270,28.882600
248509,Ladwa,Haryana,municipality,1265323,77.045630,29.993500
248553,Loharu,Haryana,municipality,1264829,75.807790,28.429930
248564,Mahendragarh,Haryana,municipality,1264395,76.152530,28.269350
297117,Manesar,Haryana,municipal_corporation,9915464,76.940360,28.353110
248555,Meham,Haryana,municipality,,76.295356,28.967402
259688,Nangal Chaudhary,Haryana,municipality,,76.129303,27.893212
248490,Naraingarh,Haryana,municipality,1261828,77.128040,30.477980
248547,Narnaund,Haryana,municipality,1261771,76.142780,29.220470
248514,Nilokheri,Haryana,municipality,1261382,76.931910,29.836710
253296,Nissing,Haryana,municipality,1261279,76.754640,29.692290
248489,Panchkula,Haryana,municipal_corporation,6690108,76.850400,30.694610
248521,Panipat,Haryana,municipal_corporation,1260476,76.968250,29.387470
248507,Pehowa,Haryana,municipality,1259939,76.582490,29.978970
248583,Punahana,Haryana,municipality,1259244,77.204320,27.863710
248513,Pundri,Haryana,municipality,1259231,76.560340,29.760960
274458,Radaur,Haryana,municipality,1259075,77.151770,30.027060
262119,Rajound,Haryana,municipality,,76.484573,29.577983
248542,Rania,Haryana,municipality,1258477,74.836890,29.524540
248536,Ratia,Haryana,municipality,1258347,75.576880,29.690290
248557,Rohtak,Haryana,municipal_corporation,1258076,76.589170,28.894470
289254,Sadhaura,Haryana,municipality,1257879,77.221990,30.385410
248535,Safidon,Haryana,municipality,1257855,76.670420,29.405960
253298,Sampla,Haryana,municipality,1257508,76.771650,28.777180
248506,Shahbad,Haryana,municipality,1256752,76.870460,30.167760
299095,Siwan,Haryana,municipality,1255926,76.354620,29.886990
248552,Siwani,Haryana,municipality,1256773,75.614690,28.909090
248529,Sonipat,Haryana,municipal_corporation,1255744,77.019370,28.994780
248580,Taoru,Haryana,municipality,1254948,76.949840,28.211730
248515,Taraori,Haryana,municipality,1254413,76.928250,29.801470
248532,Uchana,Haryana,municipality,1254000,76.177980,29.467470
248544,Uklanamandi,Haryana,municipality,1253901,75.878230,29.511240
248500,Yamunanagar,Haryana,municipal_corporation,1252797,77.283710,30.127960
248242,Baddi,Himachal Pradesh,municipality,13428824,76.796140,30.927830
248239,Bilaspur,Himachal Pradesh,municipality,1275631,76.756630,31.330270
248046,Chamba,Himachal Pradesh,municipality,1274848,76.126470,32.555310
248044,Dalhousie,Himachal Pradesh,municipality,1273648,75.946630,32.552190
276626,Dehra,Himachal Pradesh,municipality,,76.110153,31.963413
248211,Dharamshala,Himachal Pradesh,municipal_corporation,1272832,76.320130,32.220060
248236,Ghumarwin,Himachal Pradesh,municipality,1271393,76.715090,31.441660
248229,Hamirpur,Himachal Pradesh,municipality,1270454,76.525060,31.684110
248216,Jawalamukhi,Himachal Pradesh,municipality,1269119,76.320130,31.874560
248222,Jogindarnagar,Himachal Pradesh,municipality,1268849,76.789060,31.987270
248213,Kangra,Himachal Pradesh,municipality,1276028,76.277400,32.108820
248219,Kullu,Himachal Pradesh,municipality,1265709,77.108230,31.958350
248218,Manali,Himachal Pradesh,municipality,1263967,77.174810,32.257400
248225,Mandi,Himachal Pradesh,municipal_corporation,1263862,76.932730,31.711940
248234,Mehatpur Basdehra,Himachal Pradesh,municipality,13353347,76.342310,31.407120
248214,Nagrota Bagwan,Himachal Pradesh,municipality,1266855,76.376570,32.107210
248043,Nahan,Himachal Pradesh,municipality,1262151,77.294260,30.560290
248238,Naina Devi,Himachal Pradesh,municipality,8740296,76.536390,31.306030
248241,Nalagarh,Himachal Pradesh,municipality,1262083,76.722850,31.041680
274794,Nerchowk,Himachal Pradesh,municipality,,76.913359,31.607808
248210,Nurpur,Himachal Pradesh,municipality,1261121,75.884810,32.301500
248217,Palampur,Himachal Pradesh,municipal_corporation,1260784,76.556810,32.114530
248045,Paonta Sahib,Himachal Pradesh,municipality,1260421,77.624620,30.436660
248243,Parwanoo,Himachal Pradesh,municipality,7279750,76.961430,30.837160
248245,Rampur,Himachal Pradesh,municipality,10735824,77.114030,31.077960
248253,Rohru,Himachal Pradesh,municipality,1258078,77.754840,31.202690
248235,Santokhgarh,Himachal Pradesh,municipality,1257326,76.317750,31.352050
248223,Sarkaghat,Himachal Pradesh,municipality,1257156,76.735290,31.698870
248248,Shimla,Himachal Pradesh,municipal_corporation,1256237,77.166620,31.104420
248244,Solan,Himachal Pradesh,municipal_corporation,1255850,77.108690,30.909080
248224,Sundernagar,Himachal Pradesh,municipality,1255434,76.905000,31.535230
248249,Theog,Himachal Pradesh,municipality,1254608,77.358380,31.121550
248227,Tira Sujanpur,Himachal Pradesh,municipality,1254415,76.505390,31.833640
248233,Una,Himachal Pradesh,municipality,1253784,76.250000,31.583330
248194,Jammu Municipal Corporation,Jammu And Kashmir,municipal_corporation,1269321,74.861670,32.735280
248172,Municipal Committee Achabal,Jammu And Kashmir,municipality,1279383,75.218350,33.684090
248192,Municipal Committee Akhnoor,Jammu And Kashmir,municipality,,74.734740,32.901945
248198,Municipal Committee Arnia,Jammu And Kashmir,municipality,1278373,74.798450,32.520950
296990,Municipal Committee Ashmuqam,Jammu And Kashmir,municipality,1279192,75.283690,33.865030
248165,Municipal Committee Awantipora,Jammu And Kashmir,municipality,1278103,75.015150,33.919780
248036,Municipal Committee Banihal,Jammu And Kashmir,municipality,1277297,75.196840,33.436470
248199,Municipal Committee Bari Brahmana,Jammu And Kashmir,municipality,1439850,74.910990,32.643980
276585,Municipal Committee Basohli,Jammu And Kashmir,municipality,13353355,75.815600,32.499720
248039,Municipal Committee Batote,Jammu And Kashmir,municipality,1276697,75.308890,33.118260
248158,Municipal Committee Beerwah,Jammu And Kashmir,municipality,12519445,74.595630,34.012380
248040,Municipal Committee Bhaderwah,Jammu And Kashmir,municipality,1276358,75.717230,32.979410
248169,Municipal Committee Bijbehara,Jammu And Kashmir,municipality,1275692,75.107000,33.793780
248204,Municipal Committee Billawar,Jammu And Kashmir,municipality,1275628,75.604940,32.613840
248197,Municipal Committee Bishnah,Jammu And Kashmir,municipality,1275466,74.855570,32.610600
253136,Municipal Committee Chadoora,Jammu And Kashmir,municipality,12519444,74.797140,33.945390
276588,Municipal Committee Chenani,Jammu And Kashmir,municipality,1274164,75.283580,33.035970
248161,Municipal Committee Chrari Sharief,Jammu And Kashmir,municipality,1254142,74.765240,33.863190
296987,Municipal Committee Devsar,Jammu And Kashmir,municipality,10657255,75.071860,33.634010
248176,Municipal Committee Dooru Verinag,Jammu And Kashmir,municipality,12519446,75.232220,33.559400
296989,Municipal Committee Frisal,Jammu And Kashmir,municipality,10655762,75.042110,33.755810
248195,Municipal Committee Ghou-Manhasan,Jammu And Kashmir,municipality,13353350,74.734960,32.721810
248154,Municipal Committee Gulmarg Tangmarg,Jammu And Kashmir,municipality,,74.411557,34.051245
248147,Municipal Committee Hajin,Jammu And Kashmir,municipality,,74.617867,34.295835
248035,Municipal Committee Handwara,Jammu And Kashmir,municipality,1270439,74.281380,34.396770
276594,Municipal Committee Hiranagar,Jammu And Kashmir,municipality,1270056,75.271870,32.454930
248191,Municipal Committee Jourian,Jammu And Kashmir,municipality,,74.577996,32.833145
296984,Municipal Committee Kalakote,Jammu And Kashmir,municipality,12519437,74.418160,33.215560
276591,Municipal Committee Katra,Jammu And Kashmir,municipality,1267448,74.931950,32.991670
248160,Municipal Committee Khansahib,Jammu And Kashmir,municipality,10594874,74.656690,33.932840
248193,Municipal Committee Khour,Jammu And Kashmir,municipality,1266829,74.809180,32.602700
248163,Municipal Committee Khrew,Jammu And Kashmir,municipality,1266646,74.999140,34.018860
248173,Municipal Committee Kokernag,Jammu And Kashmir,municipality,11185623,75.318100,33.578470
248153,Municipal Committee Kunzer,Jammu And Kashmir,municipality,1430861,74.499950,34.095190
276584,Municipal Committee Lakhanpur,Jammu And Kashmir,municipality,10684827,75.597490,32.385190
248139,Municipal Committee Langate,Jammu And Kashmir,municipality,,74.306309,34.374845
248157,Municipal Committee Magam,Jammu And Kashmir,municipality,,74.591624,34.093293
248170,Municipal Committee Mattan,Jammu And Kashmir,municipality,13353367,75.208980,33.763020
276593,Municipal Committee Nowshera,Jammu And Kashmir,municipality,1261675,74.240120,33.157120
248168,Municipal Committee Pahalgam,Jammu And Kashmir,municipality,1260880,75.318990,34.015920
248162,Municipal Committee Pampore,Jammu And Kashmir,municipality,1260618,74.918950,34.015150
276586,Municipal Committee Parole,Jammu And Kashmir,municipality,1260275,75.434410,32.345980
248150,Municipal Committee Pattan,Jammu And Kashmir,municipality,1260050,74.556340,34.161250
248175,Municipal Committee Qazigund,Jammu And Kashmir,municipality,1259102,75.142610,33.638280
248196,Municipal Committee R S Pura,Jammu And Kashmir,municipality,,74.733856,32.606984
248203,Municipal Committee Ramgarh,Jammu And Kashmir,municipality,1258670,74.964490,32.508400
276589,Municipal Committee Ramnagar,Jammu And Kashmir,municipality,1258635,75.311190,32.807280
296991,Municipal Committee Seer Hamdan,Jammu And Kashmir,municipality,13353365,75.243050,33.788700
248148,Municipal Committee Sumbal,Jammu And Kashmir,municipality,1255478,74.647200,34.230720
248190,Municipal Committee Sunderbani,Jammu And Kashmir,municipality,13353360,74.488460,33.048410
253142,Municipal Committee Surankote,Jammu And Kashmir,municipality,10593072,74.274680,33.627080
248187,Municipal Committee Thanamandi,Jammu And Kashmir,municipality,1254647,74.381000,33.542040
254926,Municipal Committee Thathri,Jammu And Kashmir,municipality,11184383,75.517570,33.134960
248164,Municipal Committee Tral,Jammu And Kashmir,municipality,1254198,75.115850,33.927080
248152,Municipal Committee Uri,Jammu And Kashmir,municipality,1253694,74.032000,34.086000
248201,Municipal Committee Vijaypur,Jammu And Kashmir,municipality,12519438,75.018590,32.565320
296985,Municipal Committee Watergam,Jammu And Kashmir,municipality,,74.372894,34.318811
296988,Municipal Committee Yaripora,Jammu And Kashmir,municipality,10657182,75.018100,33.722490
248156,Srinagar Municipal Corporation,Jammu And Kashmir,municipal_corporation,1255634,74.805550,34.085650
253166,Adityapur,Jharkhand,municipal_corporation,1275984,86.140980,22.793210
253231,Bishrampur,Jharkhand,municipality,1275446,83.925020,24.252990
250430,Chaibasa,Jharkhand,municipality,1274928,85.802490,22.550380
250416,Chakradharpur,Jharkhand,municipality,1274890,85.628920,22.676110
248056,Chas,Jharkhand,municipal_corporation,1274553,86.167120,23.635560
248129,Chatra,Jharkhand,municipality,1274536,84.870850,24.206450
248055,Chirkunda,Jharkhand,municipality,11184827,86.788040,23.747710
248049,Deoghar,Jharkhand,municipal_corporation,1273241,86.699020,24.489830
250378,Dhanbad,Jharkhand,municipal_corporation,1272979,86.429920,23.797590
248054,Dumka,Jharkhand,municipality,1272237,87.248550,24.267780
248128,Garhwa,Jharkhand,municipality,1271493,83.807550,24.160020
250349,Giridih Municipal Corporation,Jharkhand,municipal_corporation,13439716,86.398050,24.214160
248051,Godda,Jharkhand,municipality,1271113,87.212500,24.827000
248057,Gumla,Jharkhand,municipality,1270722,84.544290,23.042680
300371,Hariharganj Municipal Corporation,Jharkhand,municipal_corporation,1270348,84.280530,24.547310
248130,Hazaribag,Jharkhand,municipal_corporation,1270164,85.361620,23.992410
248132,Jhumri Telaiya,Jharkhand,municipality,1268775,85.529510,24.434900
250435,Jugsalai,Jharkhand,municipality,1268799,86.183510,22.776680
276352,Kapali,Jharkhand,municipality,,86.190051,22.834869
248137,Lohardaga,Jharkhand,municipality,1264839,84.679920,23.433050
248050,Madhupur,Jharkhand,municipality,11729207,86.487680,24.153330
250433,Mango,Jharkhand,municipal_corporation,13353441,86.216390,22.827500
250324,Medininagar (Daltonganj) Municipal Corporation,Jharkhand,municipal_corporation,,84.111911,24.022653
248135,Mihijam,Jharkhand,municipality,,86.878810,23.852604
248133,Pakur,Jharkhand,municipality,1260824,87.842390,24.639250
248136,Phusro,Jharkhand,municipality,11127930,86.005100,23.756440
274814,Ramgarh Nagar Parishad,Jharkhand,municipality,1258686,85.521560,23.630300
250413,Ranchi,Jharkhand,municipal_corporation,1258526,85.309400,23.343160
248052,Sahibganj,Jharkhand,municipality,1257794,87.634810,25.244250
248138,Simdega,Jharkhand,municipality,1256246,84.502080,22.615230
252010,Arsikere,Karnataka,city_municipal_council,1278354,76.257040,13.314460
251839,Bagalkot,Karnataka,city_municipal_council,1277936,75.696140,16.186730
251827,Bail Hongal,Karnataka,city_municipal_council,1277765,74.858950,15.813700
251927,Ballari,Karnataka,municipal_corporation,1276509,76.923980,15.142050
299416,Bangarpete,Karnataka,city_municipal_council,1277320,78.178040,12.991160
251864,Basavakalyan,Karnataka,city_municipal_council,1276783,76.949720,17.874450
251824,Belagavi,Karnataka,municipal_corporation,1276533,74.504470,15.852120
305851,Bengaluru Central City Corporation(Gba),Karnataka,municipal_corporation,,77.580471,12.973009
305850,Bengaluru East City Corporation,Karnataka,municipal_corporation,,77.618345,13.001146
305853,Bengaluru North City Corporation (Gba),Karnataka,municipal_corporation,,77.593880,13.067360
305852,Bengaluru South City Corporation (Gba),Karnataka,municipal_corporation,,77.621668,12.896477
305854,Bengaluru West City Corporation (Gba),Karnataka,municipal_corporation,,77.516040,12.928150
251952,Bhadravati,Karnataka,city_municipal_council,1276321,75.705020,13.848460
251911,Bhatkal,Karnataka,city_municipal_council,1276067,74.555310,13.985340
251867,Bidar,Karnataka,municipal_corporation,1275738,77.515240,17.908020
251933,Challakere,Karnataka,city_municipal_council,10888760,76.455330,13.810890
252054,Chamarajanagar,Karnataka,city_municipal_council,1274821,76.939490,11.923120
253185,Channapatna,Karnataka,city_municipal_council,,77.203893,12.659373
251979,Chik Ballapur,Karnataka,city_municipal_council,1274243,77.727870,13.435120
251965,Chikkamagaluru,Karnataka,city_municipal_council,1274220,75.774000,13.322310
251983,Chintamani,Karnataka,city_municipal_council,1274129,78.051720,13.400510
251934,Chitradurga,Karnataka,city_municipal_council,1274056,76.400380,14.222620
251899,Dandeli,Karnataka,city_municipal_council,1273574,74.616670,15.266670
251941,Davanagere,Karnataka,municipal_corporation,1273368,75.926940,14.466930
251992,Dod Ballapur,Karnataka,city_municipal_council,1272473,77.537770,13.294520
251888,Gadag-Betigeri,Karnataka,city_municipal_council,8740017,75.616700,15.416700
251881,Gangawati,Karnataka,city_municipal_council,1271662,76.529330,15.431300
251978,Gauribidanur,Karnataka,city_municipal_council,1271459,77.517380,13.610720
251818,Gokak,Karnataka,city_municipal_council,1271067,74.823930,16.169010
251939,Harapanahalli,Karnataka,city_municipal_council,10896008,76.575710,12.777820
251938,Harihar,Karnataka,city_municipal_council,1270349,75.807160,14.512880
252012,Hassan,Karnataka,municipal_corporation,1270239,76.096200,13.007150
251916,Haveri,Karnataka,city_municipal_council,1270171,75.404480,14.793540
276463,Hebbugodi,Karnataka,city_municipal_council,6695467,77.680850,12.826320
251937,Hiriyur,Karnataka,city_municipal_council,10879885,76.080540,14.212770
299335,Hootagalli,Karnataka,city_municipal_council,,76.594500,12.335646
251995,Hosakote,Karnataka,city_municipal_council,1269936,77.798140,13.070700
251922,Hosapete,Karnataka,city_municipal_council,1269935,76.387100,15.269540
251893,Hubballi-Dharwad,Karnataka,municipal_corporation,,75.169454,15.342754
252043,Hunsur,Karnataka,city_municipal_council,11452837,76.421280,11.873470
251841,Ilkal,Karnataka,city_municipal_council,1269784,76.113510,15.959230
251843,Indi,Karnataka,city_municipal_council,1269751,75.952600,17.177350
251832,Jamkhandi,Karnataka,city_municipal_council,1269328,75.291460,16.504610
248127,Kalaburagi City Corporation,Karnataka,municipal_corporation,,76.769744,17.240896
253188,Kanakpura,Karnataka,city_municipal_council,1268189,77.420050,12.546540
251900,Karwar,Karnataka,city_municipal_council,1267635,74.129720,14.813610
251985,Kolar,Karnataka,city_municipal_council,1266305,78.129990,13.137680
252056,Kollegal,Karnataka,city_municipal_council,1266267,77.110510,12.154490
251882,Koppal,Karnataka,city_municipal_council,1266154,76.154780,15.345220
296975,Madanayakanahalli,Karnataka,city_municipal_council,6695500,77.462070,13.058700
252006,Maddur,Karnataka,city_municipal_council,1264592,77.042940,12.582830
252037,Madikeri,Karnataka,city_municipal_council,1264540,75.738200,12.426020
251986,Malur,Karnataka,city_municipal_council,1264010,77.937980,13.003220
252005,Mandya,Karnataka,city_municipal_council,1263814,76.897460,12.522300
252021,Mangaluru,Karnataka,municipal_corporation,1263780,74.856030,12.917230
251835,Mudhol,Karnataka,city_municipal_council,1262663,75.283050,16.333540
251989,Mulbagal,Karnataka,city_municipal_council,1262562,78.393460,13.163520
252045,Mysuru,Karnataka,municipal_corporation,1262321,76.639250,12.297910
252050,Nanjangud,Karnataka,city_municipal_council,1261910,76.683970,12.117640
251990,Nelamangala,Karnataka,city_municipal_council,1261539,77.393640,13.099780
251809,Nipani,Karnataka,city_municipal_council,10446177,76.983750,17.386220
252035,Puttur,Karnataka,city_municipal_council,10846199,74.851680,13.082290
251833,Rabkavi-Banhatti,Karnataka,city_municipal_council,8740018,75.120000,16.470000
251876,Raichur,Karnataka,municipal_corporation,1259012,77.355670,16.205460
253186,Ramanagara,Karnataka,city_municipal_council,,77.280480,12.725277
251919,Ranibennur,Karnataka,city_municipal_council,1258474,75.629510,14.622390
251988,Robertson Pet,Karnataka,city_municipal_council,1258109,78.275390,12.956290
251945,Sagar,Karnataka,city_municipal_council,1257851,75.029010,14.164980
251828,Saundatti-Yellamma,Karnataka,city_municipal_council,1256983,75.117780,15.766150
251855,Shahabad,Karnataka,city_municipal_council,1256759,76.943610,17.130700
251861,Shahpur,Karnataka,city_municipal_council,1256722,76.842200,16.696050
251951,Shivamogga,Karnataka,municipal_corporation,1256515,75.567910,13.931570
251982,Sidlaghatta,Karnataka,city_municipal_council,1256363,77.864440,13.388960
251878,Sindhnur,Karnataka,city_municipal_council,1256207,76.755810,15.769830
251969,Sira,Karnataka,city_municipal_council,10884605,76.911690,13.996660
251905,Sirsi,Karnataka,city_municipal_council,1256047,74.835540,14.620720
251925,Siruguppa,Karnataka,city_municipal_council,1256029,76.892170,15.630000
251859,Surapur,Karnataka,city_municipal_council,1256431,76.757380,16.521000
251975,Tiptur,Karnataka,city_municipal_council,1254420,76.477680,13.256300
251973,Tumakuru,Karnataka,municipal_corporation,1254089,77.102200,13.341360
251955,Udupi,Karnataka,city_municipal_council,1253952,74.746170,13.334670
252027,Ullal,Karnataka,city_municipal_council,1253888,74.860580,12.805690
251993,Vijayapura,Karnataka,municipal_corporation,1275701,75.715370,16.824420
251863,Yadgir,Karnataka,city_municipal_council,1252822,77.137550,16.770070
252253,Adoor,Kerala,municipality,,76.739813,9.163846
252247,Alappuzha,Kerala,municipality,,76.343911,9.494126
252211,Aluva,Kerala,municipality,,76.346593,10.121002
252208,Angamaly,Kerala,municipality,,76.382288,10.189443
272915,Anthur,Kerala,municipality,,75.371387,11.986636
252258,Attingal,Kerala,municipality,,76.823161,8.705174
252205,Chalakudy,Kerala,municipality,,76.327614,10.308385
252239,Changanassery,Kerala,municipality,,76.542324,9.443596
252181,Chavakkad,Kerala,municipality,,76.016737,10.588959
252249,Chengannur,Kerala,municipality,,76.621460,9.319983
272906,Cherpulassery,Kerala,municipality,,76.302126,10.888138
252242,Cherthala,Kerala,municipality,,76.342583,9.686689
252178,Chittur-Thathamangalam,Kerala,municipality,,76.718788,10.693084
252218,Eloor,Kerala,municipality,,76.309157,10.068380
272892,Erattupetta,Kerala,municipality,,76.775756,9.690425
272891,Ettumanoor,Kerala,municipality,,76.572296,9.657079
272900,Feroke,Kerala,municipality,,75.833913,11.171527
252184,Guruvayoor,Kerala,municipality,,76.043191,10.598911
272880,Harippad,Kerala,municipality,,76.462479,9.293682
252204,Irinjalakuda,Kerala,municipality,,76.220518,10.373926
272890,Iritty,Kerala,municipality,,75.643081,11.961056
252224,Kalamassery,Kerala,municipality,,76.341135,10.032471
252155,Kalpetta,Kerala,municipality,,76.081436,11.608754
252110,Kanhangad,Kerala,municipality,,75.108084,12.287163
252125,Kannur,Kerala,municipal_corporation,,75.396441,11.867676
259707,Karunagappally,Kerala,municipality,,76.523454,9.045018
252108,Kasaragod,Kerala,municipality,,74.995896,12.493695
272883,Kattappana,Kerala,municipality,,77.108638,9.741921
252248,Kayamkulam,Kerala,municipality,,76.506764,9.177654
252220,Kochi,Kerala,municipal_corporation,,76.286760,9.982179
252200,Kodungallur,Kerala,municipality,,76.203557,10.222297
272897,Koduvally,Kerala,municipality,,75.918930,11.371021
252255,Kollam,Kerala,municipal_corporation,,76.592226,8.892785
272901,Kondotty,Kerala,municipality,,75.977745,11.134439
272881,Koothattukulam,Kerala,municipality,,76.580403,9.860193
252144,Koothuparamba,Kerala,municipality,,75.577598,11.829437
252231,Kothamangalam,Kerala,municipality,,76.637573,10.047882
259709,Kottakkal,Kerala,municipality,,76.023132,10.984555
272889,Kottarakkara,Kerala,municipality,,76.778492,8.991653
252238,Kottayam,Kerala,municipality,,76.513929,9.573583
252159,Koyilandy,Kerala,municipality,,75.698909,11.452684
252160,Kozhikode,Kerala,municipal_corporation,,75.801454,11.259775
252180,Kunnamkulam,Kerala,municipality,,76.052894,10.636980
252170,Malappuram,Kerala,municipality,,76.069287,11.058791
272910,Mananthavady,Kerala,municipality,,76.025041,11.830037
252169,Manjeri,Kerala,municipality,,76.130992,11.119670
272907,Mannarkad,Kerala,municipality,,76.457933,10.986458
252226,Maradu,Kerala,municipality,,76.322525,9.932903
252139,Mattannur,Kerala,municipality,,75.568900,11.929578
252250,Mavelikkara,Kerala,municipality,,76.549251,9.251732
272898,Mukkom,Kerala,municipality,,75.981292,11.333495
252230,Muvattupuzha,Kerala,municipality,,76.578191,9.987218
252259,Nedumangad,Kerala,municipality,,76.998627,8.603440
252261,Neyyattinkara,Kerala,municipality,,77.075350,8.410702
259710,Nilambur,Kerala,municipality,,76.233688,11.287843
259711,Nileshwar,Kerala,municipality,,75.141550,12.243980
252175,Ottappalam,Kerala,municipality,,76.385481,10.783477
252234,Palai,Kerala,municipality,,76.687343,9.713319
252176,Palakkad,Kerala,municipality,,76.654285,10.777921
272908,Pandalam,Kerala,municipality,,76.664499,9.216629
272885,Panoor,Kerala,municipality,,75.595861,11.751869
272912,Parappanangadi,Kerala,municipality,,75.865807,11.050239
252256,Paravoor,Kerala,municipality,,76.671888,8.816816
252215,Paravur,Kerala,municipality,,76.235493,10.140721
252252,Pathanamthitta,Kerala,municipality,,76.795898,9.271252
272905,Pattambi,Kerala,municipality,,76.573105,10.756032
252111,Payyannur,Kerala,municipality,,75.229107,12.117335
272896,Payyoli,Kerala,municipality,,75.620774,11.535246
252171,Perinthalmanna,Kerala,municipality,,76.238369,10.961974
252207,Perumbavoor,Kerala,municipality,,76.492397,10.111218
272882,Piravom,Kerala,municipality,,76.494404,9.871408
252173,Ponnani,Kerala,municipality,,75.947832,10.773096
252254,Punalur,Kerala,municipality,,76.925354,9.004247
272899,Ramanattukara,Kerala,municipality,,75.862613,11.186758
252174,Shoranur,Kerala,municipality,,76.277546,10.782835
272884,Sreekandapuram,Kerala,municipality,,75.532781,12.055304
272911,Sulthanbathery,Kerala,municipality,,76.321170,11.726483
252112,Taliparamba,Kerala,municipality,,75.356983,12.030475
272904,Tanur,Kerala,municipality,,75.879172,10.981076
252149,Thalassery,Kerala,municipality,,75.506955,11.748950
252251,Thiruvalla,Kerala,municipality,,76.575700,9.379729
252260,Thiruvananthapuram,Kerala,municipal_corporation,,76.939527,8.482964
252233,Thodupuzha,Kerala,municipality,,76.716686,9.905595
259708,Thrikkakara,Kerala,municipality,,76.333101,10.009041
252227,Thrippunithura,Kerala,municipality,,76.351420,9.951813
252194,Thrissur,Kerala,municipal_corporation,,76.229073,10.513589
252172,Tirur,Kerala,municipality,,75.925587,10.916229
272903,Tirurangadi,Kerala,municipality,,75.918423,11.031280
252236,Vaikom,Kerala,municipality,,76.395087,9.747305
272902,Valanchery,Kerala,municipality,,76.064411,10.896187
252257,Varkala,Kerala,municipality,,76.718717,8.741613
252157,Vatakara,Kerala,municipality,,75.601135,11.590552
272909,Wadakkanchery,Kerala,municipality,,76.229351,10.650467
248178,Kargil,Ladakh,municipality,1267776,76.126220,34.557650
248177,Leh,Ladakh,municipality,1264976,77.584020,34.165040
250858,Agar,Madhya Pradesh,municipality,1279299,76.015710,23.711770
250882,Alirajpur,Madhya Pradesh,municipality,1258815,74.355680,22.303930
251008,Amarwara,Madhya Pradesh,municipality,1278889,79.169430,22.297800
250675,Ambah,Madhya Pradesh,municipality,1278868,78.226780,26.704230
248073,Amla,Madhya Pradesh,municipality,10509184,77.693860,21.720930
265847,Anuppur Np,Madhya Pradesh,municipality,,81.751025,23.034618
250715,Ashoknagar,Madhya Pradesh,municipality,1278297,77.731230,24.575780
250949,Ashta,Madhya Pradesh,municipality,1278294,76.722080,23.017540
250852,Badnagar,Madhya Pradesh,municipality,,75.449373,23.064018
251040,Balaghat,Madhya Pradesh,municipality,1277661,80.188450,21.815600
250907,Barwaha,Madhya Pradesh,municipality,1276817,76.038530,22.253940
250914,Barwani,Madhya Pradesh,municipality,1276810,74.899820,22.032320
250957,Begamganj,Madhya Pradesh,municipality,1276621,78.340640,23.599170
250945,Berasia,Madhya Pradesh,municipality,1276449,77.433510,23.631340
248072,Betul,Madhya Pradesh,municipality,1276389,77.902290,21.900560
250684,Bhind,Madhya Pradesh,municipality,1275926,78.787280,26.566710
250946,Bhopal,Madhya Pradesh,municipal_corporation,1275841,77.402890,23.254690
250934,Biaora,Madhya Pradesh,municipality,1275762,76.910740,23.920500
253194,Bijuri,Madhya Pradesh,municipality,13353616,82.116730,23.252360
250755,Bina,Madhya Pradesh,municipality,10537607,79.077090,23.360150
250925,Burhanpur,Madhya Pradesh,municipal_corporation,1275068,76.230260,21.308680
250713,Chanderi,Madhya Pradesh,municipality,1274755,78.138090,24.713120
251009,Chaurai,Madhya Pradesh,municipality,10213494,78.531860,21.962150
250741,Chhatarpur,Madhya Pradesh,municipality,1274337,79.588710,24.917700
251026,Chhindwara,Madhya Pradesh,municipal_corporation,1274304,78.939580,22.056970
250698,Dabra,Madhya Pradesh,municipality,1273751,78.332210,25.885720
250774,Damoh,Madhya Pradesh,municipality,1273587,79.441900,23.833120
293808,Damua,Madhya Pradesh,municipality,10535291,78.824630,22.321900
250703,Datia,Madhya Pradesh,municipality,1273403,78.459080,25.673120
250770,Deori,Madhya Pradesh,municipality,1273191,79.016300,23.390170
250867,Dewas,Madhya Pradesh,municipal_corporation,1273066,76.055260,22.965850
250809,Dhanpuri,Madhya Pradesh,municipality,13353618,81.555130,23.185420
250887,Dhar,Madhya Pradesh,municipality,1272892,75.297740,22.593730
251022,Dongar Parasia,Madhya Pradesh,municipality,1260368,78.759040,22.191300
250999,Gadarwara,Madhya Pradesh,municipality,1271847,78.784900,22.923500
293809,Ganjbasoda,Madhya Pradesh,municipality,1261645,78.183330,23.600000
250768,Garhakota,Madhya Pradesh,municipality,1271563,79.143210,23.779100
250688,Gohad,Madhya Pradesh,municipality,1271083,78.442050,26.432780
250998,Gotegaon,Madhya Pradesh,municipality,10541309,79.482330,23.028880
250714,Guna,Madhya Pradesh,municipality,1270711,77.311300,24.646910
250694,Gwalior,Madhya Pradesh,municipal_corporation,1270583,78.173370,26.229830
250967,Harda,Madhya Pradesh,municipality,1270375,77.095360,22.344140
250771,Hatta,Madhya Pradesh,municipality,1270185,79.601190,24.134060
250901,Indore,Madhya Pradesh,municipal_corporation,1269743,75.833300,22.717920
250970,Itarsi,Madhya Pradesh,municipality,1269653,77.762220,22.614770
250995,Jabalpur,Madhya Pradesh,municipal_corporation,1269633,79.950060,23.166970
251010,Jamai,Madhya Pradesh,municipality,10535103,78.412540,22.076830
250837,Jaora,Madhya Pradesh,municipality,1269217,75.127110,23.637830
250879,Jhabua,Madhya Pradesh,municipality,13428514,74.739550,23.055550
251002,Kareli,Madhya Pradesh,municipality,1267794,79.063780,22.915330
250845,Khacharod,Madhya Pradesh,municipality,1267203,75.281850,23.423220
250923,Khandwa,Madhya Pradesh,municipal_corporation,,76.567534,21.976978
250913,Khargone,Madhya Pradesh,municipality,1266928,75.613940,21.822920
250758,Khurai,Madhya Pradesh,municipality,10191623,78.729900,23.616700
253193,Kotma,Madhya Pradesh,municipality,1265964,81.979040,23.203830
250691,Lahar,Madhya Pradesh,municipality,1265311,78.941370,26.194010
250740,Maharajpur,Madhya Pradesh,municipality,10520267,80.135330,25.224490
250849,Mahidpur,Madhya Pradesh,municipality,8457516,75.658000,23.488790
250787,Maihar,Madhya Pradesh,municipality,1264317,80.760630,24.265940
250766,Makronia Buzurg,Madhya Pradesh,municipality,10530675,78.799030,23.847650
251042,Malajkhand,Madhya Pradesh,municipality,13353617,80.715660,22.051580
250892,Manawar,Madhya Pradesh,municipality,1263940,75.089170,22.235660
250959,Mandideep,Madhya Pradesh,municipality,7279752,77.533280,23.081660
289259,Mandla,Madhya Pradesh,municipality,1263852,80.371150,22.598790
250833,Mandsaur,Madhya Pradesh,municipality,1263834,75.069860,24.071840
250677,Morena,Madhya Pradesh,municipal_corporation,1262771,77.995340,26.498920
248071,Multai,Madhya Pradesh,municipality,1262534,78.257560,21.774630
250979,Murwara - Katni,Madhya Pradesh,municipal_corporation,,80.392456,23.833962
248075,"Nagar Palika, Nainpur",Madhya Pradesh,municipality,1262116,80.105610,22.429960
250846,Nagda,Madhya Pradesh,municipality,1262209,75.417590,23.458340
250974,Narmadapuram,Madhya Pradesh,municipality,1269939,77.727360,22.747470
251001,Narsimhapur,Madhya Pradesh,municipality,1261754,79.183570,22.949360
250937,Narsinghgarh,Madhya Pradesh,municipality,1261752,77.093190,23.707580
250823,Neemuch,Madhya Pradesh,municipality,,75.182900,24.630552
250927,Nepanagar,Madhya Pradesh,municipality,1261517,76.393350,21.453800
250738,Nowgong,Madhya Pradesh,municipality,1261164,79.441250,25.061360
250802,Pali,Madhya Pradesh,municipality,10676737,80.750330,23.597120
250987,Panagar,Madhya Pradesh,municipality,1260612,79.995090,23.285390
251030,Pandhurna,Madhya Pradesh,municipality,,78.661976,21.687705
250750,Panna,Madhya Pradesh,municipality,1260454,80.187720,24.720940
253197,Pasan,Madhya Pradesh,municipality,13353614,81.928590,23.164850
250977,Pipariya,Madhya Pradesh,municipality,10506041,77.734990,22.389270
250888,Pithampur,Madhya Pradesh,municipality,,75.679028,22.610558
250676,Porsa,Madhya Pradesh,municipality,1259388,78.370810,26.674440
250716,Raghogarh-Vijaypur,Madhya Pradesh,municipality,,77.160457,24.462893
250955,Raisen,Madhya Pradesh,municipality,1258952,77.781100,23.330330
250885,Rajgarh,Madhya Pradesh,municipality,1258875,76.732500,24.008260
250843,Ratlam,Madhya Pradesh,municipal_corporation,10686624,74.723230,23.229210
250769,Rehli,Madhya Pradesh,municipality,1258247,79.062750,23.637220
250797,Rewa,Madhya Pradesh,municipal_corporation,1258182,81.292340,24.532560
250682,Sabalgarh,Madhya Pradesh,municipality,1257928,77.407860,26.249180
250764,Sagar,Madhya Pradesh,municipal_corporation,1257845,78.738740,23.838770
250908,Sanawad,Madhya Pradesh,municipality,1257481,76.069930,22.173910
250936,Sarangpur,Madhya Pradesh,municipality,1257237,76.473060,23.566510
248069,Sarni,Madhya Pradesh,municipality,10209444,78.171590,22.103170
250781,Satna,Madhya Pradesh,municipal_corporation,13428140,80.548990,24.608990
251027,Sausar,Madhya Pradesh,municipality,1256974,78.796690,21.655760
250947,Sehore,Madhya Pradesh,municipality,1256913,77.083330,23.200000
250919,Sendhwa,Madhya Pradesh,municipality,1256854,75.096220,21.685620
251033,Seoni,Madhya Pradesh,municipality,13428147,79.468340,22.570350
250969,Seoni-Malwa,Madhya Pradesh,municipality,1256823,77.466500,22.450460
250807,Shahdol,Madhya Pradesh,municipality,1256739,81.361900,23.293560
250860,Shajapur,Madhya Pradesh,municipality,1256693,76.277750,23.426370
250673,Sheopur,Madhya Pradesh,municipality,1256593,76.696160,25.664720
250705,Shivpuri,Madhya Pradesh,municipality,1256451,77.662230,25.423780
250862,Shujalpur,Madhya Pradesh,municipality,1256418,76.709800,23.406730
248065,Sidhi,Madhya Pradesh,municipality,1256369,81.879540,24.403800
250983,Sihora,Madhya Pradesh,municipality,10674840,80.131790,23.112840
248066,Singrauli,Madhya Pradesh,municipal_corporation,7279754,82.675350,24.199730
250941,Sironj,Madhya Pradesh,municipality,1256064,77.690550,24.103130
290285,Tikamgarh,Madhya Pradesh,municipality,1254534,78.830610,24.743270
250851,Ujjain,Madhya Pradesh,municipal_corporation,1253914,75.776430,23.182390
250801,Umaria,Madhya Pradesh,municipality,1253863,80.837160,23.524730
250944,Vidisha,Madhya Pradesh,municipality,1253200,77.810920,23.526040
251037,Waraseoni,Madhya Pradesh,municipality,1252946,80.043010,21.761840
251323,Achalpur,Maharashtra,municipality,1279390,77.510060,21.256650
251548,Ahmadnagar,Maharashtra,municipal_corporation,1279228,74.738430,19.094570
251562,Ahmadpur,Maharashtra,municipality,1279227,76.937310,18.706220
251581,Akkalkot,Maharashtra,municipality,1279147,76.206110,17.525320
300383,Akluj,Maharashtra,municipality,1279113,75.021380,17.892410
251312,Akola,Maharashtra,municipal_corporation,1279105,76.998100,20.709570
251310,Akot,Maharashtra,municipality,1279094,77.058800,21.096300
251521,Alandi,Maharashtra,municipality,1279066,73.898680,18.677560
251503,Alibag,Maharashtra,municipality,1279027,72.875790,18.648130
251294,Amalner,Maharashtra,municipality,1278931,75.058870,21.039830
251424,Ambad,Maharashtra,municipality,1278871,75.789060,19.613010
251560,Ambajogai,Maharashtra,municipality,1278862,76.386160,18.733120
251485,Ambarnath,Maharashtra,municipality,1278903,73.166670,19.200000
276364,Amgaon,Maharashtra,municipality,10700532,80.332970,21.109210
251328,Amravati,Maharashtra,municipal_corporation,1278718,77.750000,20.933330
251322,Anjangaon,Maharashtra,municipality,10214621,78.213360,20.727880
259703,Arni,Maharashtra,municipality,1278375,77.951670,20.062110
251332,Arvi,Maharashtra,municipality,10571943,79.140580,20.634530
251634,Ashta,Maharashtra,municipality,1278296,74.409360,16.949430
251428,Aurangabad,Maharashtra,municipal_corporation,,75.339024,19.877263
251563,Ausa,Maharashtra,municipality,1278139,76.499300,18.247280
251486,Badlapur,Maharashtra,municipality,1277976,73.265530,19.155160
251311,Balapur,Maharashtra,municipality,10513703,77.361250,20.662210
251381,Ballarpur,Maharashtra,municipality,10877211,79.669760,19.816130
251536,Baramati,Maharashtra,municipality,1277091,74.577670,18.151740
251576,Barshi,Maharashtra,municipality,1276856,75.692750,18.234540
251413,Basmath,Maharashtra,municipality,1276757,77.157460,19.328720
253140,Bhadgaon,Maharashtra,municipality,1276346,75.229370,20.669050
251375,Bhadravati,Maharashtra,municipality,12503616,79.114420,20.100100
251444,Bhagur,Maharashtra,municipality,13353667,73.833820,19.875990
248078,Bhandara,Maharashtra,municipality,1276191,79.648850,21.168170
251477,Bhiwandi,Maharashtra,municipal_corporation,1275901,73.058810,19.300230
259697,Bhokar,Maharashtra,municipality,1275865,77.669620,19.219330
251422,Bhokardan,Maharashtra,municipality,1275863,75.769970,20.258300
251535,Bhor,Maharashtra,municipality,1275836,73.843360,18.148610
251567,Bhum,Maharashtra,municipality,1275804,75.658770,18.459080
251290,Bhusawal,Maharashtra,municipality,1275778,75.785060,21.043650
251557,Bid,Maharashtra,municipality,1275539,75.756340,18.989210
251406,Biloli,Maharashtra,municipality,1275601,77.724630,18.773850
251373,Brahmapuri,Maharashtra,municipality,1275191,79.861030,20.611070
251305,Buldana,Maharashtra,municipality,1275117,76.184570,20.529330
251520,Chakan,Maharashtra,municipality,1274914,73.863510,18.760590
251296,Chalisgaon,Maharashtra,municipality,1274868,75.015960,20.457810
248082,Chandrapur,Maharashtra,municipal_corporation,1274693,79.295230,19.950760
251330,Chandur,Maharashtra,municipality,10513964,77.335490,20.939200
251324,Chandurbazar,Maharashtra,municipality,1274674,77.747130,21.238530
276281,Chandwad,Maharashtra,municipality,,74.212864,20.278134
276634,Chikhaldara,Maharashtra,municipality,1274250,77.318650,21.400380
251304,Chikhli,Maharashtra,municipality,1274237,76.257740,20.350460
265713,Chimur,Maharashtra,municipality,1274178,79.373490,20.493540
251602,Chiplun,Maharashtra,municipality,1274119,73.509350,17.533390
251283,Chopda,Maharashtra,municipality,1273992,75.299460,21.245780
251451,Dahanu,Maharashtra,municipality,1273708,72.712630,19.967780
251389,Darwha,Maharashtra,municipality,1273440,77.772570,20.310170
251329,Daryapur Banosa,Maharashtra,municipality,,77.323919,20.923353
251331,Dattapur Dhamangaon,Maharashtra,municipality,,78.139307,20.781529
251531,Daund,Maharashtra,municipality,1273374,74.583750,18.465150
251410,Deglur,Maharashtra,municipality,1272606,77.576950,18.548290
251552,Deolali Pravara,Maharashtra,municipality,,74.620389,19.473650
251337,Deoli,Maharashtra,municipality,1273228,78.480230,20.649200
251306,Deulgaon Raja,Maharashtra,municipality,1273136,76.037550,20.017570
251293,Dharangaon,Maharashtra,municipality,1272874,75.274070,21.011870
251404,Dharmabad,Maharashtra,municipality,1272857,77.849400,18.891160
251282,Dhule,Maharashtra,municipal_corporation,1272691,74.777370,20.901300
303127,Digdoh Devi Municipal Council,Maharashtra,municipality,10214227,78.753000,21.085550
251390,Digras,Maharashtra,municipality,10468480,78.679080,19.796850
251281,Dondaicha-Warwade,Maharashtra,municipality,1272411,74.568040,21.323600
251583,Dudhani,Maharashtra,municipality,1272307,76.366880,17.357920
251292,Erandol,Maharashtra,municipality,1272025,75.326410,20.922060
251285,Faizpur,Maharashtra,municipality,1271975,75.860060,21.167660
303134,Fursungi Uruli Devachi,Maharashtra,municipality,8441972,73.956450,18.455840
265791,Gadchandur Nagar Parishad,Maharashtra,municipality,,79.174604,19.735946
251631,Gadhinglaj,Maharashtra,municipality,1271834,74.350100,16.222910
251420,Gangakhed,Maharashtra,municipality,,76.755707,18.913100
251432,Gangapur,Maharashtra,municipality,,75.066658,19.795406
251555,Georai,Maharashtra,municipality,1271413,75.750070,19.263720
251394,Ghatanji,Maharashtra,municipality,1271343,78.313330,20.141830
298902,Ghugus,Maharashtra,municipality,1271244,79.111920,19.938100
251371,Gondiya,Maharashtra,municipality,1270990,80.192050,21.460260
251488,Greater Mumbai,Maharashtra,municipal_corporation,,72.871870,19.107489
251399,Hadgaon,Maharashtra,municipality,1270554,77.658630,19.495520
251338,Hinganghat,Maharashtra,municipality,1270077,78.839780,20.548750
251411,Hingoli,Maharashtra,municipality,1270072,77.142380,19.714640
303119,Hiwarkhed,Maharashtra,municipality,1270015,76.857840,21.129840
276296,Hupari,Maharashtra,municipality,13353684,74.404420,16.616670
251619,Ichalkaranji,Maharashtra,municipal_corporation,1269834,74.460540,16.691170
251445,Igatpuri,Maharashtra,municipality,1269810,73.562600,19.695220
251537,Indapur,Maharashtra,municipality,1269762,75.028850,18.115290
276571,Jalgaon,Maharashtra,municipal_corporation,1269407,75.566020,21.002920
251298,Jalgaon - Jamod,Maharashtra,municipality,1269406,76.534640,21.051940
251423,Jalna,Maharashtra,municipal_corporation,1269395,75.886360,19.841020
251554,Jamkhed,Maharashtra,municipality,1278455,74.714870,19.026810
253139,Jamner,Maharashtra,municipality,1269315,75.777680,20.809490
259699,Jath,Maharashtra,municipality,1269150,75.218160,17.047630
251453,Jawhar,Maharashtra,municipality,1269106,73.226790,19.912130
251621,Jaysingpur,Maharashtra,municipality,1269502,74.553610,16.776390
251533,Jejuri,Maharashtra,municipality,1269087,74.160080,18.276580
251415,Jintur,Maharashtra,municipality,1268896,76.687400,19.611860
251516,Junnar,Maharashtra,municipality,1268761,73.875200,19.208150
251628,Kagal,Maharashtra,municipality,1268651,74.315440,16.577020
251568,Kalamb,Maharashtra,municipality,,76.022492,18.573047
251342,Kalameshwar,Maharashtra,municipality,1268344,78.919880,21.232190
251412,Kalamnuri,Maharashtra,municipality,1268480,77.311490,19.673860
251483,Kalyan-Dombivli,Maharashtra,municipal_corporation,1272423,73.083330,19.216670
251356,Kamptee,Maharashtra,municipality,1268205,79.197300,21.216150
251408,Kandhar,Maharashtra,municipality,1268153,77.192310,18.873120
251350,Kanhan - Pipri,Maharashtra,municipality,10469715,79.239800,21.228990
251426,Kannad,Maharashtra,municipality,1268020,75.137860,20.256840
251598,Karad,Maharashtra,municipality,1267904,74.181830,17.289370
251318,Karanja,Maharashtra,municipality,1267853,77.488570,20.482730
251498,Karjat,Maharashtra,municipality,1267742,73.323540,18.910700
251574,Karmala,Maharashtra,municipality,1267716,75.193860,18.407700
251341,Katol,Maharashtra,municipality,1267461,78.585800,21.273880
251302,Khamgaon,Maharashtra,municipality,10432199,76.163100,19.899990
251345,Khapa,Maharashtra,municipality,10470760,79.303080,21.598080
251601,Khed,Maharashtra,municipality,1266814,73.396930,17.718880
251501,Khopoli,Maharashtra,municipality,1266666,73.345890,18.785620
251430,Khuldabad,Maharashtra,municipality,1266631,75.192450,20.006710
251558,Kille Dharur,Maharashtra,municipality,1272819,76.109370,18.820170
251398,Kinwat,Maharashtra,municipality,1266518,78.198700,19.625570
251625,Kolhapur,Maharashtra,municipal_corporation,1266285,74.231670,16.695630
251540,Kopargaon,Maharashtra,municipality,1266162,74.476050,19.882390
251405,Kundalwadi,Maharashtra,municipality,1266210,77.770310,18.807270
251575,Kurduvadi,Maharashtra,municipality,1265521,75.415670,18.093390
251622,Kurundvad,Maharashtra,municipality,1265539,74.588920,16.683170
251561,Latur,Maharashtra,municipal_corporation,1265014,76.567840,18.397210
251407,Loha,Maharashtra,municipality,1264987,77.115530,18.944840
251308,Lonar,Maharashtra,municipality,1264794,76.520460,19.985330
251526,Lonavala,Maharashtra,municipality,1264793,73.405750,18.752750
251584,Mahabaleshwar,Maharashtra,municipality,12501201,73.658580,17.923230
251513,Mahad,Maharashtra,municipality,1264489,73.416670,18.083330
298893,Mahalung Shripur,Maharashtra,municipality,8441809,75.099300,17.866170
251582,Maindargi,Maharashtra,municipality,1264297,76.293200,17.457390
251556,Majalgaon,Maharashtra,municipality,1263684,76.209920,19.155130
251438,Malegaon,Maharashtra,municipal_corporation,1264115,74.534620,20.549660
251301,Malkapur,Maharashtra,municipality,1264071,76.199320,20.885550
251614,Malkapur-Kolhapur,Maharashtra,municipality,,73.933192,16.918101
251610,Malwan,Maharashtra,municipality,1264007,73.462900,16.059810
251580,Mangalvedhe,Maharashtra,municipality,1263777,75.447130,17.510460
251317,Mangrulpir,Maharashtra,municipality,1263744,77.341780,20.313790
251440,Manmad,Maharashtra,municipality,1263664,74.437550,20.253340
251417,Manwath,Maharashtra,municipality,1263591,76.497350,19.301330
251497,Matheran,Maharashtra,municipality,1263370,73.265200,18.982810
251303,Mehkar,Maharashtra,municipality,1263195,76.568410,20.150500
251589,Mhaswad,Maharashtra,municipality,1263083,74.787730,17.633590
251470,Mira-Bhayandar,Maharashtra,municipal_corporation,1276014,72.851070,19.301570
276301,Mohol,Maharashtra,municipality,1262878,75.642780,17.810650
251343,Mohpa,Maharashtra,municipality,10518505,79.292730,20.803720
251325,Morshi,Maharashtra,municipality,1262740,78.012580,21.340300
251339,Mowad,Maharashtra,municipality,1262689,78.451030,21.464750
251402,Mudkhed,Maharashtra,municipality,1262651,77.503040,19.156570
251409,Mukhed,Maharashtra,municipality,10449437,77.284660,18.468500
251382,Mul,Maharashtra,municipality,1262574,79.678260,20.069870
297866,Municipal Council Armori,Maharashtra,municipality,1278385,79.983870,20.466510
248081,Municipal Council Desaiganj ( Wadsa),Maharashtra,municipality,,79.962602,20.623770
248080,Municipal Council Gadchiroli,Maharashtra,municipality,1271558,80.005220,20.180610
251629,Murgud,Maharashtra,municipality,1262435,74.191420,16.396040
251315,Murtijapur,Maharashtra,municipality,1262410,77.366940,20.732990
251504,Murud,Maharashtra,municipality,1262403,72.962100,18.328170
251572,Murum,Maharashtra,municipality,,76.476106,17.786978
276361,Nagbhid Muncipal Council,Maharashtra,municipality,,79.682003,20.584200
251362,Nagpur,Maharashtra,municipal_corporation,1262180,79.084910,21.146310
251571,Naldurg,Maharashtra,municipality,1262073,76.281820,17.816670
251401,Nanded-Waghala,Maharashtra,municipal_corporation,,77.311013,19.169335
251439,Nandgaon,Maharashtra,municipality,10688882,74.245650,20.053520
251300,Nandura,Maharashtra,municipality,1261932,76.459240,20.834170
251278,Nandurbar,Maharashtra,municipality,1261931,74.240510,21.366710
251340,Narkhed,Maharashtra,municipality,1261783,75.675860,17.902470
251442,Nashik,Maharashtra,municipal_corporation,1261731,73.790960,19.997270
251472,Navi Mumbai,Maharashtra,municipal_corporation,6619347,73.015820,19.036810
251279,Nawapur,Maharashtra,municipality,1261601,72.689420,19.787960
259704,Ner Nababpur,Maharashtra,municipality,10522493,77.868530,20.483750
251564,Nilanga,Maharashtra,municipality,1261396,76.752790,18.116750
251569,Osmanabad,Maharashtra,municipality,1261012,76.038890,18.181580
251297,Pachora,Maharashtra,municipality,1260959,75.353050,20.667270
251433,Paithan,Maharashtra,municipality,,75.430264,19.583556
251460,Palghar,Maharashtra,municipality,1260730,72.765430,19.696930
276350,Palus,Maharashtra,municipality,1260639,74.457120,17.088130
251585,Panchgani,Maharashtra,municipality,1260577,73.800800,17.924490
251395,Pandharkawda,Maharashtra,municipality,1260547,78.546280,20.021080
297006,Pandharpur,Maharashtra,municipality,1260546,75.330980,17.679240
251615,Panhala,Maharashtra,municipality,1260488,74.110070,16.812100
251492,Panvel,Maharashtra,municipal_corporation,1260434,73.110130,18.988780
251566,Paranda,Maharashtra,municipality,,75.450754,18.268348
251416,Parbhani,Maharashtra,municipal_corporation,1260341,76.770810,19.268550
251559,Parli,Maharashtra,municipality,1260290,76.531630,18.850570
251295,Parola,Maharashtra,municipality,1260274,75.119370,20.880980
251425,Partur,Maharashtra,municipality,1260228,76.215410,19.599250
251546,Pathardi,Maharashtra,municipality,1260135,75.174250,19.172790
251418,Pathri,Maharashtra,municipality,1260120,76.434120,19.258800
251316,Patur,Maharashtra,municipality,1260035,76.937250,20.460930
248077,Pauni,Maharashtra,municipality,1260022,79.636440,20.792290
251502,Pen,Maharashtra,municipality,1259931,73.096030,18.737340
251403,Peth Umri,Maharashtra,municipality,1253804,77.645390,19.039100
251588,Phaltan,Maharashtra,municipality,1259811,74.431770,17.991130
303075,Pimpalgaon Baswant,Maharashtra,municipality,1259665,73.992350,20.170410
251528,Pimpri Chinchwad,Maharashtra,municipal_corporation,7626690,73.803750,18.618670
251336,Pulgaon,Maharashtra,municipality,1259272,78.320560,20.722040
251530,Pune,Maharashtra,municipal_corporation,1259229,73.855350,18.519570
251421,Purna,Maharashtra,municipality,1259177,77.025660,19.181700
251391,Pusad,Maharashtra,municipality,1259154,77.578380,19.912740
251590,Rahimatpur,Maharashtra,municipality,1259026,74.199660,17.592100
251543,Rahta Pimplas,Maharashtra,municipality,1259036,74.481090,19.716640
251551,Rahuri,Maharashtra,municipality,1259019,74.649790,19.390690
251608,Rajapur,Maharashtra,municipality,1258914,73.517010,16.656790
296912,Rajgurunagar,Maharashtra,municipality,1258859,73.900000,18.866670
251384,Rajura,Maharashtra,municipality,1258786,79.364590,19.779470
251353,Ramtek,Maharashtra,municipality,1258553,79.327250,21.395620
251605,Ratnagiri,Maharashtra,municipality,1258338,73.310220,16.991540
251287,Raver,Maharashtra,municipality,1258307,76.035090,21.247570
251320,Risod,Maharashtra,municipality,1258124,76.787990,19.976710
251506,Roha Ashtami,Maharashtra,municipality,1278293,73.131010,18.437130
251414,Sailu,Maharashtra,municipality,1257762,76.440730,19.455120
276319,Sakoli,Maharashtra,municipality,1257691,79.991450,21.087050
251539,Sangamner,Maharashtra,municipality,1257436,74.211540,19.567840
251639,Sangli-Miraj Kupwad,Maharashtra,municipal_corporation,,74.594888,16.850253
251579,Sangole,Maharashtra,municipality,,75.193229,17.436269
251532,Sasvad,Maharashtra,municipality,1257066,74.031020,18.343510
251435,Satana,Maharashtra,municipality,1257060,74.203010,20.594830
251593,Satara,Maharashtra,municipality,1257055,73.993330,17.685890
251286,Savda,Maharashtra,municipality,10690664,75.451360,20.977120
251344,Savner,Maharashtra,municipality,1257307,78.921550,21.385100
251613,Sawantwadi,Maharashtra,municipality,1256968,73.821910,15.904130
251277,Shahade,Maharashtra,municipality,,73.853756,18.497868
251299,Shegaon,Maharashtra,municipality,1256620,76.699210,20.793200
251327,Shendurjana,Maharashtra,municipality,1256846,78.283500,21.524880
276331,Shevgaon,Maharashtra,municipality,1256547,75.219990,19.353330
276635,Shirol,Maharashtra,municipality,1256478,74.602450,16.735280
251280,Shirpur-Warwade,Maharashtra,municipality,1256475,74.880350,21.348210
251518,Shirur,Maharashtra,municipality,1256025,74.374750,18.827600
251553,Shrigonda,Maharashtra,municipality,1256426,74.698950,18.615270
251544,Shrirampur,Maharashtra,municipality,11184435,74.656990,19.622010
251511,Shrivardhan,Maharashtra,municipality,12493784,73.001100,18.053180
297092,Sillod Municipal Council,Maharashtra,municipality,1256269,75.652840,20.303030
251333,Sindi,Maharashtra,municipality,10453829,78.587100,20.742380
251307,Sindkhed Raja,Maharashtra,municipality,1256205,76.126370,19.953630
251447,Sinnar,Maharashtra,municipality,1256119,73.998660,19.845050
251577,Solapur,Maharashtra,municipal_corporation,1256436,75.910440,17.671520
251419,Sonpeth,Maharashtra,municipality,1255764,76.473940,19.025940
251522,Talegaon Dabhade,Maharashtra,municipality,1255134,73.675610,18.735020
251275,Talode,Maharashtra,municipality,1255104,74.212380,21.561280
251636,Tasgaon,Maharashtra,municipality,1254858,74.601710,17.037000
251309,Telhara,Maharashtra,municipality,1254787,76.838890,21.026940
251471,Thane,Maharashtra,municipal_corporation,1254661,72.963550,19.197040
251370,Tirora,Maharashtra,municipality,10571120,79.926170,21.404090
251441,Trimbak,Maharashtra,municipality,1254177,73.529070,19.932680
251570,Tuljapur,Maharashtra,municipality,10433609,76.696900,19.332320
248079,Tumsar,Maharashtra,municipality,1254080,79.733330,21.383330
251565,Udgir,Maharashtra,municipality,1253958,77.117560,18.392580
251484,Ulhasnagar,Maharashtra,municipal_corporation,1253894,73.150000,19.216670
251573,Umarga,Maharashtra,municipality,,76.625005,17.836543
251393,Umarkhed,Maharashtra,municipality,1253861,77.688780,19.601440
251366,Umred,Maharashtra,municipality,1253807,79.324660,20.853960
251491,Uran,Maharashtra,municipality,1253702,72.939240,18.878130
251633,Uran Islampur,Maharashtra,municipality,1253676,74.266670,17.050000
251616,Vadgaon Kasba,Maharashtra,municipality,1253056,74.313380,16.835530
251431,Vaijapur,Maharashtra,municipality,,74.833248,19.948905
276273,Varangaon,Maharashtra,municipality,1253403,75.910420,21.017670
251463,Vasai-Virar,Maharashtra,municipal_corporation,,72.819722,19.421042
251611,Vengurla,Maharashtra,municipality,1253257,73.631820,15.861250
251635,Vita,Maharashtra,municipality,1253091,74.537920,17.273430
277475,Wadgaon,Maharashtra,municipality,1253054,74.361930,18.129640
251359,Wadi,Maharashtra,municipality,10469921,79.007600,21.153130
251586,Wai,Maharashtra,municipality,1253013,73.890580,17.952760
251363,Wanadongri,Maharashtra,municipality,10214288,78.972730,21.093800
251397,Wani,Maharashtra,municipality,1252960,78.953130,20.055070
251334,Wardha,Maharashtra,municipality,13426862,78.220640,21.066990
251376,Warora,Maharashtra,municipality,10967929,79.224050,19.829170
251326,Warud,Maharashtra,municipality,1252919,78.269650,21.471010
251319,Washim,Maharashtra,municipality,1252908,77.133000,20.111280
251386,Yavatmal,Maharashtra,municipality,1252770,78.132010,20.393240
251284,Yawal,Maharashtra,municipality,1252773,75.697620,21.167720
251450,Yevla,Maharashtra,municipality,1252738,74.489440,20.042400
276527,Andro,Manipur,municipality,13494536,94.042960,24.748540
276501,Bishnupur,Manipur,municipality,8740324,93.761790,24.628450
276546,Heirok,Manipur,municipality,13494530,94.066690,24.585580
276547,Imphal,Manipur,municipal_corporation,1269771,93.944200,24.808050
276503,Jiribam,Manipur,municipality,11875582,93.121480,24.804270
276500,Kakching,Manipur,municipality,1268567,93.981260,24.498200
276536,Kakching Khunou,Manipur,municipality,8432244,93.899810,24.404700
276505,Kumbi,Manipur,municipality,8432241,93.812920,24.432790
276525,Kwakta,Manipur,municipality,13494535,93.730240,24.448240
276508,Lamlai,Manipur,municipality,12523372,94.013570,24.873620
276545,Lamsang,Manipur,municipality,12523401,93.874180,24.815870
276548,Lilong (Imphal West),Manipur,municipality,,93.939620,24.721343
276502,Lilong (Thoubal),Manipur,municipality,,93.940838,24.716417
276552,Mayang Imphal,Manipur,municipality,1263255,93.888730,24.609980
276514,Moirang,Manipur,municipality,1262863,93.777910,24.497500
276515,Nambol,Manipur,municipality,9782490,93.819740,24.695570
276530,Ningthoukhong,Manipur,municipality,13494538,93.764060,24.571730
276506,Oinam,Manipur,municipality,8432239,93.812920,24.688960
276551,Samourou,Manipur,municipality,13494539,93.903320,24.700950
276553,Sekmai,Manipur,municipality,,93.886458,24.965581
276509,Shikhong Sekmai,Manipur,municipality,13494534,94.093440,24.637950
276510,Sugunu,Manipur,municipality,1256420,93.873720,24.295460
276550,Thongkhong Laxmi,Manipur,municipality,,93.901667,24.633889
276498,Thoubal,Manipur,municipality,1254570,93.996390,24.638810
276511,Wangjing Lamding,Manipur,municipality,1252964,94.063860,24.589210
276549,Wangoi,Manipur,municipality,,93.898794,24.658616
276513,Yairipok,Manipur,municipality,1252810,94.047670,24.677920
249809,Baghmara,Meghalaya,municipality,1277903,90.647890,25.189540
249820,Jowai,Meghalaya,municipality,1268810,92.191320,25.435960
249807,Resubelpara,Meghalaya,municipality,11184460,90.607470,25.904040
249814,Shillong,Meghalaya,municipality,1256523,91.883130,25.568920
249806,Tura Municipal Board,Meghalaya,municipality,,90.217153,25.512562
249808,Williamnagar,Meghalaya,municipality,7701509,90.616800,25.495500
277318,Aizawl Municipal Co-Operation,Mizoram,municipal_corporation,,92.717995,23.727763
249720,Dimapur Municipal Council,Nagaland,municipality,1272552,93.721700,25.911740
249722,Kohima Municipal Council,Nagaland,municipality,1266366,94.110990,25.674670
249717,Mokokchung Municipal Council,Nagaland,municipality,1262843,94.518340,26.324800
250476,Anandapur,Odisha,municipality,10282665,86.110000,21.210000
248140,Anugola,Odisha,municipality,1278593,85.101920,20.840890
250529,Asika,Odisha,municipality,1278279,84.659980,19.611140
250555,Balangir,Odisha,municipality,1277643,83.490290,20.704190
250486,Baleshwar,Odisha,municipality,1277599,86.933480,21.492660
250469,Barbil,Odisha,municipality,7279597,85.377520,22.101940
250448,Bargarh,Odisha,municipality,1276988,83.619050,21.333480
250481,Baripada,Odisha,municipality,1276942,86.728520,21.934580
250489,Basudebpur,Odisha,municipality,1276731,86.728960,21.119740
250450,Belpahar,Odisha,municipality,10244604,83.845800,21.821800
250543,Berhampur,Odisha,municipal_corporation,1275198,84.792900,19.311510
250487,Bhadrak,Odisha,municipality,1276325,86.515600,21.054470
250526,Bhanjanagar,Odisha,municipality,1276159,84.582010,19.927190
250558,Bhawanipatna,Odisha,municipality,1276023,83.166970,19.907170
250520,Bhubaneswar,Odisha,municipal_corporation,1275817,85.833850,20.272410
250462,Biramitrapur,Odisha,municipality,1275506,84.766670,22.400000
250548,Boudhgarh,Odisha,municipality,1276686,84.326180,20.837730
250451,Brajarajnagar,Odisha,municipality,1275194,83.916670,21.816670
250537,Chhatrapur,Odisha,municipality,1274533,84.983590,19.355740
250494,Choudwar,Odisha,municipality,10281812,85.915120,20.539170
250501,Cuttack,Odisha,municipal_corporation,1273780,85.879270,20.464970
250457,Debagarh,Odisha,municipality,1273246,84.733370,21.538270
248060,Dhenkanal,Odisha,municipality,1272780,85.596930,20.657440
250564,Gunupur,Odisha,municipality,1270667,83.808790,19.080400
250542,Hinjilicut,Odisha,municipality,1270066,84.744890,19.481660
263336,Jagatsinghpur,Odisha,municipality,1269581,86.171120,20.255700
250503,Jajapur,Odisha,municipality,1269477,86.337290,20.848520
250482,Jaleswar,Odisha,municipality,1269413,87.222500,21.801760
250516,Jatani,Odisha,municipality,1269154,85.707420,20.159750
250574,Jeypur,Odisha,municipality,1269092,82.571600,18.856300
250452,Jharsuguda,Odisha,municipality,1268977,84.006980,21.855310
250471,Joda,Odisha,municipality,9063948,85.422000,22.017000
250532,Kavisurjyanagar,Odisha,municipality,12518878,84.760060,19.581480
250491,Kendrapara,Odisha,municipality,1267283,86.422270,20.501660
250474,Kendujhar,Odisha,municipality,1267267,85.596860,21.631800
250514,Khordha,Odisha,municipality,1266616,85.616290,20.182680
250571,Koraput,Odisha,municipality,1266128,82.710480,18.811990
263345,Malkangiri,Odisha,municipality,1264075,81.888000,18.364280
250569,Nabarangapur,Odisha,municipality,1261162,82.548260,19.231140
250512,Nayagarh,Odisha,municipality,,85.050728,20.239368
263324,Paradeep,Odisha,municipality,1260393,86.608500,20.316410
250544,Paralakhemundi,Odisha,municipality,1260390,84.095040,18.776190
250490,Pattamundai,Odisha,municipality,1260178,86.560630,20.578060
250546,Phulabani,Odisha,municipality,1259756,84.230630,20.481010
250533,Polasara,Odisha,municipality,1259446,84.814010,19.693860
250524,Puri,Odisha,municipal_corporation,1259184,85.824940,19.798250
250478,Rairangpur,Odisha,municipality,1265830,86.173850,22.266750
250459,Rajagangapur,Odisha,municipality,8741053,84.583000,22.200000
250467,Raurkela,Odisha,municipal_corporation,1258315,84.864140,22.224960
250565,Rayagada,Odisha,municipality,1258289,83.414280,19.171320
253100,Sambalpur,Odisha,municipal_corporation,1257542,83.975730,21.465270
250550,Sonapur,Odisha,municipality,1255763,83.916670,20.833330
250485,Soro,Odisha,municipality,1255705,86.688330,21.278510
250573,Sunabeda,Odisha,municipality,8741024,82.829320,18.728400
250458,Sundargarh,Odisha,municipality,1255437,84.033330,22.116670
248141,Talcher,Odisha,municipality,1255143,85.233540,20.949270
250553,Titlagarh,Odisha,municipality,1254304,83.152330,20.289610
250567,Umarkote,Odisha,municipality,,82.164991,19.751366
250502,Vyasanagar,Odisha,municipality,12522807,86.126430,20.955690
253096,Karaikal,Puducherry,municipality,1267887,79.833330,10.916670
253095,Mahe,Puducherry,municipality,,75.536470,11.702198
253093,Ozhukarai,Puducherry,municipality,11679708,79.802940,11.940960
253094,Pondicherry,Puducherry,municipality,1259425,79.829790,11.933810
253092,Yanam,Puducherry,municipality,,82.210620,16.738503
248355,Abohar,Punjab,municipal_corporation,1279403,74.195520,30.144530
248294,Adampur,Punjab,municipality,1462733,75.714840,31.432240
248382,Ahmedgarh,Punjab,municipality,13494596,75.826330,30.677310
248269,Ajnala,Punjab,municipality,1279158,74.762950,31.844730
248295,Alawalpur,Punjab,municipality,1279050,75.656140,31.431610
248330,Amloh,Punjab,municipality,1278758,76.231990,30.608370
248273,Amritsar,Punjab,municipal_corporation,1278710,74.875340,31.622340
248317,Anandpur Sahib,Punjab,municipality,1278676,76.502530,31.239260
248315,Balachaur,Punjab,municipality,1277666,76.301660,31.060620
248312,Banga,Punjab,municipality,1277338,75.994950,31.188740
248404,Banur,Punjab,municipality,1277200,76.719480,30.554070
248374,Bareta,Punjab,municipality,13494595,75.696440,29.863520
248378,Barnala,Punjab,municipality,1276895,75.548700,30.374510
248327,Bassi Pathana,Punjab,municipality,1276764,76.401110,30.688500
248264,Batala,Punjab,municipal_corporation,1276720,75.202940,31.809210
248367,Bathinda,Punjab,municipal_corporation,1276070,74.938930,30.207470
248377,Bhadaur,Punjab,municipality,1276353,75.330490,30.476510
248345,Bhagha Purana,Punjab,municipality,1277902,75.098380,30.688090
248387,Bhawanigarh,Punjab,municipality,1276026,76.038540,30.266850
248298,Bhogpur,Punjab,municipality,1275882,75.642710,31.554420
248366,Bhucho Mandi,Punjab,municipality,10252936,75.096880,30.212870
248373,Budhlada,Punjab,municipality,1275147,75.562050,29.927990
248300,Dasua,Punjab,municipality,1273410,75.653100,31.816790
248267,Dera Baba Nanak,Punjab,municipality,1273173,75.027870,32.037330
248405,Dera Bassi,Punjab,municipality,1276765,76.844980,30.588130
248381,Dhanaula,Punjab,municipality,1272985,75.573410,30.282160
248346,Dharamkot,Punjab,municipality,1272839,75.232390,30.945590
248262,Dhariwal,Punjab,municipality,13428586,75.358960,31.997400
248384,Dhuri,Punjab,municipality,1272670,75.867910,30.368460
248259,Dinanagar,Punjab,municipality,1272546,75.472910,32.136640
248337,Doraha,Punjab,municipality,1272375,76.023550,30.799530
248360,Faridkot,Punjab,municipality,1271949,74.755790,30.673990
248263,Fatehgarh Churian,Punjab,municipality,1271923,74.956650,31.864310
248354,Fazilka,Punjab,municipality,1271891,74.028360,30.402070
248351,Firozpur,Punjab,municipality,1271883,74.613110,30.925740
248301,Gardhiwala,Punjab,municipality,1271575,75.755670,31.741470
248311,Garhshankar,Punjab,municipality,1271538,76.141490,31.215370
248357,Giddarbaha,Punjab,municipality,1271212,74.666270,30.199530
248329,Gobindgarh,Punjab,municipality,10733738,76.301920,30.670890
248364,Goniana,Punjab,municipality,10303818,74.912540,30.316790
248292,Goraya,Punjab,municipality,10713768,75.772400,31.124110
248260,Gurdaspur,Punjab,municipality,1270647,75.403180,32.039330
248352,Guru Har Sahai,Punjab,municipality,1270612,74.404070,30.708620
248306,Hariana,Punjab,municipality,13426849,75.792720,31.628510
248308,Hoshiarpur,Punjab,municipal_corporation,1269937,75.912690,31.537230
248343,Jagraon,Punjab,municipality,1269564,75.473910,30.787830
248362,Jaitu,Punjab,municipality,1269488,74.891890,30.451260
248353,Jalalabad,Punjab,municipality,1269445,74.257270,30.606220
248296,Jalandhar,Punjab,municipal_corporation,1268782,75.579170,31.325560
248272,Jandiala Guru,Punjab,municipality,1269267,75.027700,31.561980
248283,Kapurthala,Punjab,municipal_corporation,1267911,75.381050,31.380110
248299,Kartarpur,Punjab,municipality,1267669,75.498470,31.442680
248334,Khanna,Punjab,municipality,1267016,76.221960,30.705470
248324,Kharar,Punjab,municipality,1266960,76.646890,30.746320
248369,Kot Fatta,Punjab,municipality,1266008,75.086700,30.113160
248361,Kot Kapura,Punjab,municipality,7279734,74.832980,30.581900
248321,Kurali,Punjab,municipality,1265545,76.576770,30.834240
277203,Lalru,Punjab,municipality,10436674,76.798690,30.491700
248391,Lehragaga,Punjab,municipality,12501476,75.801440,29.942650
248385,Longowal,Punjab,municipality,7645181,75.681900,30.198460
248338,Ludhiana,Punjab,municipal_corporation,1264728,75.853790,30.912040
248333,Machhiwara,Punjab,municipality,1264644,76.200160,30.915570
248383,Malerkotla,Punjab,municipality,1264111,75.879490,30.530900
248356,Malout,Punjab,municipality,1264138,74.481800,30.211210
248376,Mansa,Punjab,municipality,,75.400922,29.998188
248371,Maur,Punjab,municipality,1263293,75.250000,30.083330
248347,Moga,Punjab,municipal_corporation,1262951,75.168780,30.813830
248320,Morinda,Punjab,municipality,1262426,76.498830,30.790140
248303,Mukerian,Punjab,municipality,1262596,75.617160,31.953940
248359,Muktsar,Punjab,municipality,1262578,74.516600,30.474260
248340,Mullanpur Dakha,Punjab,municipality,10256367,75.660890,30.854570
248397,Nabha,Punjab,municipality,1262319,76.152920,30.375770
248289,Nakodar,Punjab,municipality,1262097,75.475080,31.125860
277196,Nangal,Punjab,municipality,10731106,76.602360,31.061290
248313,Nawanshahr,Punjab,municipality,1261598,76.116130,31.124500
277194,Nayan Gaon,Punjab,municipality,13494597,76.793080,30.775150
248291,Nurmahal,Punjab,municipality,1261124,75.593860,31.096620
248256,Pathankot,Punjab,municipal_corporation,1260137,75.652870,32.274840
248399,Patiala,Punjab,municipal_corporation,1260107,76.392200,30.336250
248395,Patran,Punjab,municipality,7910929,76.048600,29.957700
248277,Patti,Punjab,municipality,1260045,74.858490,31.280920
248336,Payal,Punjab,municipality,1260845,76.060460,30.721310
248286,Phagwara,Punjab,municipal_corporation,1259827,75.773870,31.224520
248293,Phillaur,Punjab,municipality,1259775,75.791110,31.018870
248266,Qadian,Punjab,municipality,1259110,75.376630,31.821980
248314,Rahon,Punjab,municipality,1259022,76.119070,31.052750
248342,Raikot,Punjab,municipality,1258993,75.600000,30.650000
248403,Rajpura,Punjab,municipality,10434595,76.282190,30.477300
248370,Raman,Punjab,municipality,10249965,74.978520,29.950450
248363,Rampura Phul,Punjab,municipality,11184474,75.242530,30.275630
248278,Rayya,Punjab,municipality,10698040,75.235680,31.542350
248319,Rupnagar,Punjab,municipality,1257951,76.526950,30.968960
248325,S.A.S.Nagar - Mohali,Punjab,municipal_corporation,,76.698506,30.717807
248339,Sahnewal,Punjab,municipality,10261694,75.985470,30.841340
248396,Samana,Punjab,municipality,1257559,76.198510,30.153950
248332,Samrala,Punjab,municipality,1257503,76.193240,30.836010
248398,Sanaur,Punjab,municipality,1257482,76.457860,30.301820
248368,Sangat,Punjab,municipality,10249493,74.841260,30.083440
248386,Sangrur,Punjab,municipality,1257402,75.844880,30.245060
248309,Sham Chaurasi,Punjab,municipality,1256676,75.749170,31.500280
248328,Sirhind Fatehgarh Sahib,Punjab,municipality,,76.396820,30.642539
248265,Sri Hargobindpur,Punjab,municipality,1255652,75.477510,31.689450
248254,Sujanpur,Punjab,municipality,10684789,75.607410,32.316250
248285,Sultanpur Lodhi,Punjab,municipality,1255488,75.196020,31.214680
248390,Sunam,Punjab,municipality,1255449,75.799430,30.128830
248350,Talwandi Bhai,Punjab,municipality,1255082,74.929790,30.855840
248380,Tapa,Punjab,municipality,10255848,75.369360,30.297940
248274,Tarn-Taran,Punjab,municipality,1254868,74.927770,31.451910
248302,Urmar Tanda,Punjab,municipality,1253685,75.635490,31.681370
248349,Zira,Punjab,municipality,7645176,74.991060,30.968530
248407,Zirakpur,Punjab,municipality,6989891,76.820930,30.656220
248788,Ajmer,Rajasthan,municipal_corporation,1279159,74.638670,26.452100
248699,Alwar,Rajasthan,municipal_corporation,1278946,76.625000,27.562460
302889,Arnod,Rajasthan,municipality,,74.810607,23.882679
248765,Balotra,Rajasthan,municipality,1277527,72.240000,25.832420
248722,Bandikui,Rajasthan,municipality,1277362,76.573250,27.050870
302924,Banera,Rajasthan,municipality,8224611,74.673600,25.506500
248835,Banswara,Rajasthan,municipality,1277214,74.442500,23.541090
248858,Baran,Rajasthan,municipality,1277084,76.516670,25.100000
248766,Barmer,Rajasthan,municipality,1276901,71.392110,25.745720
248790,Beawar,Rajasthan,municipality,,74.312842,26.107056
248666,Bhadra,Rajasthan,municipality,1276330,75.171380,29.102980
248708,Bharatpur,Rajasthan,municipal_corporation,1276128,77.490090,27.217310
248812,Bhilwara,Rajasthan,municipal_corporation,1275960,74.640810,25.347070
248695,Bhiwadi,Rajasthan,municipality,7279747,76.860560,28.210240
248678,Bidasar,Rajasthan,municipality,1275736,74.317760,27.835980
302998,Bigod,Rajasthan,municipality,1275721,74.973440,25.210550
301915,Bijoliya,Rajasthan,municipality,1275677,75.323280,25.160950
248667,Bikaner,Rajasthan,municipal_corporation,1275665,73.314950,28.017620
302876,Buhana,Rajasthan,municipality,1275374,75.877930,28.206250
248806,Bundi,Rajasthan,municipality,1275103,75.637350,25.438550
248839,Chittorgarh,Rajasthan,municipality,1274040,74.624030,24.889630
302181,Chohtan,Rajasthan,municipality,1274516,71.070470,25.485510
248673,Churu,Rajasthan,municipality,1273892,74.967180,28.304150
302855,Dag,Rajasthan,municipality,1273719,75.834960,23.931780
248725,Dausa,Rajasthan,municipality,1273369,76.335840,26.890000
248705,Deeg,Rajasthan,municipality,1272639,77.325640,27.471880
248799,Deoli,Rajasthan,municipality,1273083,75.379910,25.757280
248713,Dhaulpur,Rajasthan,municipality,1272805,77.879680,26.692860
301914,Diggi,Rajasthan,municipality,1272626,75.437790,26.377320
301438,Dudu,Rajasthan,municipality,1273723,75.233330,26.683330
301913,Dundlod,Rajasthan,municipality,1272210,75.225610,27.902210
248831,Dungarpur,Rajasthan,municipality,1272201,73.714660,23.843060
248718,Gangapur City,Rajasthan,municipality,,76.726681,26.468181
299536,Govindgarh,Rajasthan,municipality,1270854,76.999380,27.504230
248662,Hanumangarh,Rajasthan,municipality,1270407,74.329380,29.581820
248716,Hindaun City,Rajasthan,municipality,1270090,77.035190,26.734110
303088,Jaipur,Rajasthan,municipal_corporation,1269515,75.787810,26.919620
248763,Jaisalmer,Rajasthan,municipality,1269507,70.903870,26.917630
301912,Jakhal,Rajasthan,municipality,11185499,75.443330,27.912590
248767,Jalore,Rajasthan,municipality,1269392,72.615590,25.345580
301911,Jamwa Ramgarh,Rajasthan,municipality,1269278,76.010890,27.020210
302984,Jasol,Rajasthan,municipality,1269171,72.216670,25.816670
248862,Jhalawar,Rajasthan,municipality,1269027,76.164990,24.596330
248863,Jhalrapatan,Rajasthan,municipality,1269020,76.172420,24.542050
248683,Jhunjhunun,Rajasthan,municipality,1268936,75.397970,28.125590
303089,Jodhpur,Rajasthan,municipal_corporation,1268865,73.005940,26.268410
302800,Kaladera,Rajasthan,municipality,1268515,75.623000,27.188150
302921,Kanota,Rajasthan,municipality,1268000,75.948400,26.870970
248717,Karauli,Rajasthan,municipality,1267819,77.027550,26.498310
301415,Kathumar,Rajasthan,municipality,1267484,77.076400,27.319350
248698,Khairthal-Tijara,Rajasthan,municipality,,76.667644,27.947233
248743,Khandela,Rajasthan,municipality,1267044,75.502000,27.604990
302856,Khanpur,Rajasthan,municipality,1267015,76.396010,24.732410
302919,Khatu Khurd,Rajasthan,municipality,1266831,74.352020,27.158010
302813,Khejroli,Rajasthan,municipality,1266797,75.695800,27.332310
248702,Kherli,Rajasthan,municipality,10168772,76.897010,27.428030
248690,Khetri,Rajasthan,municipality,1266744,75.786440,28.000690
248786,Kishangarh,Rajasthan,municipality,1266486,74.853970,26.590060
303090,Kota,Rajasthan,municipal_corporation,1266049,75.839070,25.182540
248727,Kotputli,Rajasthan,municipality,1265961,76.199110,27.702070
248740,Lachhmangarh,Rajasthan,municipality,1265354,75.027540,27.822940
248726,Lalsot,Rajasthan,municipality,1265143,76.329150,26.559510
301909,Lambaharising,Rajasthan,municipality,1265133,75.162590,26.304700
301406,Lawan,Rajasthan,municipality,1264991,72.039140,26.869090
248742,Losal,Rajasthan,municipality,1264756,74.916670,27.400000
302182,Lunkaransar,Rajasthan,municipality,1264668,73.755250,28.501280
275691,Mahwa,Rajasthan,municipality,1264323,76.931520,27.045940
248756,Makrana,Rajasthan,municipality,1264206,74.724450,27.043610
301407,Malakheda,Rajasthan,municipality,,76.854953,27.362503
248794,Malpura,Rajasthan,municipality,1264032,75.364580,26.283800
302612,Malsisar,Rajasthan,municipality,1264024,75.297490,28.353650
302890,Mandar,Rajasthan,municipality,1263893,72.382220,24.559150
302222,Mandhan,Rajasthan,municipality,1263870,76.378080,28.108470
301413,Mandrayal,Rajasthan,municipality,,77.236543,26.303340
302896,Maniyan,Rajasthan,municipality,,77.917700,26.821179
302858,Manoharthana,Rajasthan,municipality,1263648,76.801820,24.240000
301445,Mawali,Rajasthan,municipality,1263282,73.983890,24.783480
248706,Nadbai,Rajasthan,municipality,1262296,77.195690,27.222880
248749,Nagaur,Rajasthan,municipality,1262216,73.733940,27.202010
302180,Napasar,Rajasthan,municipality,1261882,73.559130,27.960590
301905,Narayanpur,Rajasthan,municipality,,76.300392,27.515009
277232,Nasirabad,Rajasthan,municipality,1261727,74.733640,26.304730
248746,Neem-Ka-Thana,Rajasthan,municipality,1261342,75.786520,27.739760
299935,Neemrana,Rajasthan,municipality,1261330,76.385430,27.991930
248665,Nohar,Rajasthan,municipality,1261234,74.770640,29.182920
302206,Pahari,Rajasthan,municipality,,77.085221,27.710256
248778,Pali,Rajasthan,municipal_corporation,1260716,73.323350,25.772760
302948,Palsana,Rajasthan,municipality,1260654,75.378490,27.480800
296922,Paota-Pragpura,Rajasthan,municipality,1259347,76.089210,27.606360
302909,Pisangan,Rajasthan,municipality,1259517,74.379160,26.391790
248844,Pratapgarh,Rajasthan,municipality,1259338,74.781620,24.032150
248787,Pushkar,Rajasthan,municipality,1259148,74.552110,26.490220
302860,Raipur,Rajasthan,municipality,10168764,76.889420,27.340070
248671,Rajgarh (Alwar),Rajasthan,municipality,,76.609868,27.540471
248818,Rajsamand,Rajasthan,municipality,1258797,73.879800,25.071450
301410,Ramgarh Pachwara,Rajasthan,municipality,,76.262420,26.624317
248676,Ratangarh,Rajasthan,municipality,1258366,74.618540,28.081370
248838,Rawatbhata,Rajasthan,municipality,1258297,75.592090,24.929810
248664,Rawatsar,Rajasthan,municipality,1258295,74.402880,29.267240
302942,Riyan Bari,Rajasthan,municipality,,74.242443,26.536820
302861,Sahwa,Rajasthan,municipality,1257748,74.847770,28.873280
302862,Saipau,Rajasthan,municipality,,77.748506,26.816258
248826,Salumbar,Rajasthan,municipality,1257588,74.044420,24.135240
302863,Samadari,Rajasthan,municipality,1257528,72.578790,25.812990
296932,Sapotra,Rajasthan,municipality,1257294,76.752200,26.292800
248720,Sawai Madhopur,Rajasthan,municipality,1256949,76.344080,26.023010
301417,Sawar,Rajasthan,municipality,10307489,75.220720,25.695450
248729,Shahpura,Rajasthan,municipality,1256705,75.959560,27.391200
248741,Sikar,Rajasthan,municipality,1256320,75.139960,27.612060
301451,Sikaray,Rajasthan,municipality,12685459,76.609510,26.909680
301409,Singhana,Rajasthan,municipality,1256167,75.838950,28.099590
248771,Sirohi,Rajasthan,municipality,1256067,72.847940,24.888380
302249,Sojat Road,Rajasthan,municipality,10701315,73.738470,25.887890
248651,Sri Ganganagar,Rajasthan,municipality,1271685,73.874960,29.920090
248744,Sri Madhopur,Rajasthan,municipality,1255643,75.597360,27.465990
248680,Sujangarh,Rajasthan,municipality,1255560,74.466670,27.700000
248783,Sumerpur,Rajasthan,municipality,8224613,73.081570,25.154300
302962,Suroth,Rajasthan,municipality,1255330,77.146960,26.809840
301901,Tantoti,Rajasthan,municipality,1254955,74.818640,26.139560
248715,Todabhim,Rajasthan,municipality,1254283,76.816670,26.916670
248797,Tonk,Rajasthan,municipality,1254241,75.788240,26.166380
248822,Udaipur,Rajasthan,municipal_corporation,1253986,73.713460,24.585840
301408,Vallabhnagar,Rajasthan,municipality,8224617,74.001670,24.676620
301455,Vatika,Rajasthan,municipality,,75.800081,26.711176
248791,Vijainagar,Rajasthan,municipality,1275708,74.649160,25.929760
249694,Gangtok (M Corp.),Sikkim,municipal_corporation,,88.612267,27.329046
249692,Namchi Municipal Council,Sikkim,municipality,1262029,88.363800,27.164940
252840,Adiramapattinam,Tamil Nadu,municipality,1278204,79.379050,10.340590
253014,Ambasamudram,Tamil Nadu,municipality,,77.470000,8.700000
252391,Ambur,Tamil Nadu,municipality,1278815,78.716440,12.791630
252367,Arakkonam,Tamil Nadu,municipality,1278471,79.670530,13.084490
252422,Arani,Tamil Nadu,municipality,1278454,79.285290,12.667710
252854,Aranthangi,Tamil Nadu,municipality,1278448,78.991180,10.172350
252373,Arcot,Tamil Nadu,municipality,1278432,79.318970,12.905690
252767,Ariyalur,Tamil Nadu,municipality,1278405,79.075560,11.138490
252947,Aruppukkottai,Tamil Nadu,municipality,1278340,78.095880,9.509600
252491,Attur,Tamil Nadu,municipality,1278173,78.601430,11.594140
252276,Avadi,Tamil Nadu,municipal_corporation,1278130,80.109810,13.114700
252615,Avinashi,Tamil Nadu,municipality,1278124,77.268650,11.192970
252539,Bhavani,Tamil Nadu,municipality,1276037,77.682150,11.445530
252897,Bodinayakanur,Tamil Nadu,municipality,1275388,77.349760,10.011710
252333,Chengalpattu,Tamil Nadu,municipality,1274430,79.976610,12.691840
252432,Chengam,Tamil Nadu,municipality,1274429,78.791370,12.308890
252781,Chidambaram,Tamil Nadu,municipality,1274256,79.691440,11.399330
252913,Chinnamanur,Tamil Nadu,municipality,1274151,77.381090,9.839990
252653,Coimbatore,Tamil Nadu,municipal_corporation,1273865,76.966120,11.005550
253068,Colachel,Tamil Nadu,municipality,1266322,77.258180,8.179380
252605,Coonoor,Tamil Nadu,municipality,1273833,76.793750,11.349790
252773,Cuddalore,Tamil Nadu,municipal_corporation,1273802,79.766930,11.756170
252918,Cumbum,Tamil Nadu,municipality,1268246,77.284700,9.736470
252864,Devakottai,Tamil Nadu,municipality,1273128,78.823300,9.947040
252592,Dharapuram,Tamil Nadu,municipality,1272873,77.532230,10.738280
252417,Dharmapuri,Tamil Nadu,municipality,1272847,78.157940,12.127700
252707,Dindigul,Tamil Nadu,municipal_corporation,1272543,77.980360,10.368960
252470,Edanganasalai,Tamil Nadu,municipality,11532691,77.988980,11.627210
252468,Edappadi,Tamil Nadu,municipality,11712070,78.657000,11.435890
252568,Erode,Tamil Nadu,municipal_corporation,1272013,77.727410,11.342800
252547,Gobichettipalayam,Tamil Nadu,municipality,1270947,77.442200,11.454960
252294,Greater Chennai Corporation,Tamil Nadu,municipal_corporation,,80.158419,13.099551
252596,Gudalur,Tamil Nadu,municipality,1270820,77.249510,9.678260
252639,Gudalur,Tamil Nadu,municipality,1270819,76.481410,11.520730
252920,Gudalur-Cbe,Tamil Nadu,municipality,11461524,76.949800,11.276640
252351,Gudiyatham,Tamil Nadu,municipality,1270800,78.873770,12.946010
252413,Harur,Tamil Nadu,municipality,1270265,78.480230,12.052670
252399,Hosur,Tamil Nadu,municipal_corporation,11334837,77.778400,12.409260
252765,Jayankondam,Tamil Nadu,municipality,1269102,79.363690,11.212660
252397,Jolarpet,Tamil Nadu,municipality,,78.579719,12.564321
252994,Kadayanallur,Tamil Nadu,municipality,1268707,77.341520,9.072770
300593,Kalakadu,Tamil Nadu,municipality,1268495,77.549440,8.513800
252451,Kallakurichi,Tamil Nadu,municipality,12165956,78.959250,11.733790
252336,Kancheepuram,Tamil Nadu,municipal_corporation,1268159,79.700060,12.835150
290455,Kangeyam,Tamil Nadu,municipality,,77.628250,10.990254
253091,Kanniyakumari,Tamil Nadu,municipality,1268008,77.538410,8.090080
252863,Karaikudi,Tamil Nadu,municipal_corporation,1267885,78.767840,10.066150
252613,Karamadai,Tamil Nadu,municipality,1267869,76.960090,11.240580
252628,Karumathampatti,Tamil Nadu,municipality,1267661,77.182000,11.109330
252725,Karur,Tamil Nadu,municipal_corporation,1267648,78.080950,10.957710
252980,Kayalpattinam,Tamil Nadu,municipality,1267361,78.119920,8.571430
252958,Keelakarai,Tamil Nadu,municipality,,79.127237,10.030872
252713,Kodaikanal,Tamil Nadu,municipality,1266425,77.489320,10.239250
253042,Kollancode,Tamil Nadu,municipality,13494718,77.107990,8.289030
252499,Komarapalayam,Tamil Nadu,municipality,8223943,77.711020,11.444950
252810,Koothanallur,Tamil Nadu,municipality,1265400,79.515700,10.719900
252601,Kotagiri,Tamil Nadu,municipality,1266038,76.860350,11.420720
252440,Kottakuppam,Tamil Nadu,municipality,11679803,79.839230,11.961260
252962,Kovilpatti,Tamil Nadu,municipality,1265891,77.869890,9.171670
252402,Krishnagiri,Tamil Nadu,municipality,1265863,78.213820,12.519210
252731,Kulithalai,Tamil Nadu,municipality,1265723,78.412510,10.934870
252823,Kumbakonam,Tamil Nadu,municipal_corporation,1265683,79.391240,10.962090
252298,Kundrathur,Tamil Nadu,municipality,1465873,80.075140,12.996230
253038,Kuzhithurai,Tamil Nadu,municipality,1265387,77.191920,8.317920
252747,Lalgudi,Tamil Nadu,municipality,1265163,78.819350,10.874190
252665,Madukkarai,Tamil Nadu,municipality,1264524,76.963440,10.905680
252889,Madurai,Tamil Nadu,municipal_corporation,1264521,78.119530,9.919000
252347,Madurantakam,Tamil Nadu,municipality,1264520,79.884850,12.511670
252344,Mamallapuram,Tamil Nadu,municipality,1263997,80.193310,12.620910
252868,Manamadurai,Tamil Nadu,municipality,1263965,78.470960,9.673180
252757,Manapparai,Tamil Nadu,municipality,1263952,78.425820,10.607720
252295,Mangadu,Tamil Nadu,municipality,,80.111418,13.029871
252811,Mannargudi,Tamil Nadu,municipality,1263659,79.450640,10.666260
252330,Maraimalainagar,Tamil Nadu,municipality,13494723,80.025020,12.797820
252794,Mayiladuthurai,Tamil Nadu,municipality,1263247,79.655000,11.103540
252871,Melur,Tamil Nadu,municipality,1263151,78.339300,10.032410
252366,Melvisharam,Tamil Nadu,municipality,1253098,79.277560,12.918080
252612,Mettupalayam,Tamil Nadu,municipality,1263103,76.934850,11.299710
252457,Mettur,Tamil Nadu,municipality,13437634,77.861400,11.754410
252738,Musiri,Tamil Nadu,municipality,1262380,78.444270,10.952990
299500,Nagapattinam,Tamil Nadu,municipality,1262260,79.843130,10.763770
253079,Nagercoil,Tamil Nadu,municipal_corporation,1262204,77.432270,8.178990
252518,Namakkal,Tamil Nadu,municipality,1262039,78.165240,11.221260
252329,Nandivaram - Guduvancheri,Tamil Nadu,municipality,1270787,80.060550,12.845190
252363,Narasingapuram,Tamil Nadu,municipality,11685075,78.577820,11.603790
252769,Nellikuppam,Tamil Nadu,municipality,11421974,79.307500,13.001670
252594,Nelliyalam,Tamil Nadu,municipality,11453263,76.349830,11.501370
252695,Oddanchatram,Tamil Nadu,municipality,8223974,77.749770,10.480130
253061,Padmanabhapuram,Tamil Nadu,municipality,1260918,77.325810,8.244620
252692,Palani,Tamil Nadu,municipality,1260671,77.520900,10.450340
252636,Palladam,Tamil Nadu,municipality,1260697,77.286330,10.991750
252720,Pallapatti,Tamil Nadu,municipality,1260694,77.879510,10.720570
252506,Pallipalayam,Tamil Nadu,municipality,8223942,77.762350,11.365230
252770,Panruti,Tamil Nadu,municipality,1260448,79.552690,11.776620
252952,Paramakudi,Tamil Nadu,municipality,11668156,78.801800,9.633060
252839,Pattukkottai,Tamil Nadu,municipality,1260040,79.319490,10.423580
252762,Perambalur,Tamil Nadu,municipality,1259896,78.883330,11.233330
252902,Periyakulam,Tamil Nadu,municipality,13439297,77.499470,10.124400
252350,Pernambut,Tamil Nadu,municipality,1259892,78.718900,12.934300
252558,Perundurai,Tamil Nadu,municipality,1259855,77.587940,11.275640
252674,Pollachi,Tamil Nadu,municipality,1259440,77.008500,10.658250
252429,Polur,Tamil Nadu,municipality,1259434,79.124050,12.512170
252264,Ponneri,Tamil Nadu,municipality,1259409,80.194870,13.338680
252278,Poonamallee,Tamil Nadu,municipality,1259400,80.114880,13.048880
252848,Pudukkottai,Tamil Nadu,municipal_corporation,1259297,78.821410,10.381280
300381,Pugalur,Tamil Nadu,municipality,1259286,78.020950,11.074010
252990,Puliangudi,Tamil Nadu,municipality,1259263,77.397990,9.174890
252531,Punjaipuliampatti,Tamil Nadu,municipality,1259222,77.166710,11.351630
252923,Rajapalayam,Tamil Nadu,municipality,1258916,77.553350,9.452960
252957,Ramanathapuram,Tamil Nadu,municipality,1258740,78.830770,9.371580
290447,Rameswaram,Tamil Nadu,municipality,1258698,79.312710,9.288500
252364,Ranipet,Tamil Nadu,municipality,1258451,79.333310,12.924710
252512,Rasipuram,Tamil Nadu,municipality,1258386,78.186350,11.460090
252474,Salem,Tamil Nadu,municipal_corporation,1257629,78.155380,11.653760
252992,Sankarankovil,Tamil Nadu,municipality,1257379,77.541070,9.170480
252473,Sankari,Tamil Nadu,municipality,8224728,77.866370,11.475990
252528,Sathyamangalam,Tamil Nadu,municipality,1256989,77.238260,11.505260
252948,Sattur,Tamil Nadu,municipality,1256995,77.924570,9.355920
253006,Sengottai,Tamil Nadu,municipality,,77.242167,8.987261
252360,Sholingur,Tamil Nadu,municipality,1256435,79.420250,13.118100
252791,Sirkali,Tamil Nadu,municipality,1256075,79.735850,11.237250
252866,Sivagangai,Tamil Nadu,municipality,1255953,78.483580,9.847010
252938,Sivakasi,Tamil Nadu,municipal_corporation,1255947,77.797970,9.449990
252299,Sriperumbudur,Tamil Nadu,municipality,1255630,79.941970,12.967630
252932,Srivilliputhur,Tamil Nadu,municipality,1255616,77.633690,9.512720
252993,Surandai,Tamil Nadu,municipality,1255372,77.419230,8.975740
252319,Tambaram,Tamil Nadu,municipal_corporation,1255062,80.127070,12.924600
252997,Tenkasi,Tamil Nadu,municipality,1254744,77.315250,8.960030
252833,Thanjavur,Tamil Nadu,municipal_corporation,1254649,79.139090,10.785230
252466,Tharamangalam,Tamil Nadu,municipality,1254910,77.970350,11.694030
252905,Theni-Allinagaram,Tamil Nadu,municipality,1278983,77.478150,10.027370
252616,Thirumuruganpoondi,Tamil Nadu,municipality,11520175,77.308380,11.164930
252275,Thirunindravur,Tamil Nadu,municipality,1254436,80.027130,13.114480
252398,Thirupathur,Tamil Nadu,municipality,,78.578152,12.558326
252812,Thiruthuraipoondi,Tamil Nadu,municipality,1254341,79.632680,10.528190
252830,Thiruvaiyaru,Tamil Nadu,municipality,1254590,79.103620,10.884050
252434,Thiruvannamalai,Tamil Nadu,municipality,1254327,79.074610,12.226620
252424,Thiruvathipuram,Tamil Nadu,municipality,,79.617440,12.716717
252277,Thiruverkadu,Tamil Nadu,municipality,1466021,80.107780,13.073060
252970,Thoothukudi,Tamil Nadu,municipal_corporation,8629640,78.134250,8.767350
252741,Thuraiyur,Tamil Nadu,municipality,8223939,78.599110,11.148050
252754,Thuvakudi,Tamil Nadu,municipality,11662151,78.821330,10.747250
252438,Tindivanam,Tamil Nadu,municipality,1254444,79.655510,12.234000
252984,Tiruchendur,Tamil Nadu,municipality,1254390,78.119060,8.497250
252502,Tiruchengode,Tamil Nadu,municipality,1254385,77.894440,11.380160
252749,Tiruchirappalli,Tamil Nadu,municipal_corporation,1254388,78.696510,10.815500
252446,Tirukkoyilur,Tamil Nadu,municipality,1254377,79.202590,11.966200
252888,Tirumangalam,Tamil Nadu,municipality,1254372,77.983810,9.823070
253011,Tirunelveli,Tamil Nadu,municipal_corporation,1254361,77.683800,8.727420
252621,Tiruppur,Tamil Nadu,municipal_corporation,1254348,77.354560,11.115410
252269,Tiruttani,Tamil Nadu,municipality,1254342,79.616370,13.175940
252273,Tiruvallur,Tamil Nadu,municipality,1254331,79.908890,13.143760
252808,Tiruvarur,Tamil Nadu,municipality,1254589,79.636800,10.772690
252789,Tittakudi,Tamil Nadu,municipality,,79.115256,11.442171
252600,Udhagamandalam,Tamil Nadu,municipality,1253993,76.695210,11.413400
252683,Udumalpet,Tamil Nadu,municipality,,77.250000,10.583900
252453,Ulundurpettai,Tamil Nadu,municipality,1266511,79.287300,11.690990
252884,Usilampatti,Tamil Nadu,municipality,11661216,78.372580,10.135570
252776,Vadalur,Tamil Nadu,municipality,1265504,79.590660,11.550280
252689,Valparai,Tamil Nadu,municipality,1253472,76.951160,10.326910
252426,Vandavasi,Tamil Nadu,municipality,1253452,79.605560,12.504290
252394,Vaniyambadi,Tamil Nadu,municipality,1253437,78.620140,12.681620
252802,Vedaranyam,Tamil Nadu,municipality,1253330,79.850950,10.372080
252587,Vellakoil,Tamil Nadu,municipality,1253296,77.712420,10.946270
252381,Vellore,Tamil Nadu,municipal_corporation,1253286,79.132550,12.918400
253015,Vikramasingapuram,Tamil Nadu,municipality,1253180,77.390320,8.714770
252442,Villupuram,Tamil Nadu,municipality,1253166,79.492440,11.939750
252787,Virudhachalam,Tamil Nadu,municipality,8223970,79.328240,11.514970
252943,Virudhunagar,Tamil Nadu,municipality,1253113,77.957870,9.585090
252365,Walajapet,Tamil Nadu,municipality,1252997,79.366260,12.925100
263214,Achampet,Telangana,municipality,10525684,78.637580,16.398200
248083,Adilabad,Telangana,municipality,1279344,78.535900,19.672030
290144,Alair,Telangana,municipality,,79.073851,17.646758
290062,Alampur,Telangana,municipality,1279074,78.133520,15.879870
302811,Aliyadbad,Telangana,municipality,1445568,78.598410,17.621990
290104,Amangal,Telangana,municipality,1278924,78.532730,16.849890
290142,Amarchinta,Telangana,municipality,1278915,77.774650,16.373000
260558,Andole Jogipet,Telangana,municipality,,78.078241,17.813984
248090,Armoor,Telangana,municipality,,78.290720,18.790448
301596,Asifabad,Telangana,municipality,1278282,79.284150,19.358510
302289,Aswaraopeta,Telangana,municipality,1278287,81.133950,17.247110
290140,Atmakur,Telangana,municipality,1278200,77.808550,16.338020
290201,Banswada,Telangana,municipality,1277216,77.880070,18.377250
248084,Bellampalli,Telangana,municipality,7302806,79.493000,19.055770
248085,Bhainsa,Telangana,municipality,1276249,77.963360,19.112850
290093,Bheemgal,Telangana,municipality,,78.448067,18.701621
251682,Bhongir,Telangana,municipality,1275848,78.885630,17.515440
290073,Bhootpur,Telangana,municipality,1275024,78.052110,16.699880
253291,Bhupalpalle,Telangana,municipality,12522576,79.863850,18.428660
302728,Bichkunda,Telangana,municipality,1275748,77.706510,18.399930
248092,Bodhan,Telangana,municipality,1275391,77.885810,18.662080
290091,Chandur,Telangana,municipality,10485745,79.058750,16.980850
290075,Chennur,Telangana,municipality,,79.790491,18.855525
290132,Cherial,Telangana,municipality,1274412,78.969420,17.925960
302290,Chevella,Telangana,municipality,1445121,78.137200,17.306780
290089,Chityal,Telangana,municipality,1274029,79.128140,17.231600
290063,Choppandandi,Telangana,municipality,1273994,79.166600,18.579120
290143,Choutuppal,Telangana,municipality,11039180,78.897760,17.257990
305330,Cyberabad Municipal Corporation,Telangana,municipal_corporation,,78.383454,17.450806
302291,Devarakadara,Telangana,municipality,1273110,77.842430,16.620940
251686,Devarakonda,Telangana,municipality,1273109,78.920730,16.691860
290061,Dharmapuri,Telangana,municipality,1272846,79.095810,18.948900
290069,Dornakal,Telangana,municipality,1272367,80.149050,17.444750
260709,Dubbak,Telangana,municipality,10526998,79.134740,17.319300
302293,Edulapuram,Telangana,municipality,,80.101575,17.263408
302294,Gaddapotharam,Telangana,municipality,,78.375536,17.605935
248103,Gadwal,Telangana,municipality,1271819,77.795560,16.235040
254930,Gajwel,Telangana,municipality,1271777,78.682910,17.848160
302324,Gummadidala,Telangana,municipality,,78.367222,17.682291
290090,Haliya,Telangana,municipality,,79.321295,16.781444
253267,Husnabad,Telangana,municipality,1269853,77.651400,17.052540
253265,Huzurabad,Telangana,municipality,1269846,79.398760,18.200890
253257,Huzurnagar,Telangana,municipality,1269845,79.870960,16.894810
251664,Hyderabad,Telangana,municipal_corporation,1269843,78.456360,17.384050
258044,Ibrahimpatnam,Telangana,municipality,1269839,78.651010,17.195730
257993,Ieeja,Telangana,municipality,1269807,77.683330,16.016670
302732,Indresham,Telangana,municipality,,78.263023,17.566611
302304,Isnapur,Telangana,municipality,10468914,78.199470,17.542360
263216,Jadcherla,Telangana,municipality,1269625,78.136660,16.773810
251651,Jagtial,Telangana,municipality,1269562,78.916610,18.794730
253266,Jammikunta,Telangana,municipality,12522578,79.472040,18.292110
251690,Jangaon,Telangana,municipality,1269256,79.152360,17.726020
302736,Jinnaram,Telangana,municipality,1445750,78.333030,17.631790
248086,Kagaz Nagar,Telangana,municipality,8541672,79.466050,19.331590
302727,Kalluru,Telangana,municipality,1268353,80.545820,17.202670
258029,Kalwakurthy,Telangana,municipality,1268300,78.491430,16.663960
248093,Kamareddy,Telangana,municipality,,78.053938,18.316551
251653,Karimnagar,Telangana,municipal_corporation,1267755,79.128560,18.439150
302303,Kesamudram,Telangana,municipality,10485353,79.887670,17.688480
248105,Khammam,Telangana,municipal_corporation,1267076,80.143680,17.247670
290092,Khanapur,Telangana,municipality,1267060,78.646050,19.044100
253255,Kodad,Telangana,municipality,1266416,79.965600,16.998500
290136,Kodangal,Telangana,municipality,1266132,77.629900,17.104680
302302,Kohir,Telangana,municipality,1266364,77.715810,17.599290
257989,Kollapur,Telangana,municipality,1266286,78.320060,16.106830
251652,Korutla,Telangana,municipality,,78.698117,18.825264
290074,Kosgi,Telangana,municipality,1266075,77.718020,16.987860
248109,Kothagudem,Telangana,municipality,10758500,80.748260,18.040470
290138,Kothakota,Telangana,municipality,1266000,77.940040,16.380020
290064,Kothapally,Telangana,municipality,,79.040921,18.456950
297017,Kothur,Telangana,municipality,1445236,78.287340,17.148420
290076,Kyathanpally,Telangana,municipality,10916655,79.457120,18.928620
290077,Luxettipet,Telangana,municipality,1265205,79.216670,18.866670
302301,Maddur,Telangana,municipality,1264591,77.612450,16.860530
257876,Madhira,Telangana,municipality,7302827,80.363080,16.923290
257971,Mahabubabad,Telangana,municipality,1264409,80.002070,17.597280
248101,Mahabubnagar,Telangana,municipality,1264407,77.985970,16.743850
290072,Makthal,Telangana,municipality,,77.513317,16.501082
305331,Malkajgiri Municipal Corporation,Telangana,municipal_corporation,7302828,78.526330,17.447810
248087,Mancherial,Telangana,municipality,1263936,79.428630,18.870740
248088,Mandamarri,Telangana,municipality,7302829,79.474750,18.965060
290094,Manthani,Telangana,municipality,1263610,79.665010,18.650870
248107,Manugur,Telangana,municipality,7302836,80.826710,17.930230
290070,Maripeda,Telangana,municipality,12519681,79.882580,17.373190
248095,Medak,Telangana,municipality,1263230,78.260780,18.045310
253104,Metpalli,Telangana,municipality,7302835,78.625630,18.847240
251689,Miryalaguda,Telangana,municipality,1263012,79.562470,16.872200
302299,Moinabad,Telangana,municipality,1445303,78.275210,17.326670
290141,Mothkur,Telangana,municipality,1262700,79.260540,17.462970
302710,Muduchinthalapally,Telangana,municipality,,78.659243,17.635730
302731,Mulugu,Telangana,municipality,12165955,79.943000,18.191000
251680,Nagarkurnool,Telangana,municipality,,78.683043,16.415763
297095,Nakrekal,Telangana,municipality,1262093,79.427540,17.162590
251685,Nalgonda,Telangana,municipality,1262067,79.267070,17.054390
294879,Nandikonda,Telangana,municipality,1261948,79.300000,16.600000
290131,Narayankhed,Telangana,municipality,1261826,77.772840,18.034130
248102,Narayanpet,Telangana,municipality,1261823,77.495400,16.747990
253275,Narsampet,Telangana,municipality,1261760,79.892270,17.927860
290080,Narsapur,Telangana,municipality,11036940,78.433680,17.822660
290147,Naspur,Telangana,municipality,1261726,79.461650,18.845770
290133,Nereducharla,Telangana,municipality,,79.685817,16.896590
248089,Nirmal,Telangana,municipality,1261288,78.344070,19.096850
248091,Nizamabad,Telangana,municipal_corporation,1261258,78.098800,18.671540
248110,Palwancha,Telangana,municipality,7302847,80.676510,17.581520
290135,Parigi,Telangana,municipality,1260324,77.878100,17.175610
257970,Parkal,Telangana,municipality,1260302,79.700720,18.198410
290139,Pebbair,Telangana,municipality,,77.994196,16.205279
253268,Peddapalli,Telangana,municipality,1259961,79.374420,18.613570
290145,Pochamapally,Telangana,municipality,1445396,78.822780,17.349170
289549,Raikal,Telangana,municipality,1258999,78.805270,18.903470
251648,Ramagundam,Telangana,municipal_corporation,8347656,79.474000,18.755000
290078,Ramayampet,Telangana,municipality,1258717,78.435480,18.117260
248098,Sadasivpet,Telangana,municipality,1257890,77.952630,17.619250
248094,Sangareddy,Telangana,municipality,1257431,78.086690,17.624770
248108,Sathupally,Telangana,municipality,7302851,80.868990,17.249680
254925,Shadnagar,Telangana,municipality,1445197,78.212790,17.064730
290100,Shankarpally,Telangana,municipality,1256649,78.131000,17.452290
248096,Siddipet,Telangana,municipality,1256377,78.848580,18.104830
251654,Sircilla,Telangana,municipality,,78.808597,18.389757
302292,Station Ghanpur,Telangana,municipality,,79.377213,17.854743
290095,Sulthanabad,Telangana,municipality,1261011,79.321550,18.522030
251684,Suryapet,Telangana,municipality,1255344,79.620450,17.140540
248099,Tandur,Telangana,municipality,1255004,77.576980,17.248490
290134,Thirumalagiri,Telangana,municipality,,79.739576,17.103794
290071,Thorrur,Telangana,municipality,10527154,79.658570,17.583500
290079,Toopran,Telangana,municipality,,78.479894,17.842008
253269,Vemulawada,Telangana,municipality,1253275,78.868940,18.465230
248100,Vikarabad,Telangana,municipality,1253182,77.904410,17.338100
290060,Waddepalle,Telangana,municipality,,77.841396,15.936262
248104,Wanaparthy,Telangana,municipality,1252956,78.068890,16.367380
251691,Warangal,Telangana,municipal_corporation,1252948,79.583330,18.000000
290137,Wardhannapet,Telangana,municipality,,79.576139,17.773327
290068,Wyra,Telangana,municipality,12519628,80.356160,17.191450
290146,Yadagirigutta,Telangana,municipality,12519688,78.943360,17.588940
248106,Yellandu,Telangana,municipality,1252745,80.321460,17.590640
302809,Yellapet,Telangana,municipality,1445678,78.489890,17.683320
290067,Yellareddy,Telangana,municipality,1252743,78.017770,18.194330
248097,Zaheerabad,Telangana,municipality,,77.615308,17.679403
251272,Daman,The Dadra And Nagar Haveli And Daman And Diu,municipality,1273618,72.832360,20.414310
251271,Diu,The Dadra And Nagar Haveli And Daman And Diu,municipality,1272502,70.982240,20.714050
251273,Silvassa,The Dadra And Nagar Haveli And Daman And Diu,municipality,1256259,72.996730,20.273860
249785,Agartala Municipal Corporation,Tripura,municipal_corporation,1279290,91.279390,23.836050
249802,Ambassa Municipal Council,Tripura,municipality,1278842,91.854360,23.936000
249798,Belonia Municipal Council,Tripura,municipality,1276502,91.454070,23.251780
261690,Bishalgarh Municipal Council,Tripura,municipality,1275484,91.283250,23.675950
249803,Dharmanagar Municipal Council,Tripura,municipality,1272852,92.166670,24.366670
249804,Kailashahar Municipal Council,Tripura,municipality,1268622,92.003910,24.331990
249783,Khowai Municipal Council,Tripura,municipality,1266649,91.599720,24.079640
249805,Kumarghat Municipal Council,Tripura,municipality,11185730,92.032900,24.159740
261691,Melaghar Municipal Council,Tripura,municipality,1263168,91.329750,23.495490
261692,Mohanpur Municipal Council,Tripura,municipality,12523298,91.371450,23.963800
249786,Ranirbazar Municipal Council,Tripura,municipality,1258447,91.366140,23.834630
261689,Santirbazar Municipal Council,Tripura,municipality,12523315,91.561340,23.312330
249784,Teliamura Municipal Council,Tripura,municipality,12523317,91.630300,23.841740
249796,Udaipur Municipal Council,Tripura,municipality,1253987,91.483330,23.533330
249066,Achhnera,Uttar Pradesh,municipality,1279382,77.756740,27.178260
248917,Afzalgarh,Uttar Pradesh,municipality,1279307,78.673930,29.393700
249062,Agra,Uttar Pradesh,municipal_corporation,1279259,78.016670,27.183330
249545,Ahraura,Uttar Pradesh,municipality,1279219,83.032940,25.015790
249400,Akbarpur,Uttar Pradesh,municipality,10624529,82.814630,26.524900
249095,Aliganj,Uttar Pradesh,municipality,1279023,79.171270,27.493580
249025,Aligarh,Uttar Pradesh,municipal_corporation,1279017,78.074640,27.881450
248950,Amroha,Uttar Pradesh,municipality,1278708,78.469840,28.903140
249011,Anupshahr,Uttar Pradesh,municipality,1278507,78.269140,28.357480
249145,Aonla,Uttar Pradesh,municipality,1278498,79.165210,28.274020
249339,Atarra,Uttar Pradesh,municipality,1278228,80.571550,25.286180
249022,Atrauli,Uttar Pradesh,municipality,1278190,78.285710,28.029640
249273,Auraiya,Uttar Pradesh,municipality,1278152,79.509180,26.465170
249391,Ayodhya,Uttar Pradesh,municipal_corporation,1278094,82.204700,26.799090
249477,Azamgarh,Uttar Pradesh,municipality,1278083,83.183580,26.068320
249428,Baansi,Uttar Pradesh,municipality,1277232,82.934420,27.177490
248947,Bachhraon,Uttar Pradesh,municipality,1278036,78.234560,28.926940
248973,Baghpat,Uttar Pradesh,municipality,1277882,77.218650,28.944850
249074,Bah,Uttar Pradesh,municipality,1277841,78.593850,26.869120
249135,Bahedi,Uttar Pradesh,municipality,1277814,79.497400,28.774160
248935,Bahjoi,Uttar Pradesh,municipality,1277808,78.626590,28.395020
249410,Bahraich,Uttar Pradesh,municipality,1277799,81.594740,27.574290
249497,Ballia,Uttar Pradesh,municipality,1277551,84.148800,25.756660
249414,Balrampur,Uttar Pradesh,municipality,1277525,82.185450,27.429490
249334,Banda,Uttar Pradesh,municipality,1277397,80.334910,25.477580
249212,Bangarmau,Uttar Pradesh,municipality,1277318,80.211490,26.891200
248972,Baraut,Uttar Pradesh,municipality,1277044,77.263340,29.101990
249149,Bareilly,Uttar Pradesh,municipal_corporation,1277013,79.431670,28.366780
249311,Barua Sagar,Uttar Pradesh,municipality,1276806,78.732240,25.372860
249430,Basti,Uttar Pradesh,municipality,13428262,82.660800,26.967360
249353,Belha,Uttar Pradesh,municipality,10658085,81.643040,25.923130
249535,Bhadohi,Uttar Pradesh,municipality,1276335,82.570300,25.395260
249264,Bharthana,Uttar Pradesh,municipality,6995621,79.222880,26.759250
249361,Bharwari(Kaushambi),Uttar Pradesh,municipality,,81.489957,25.561562
297025,Bhinga,Uttar Pradesh,municipality,1275921,81.934300,27.702830
248910,Bijnor,Uttar Pradesh,municipality,1275679,78.136360,29.373000
248931,Bilari,Uttar Pradesh,municipality,1275646,78.803610,28.621460
249470,Bilariaganj,Uttar Pradesh,municipality,1275645,83.226900,26.195930
248941,Bilaspur,Uttar Pradesh,municipality,1275634,79.270300,28.886550
249203,Bilgram,Uttar Pradesh,municipality,1275618,80.032010,27.175090
249282,Bilhaur,Uttar Pradesh,municipality,1275614,80.063880,26.843450
249122,Bilsi,Uttar Pradesh,municipality,1275590,78.910900,28.129410
249345,Bindki,Uttar Pradesh,municipality,1275572,80.576170,26.036130
249162,Bisalpur,Uttar Pradesh,municipality,1275481,79.804720,28.292530
249118,Bisauli,Uttar Pradesh,municipality,1275476,78.936780,28.307720
249193,Biswan,Uttar Pradesh,municipality,10557662,81.167540,27.754910
249126,Budaun,Uttar Pradesh,municipality,1275163,79.126680,28.038110
249005,Bulandshahr,Uttar Pradesh,municipality,1275120,77.857730,28.403920
248937,Chandausi,Uttar Pradesh,municipality,1274767,78.782770,28.451780
248924,Chandpur,Uttar Pradesh,municipality,10327510,78.723520,29.338620
249330,Charkhari,Uttar Pradesh,municipality,1274574,79.748770,25.403040
249256,Chhibramau,Uttar Pradesh,municipality,1274315,79.500780,27.148720
249303,Chirgaon,Uttar Pradesh,municipality,1274099,78.814320,25.571980
249342,Chitrakoot Dham - Karwi,Uttar Pradesh,municipality,,80.912032,25.186907
249543,Chunar,Uttar Pradesh,municipality,1273923,82.882100,25.127760
249421,Colonelganj,Uttar Pradesh,municipality,1273850,81.698680,27.134320
248996,Dadri,Uttar Pradesh,municipality,1273724,77.554030,28.552570
297026,Dataganj,Uttar Pradesh,municipality,1273409,79.408190,28.025300
249013,Debai,Uttar Pradesh,municipality,,78.265717,28.221031
248882,Deoband,Uttar Pradesh,municipality,1273265,77.679640,29.695050
249460,Deoria,Uttar Pradesh,municipality,1273193,83.779360,26.501670
248919,Dhampur,Uttar Pradesh,municipality,1273002,78.510830,29.308830
248946,Dhanaura,Uttar Pradesh,municipality,10585010,78.512360,28.865070
249098,Etah,Uttar Pradesh,municipality,1271992,78.656920,27.558790
249262,Etawah,Uttar Pradesh,municipality,1271987,79.021330,26.776150
249059,Etmadpur,Uttar Pradesh,municipality,1269646,78.198290,27.235410
249156,Faridpur,Uttar Pradesh,municipality,10829775,79.677240,28.740290
249250,Farrukhabad,Uttar Pradesh,municipality,1271942,79.579300,27.391340
249068,Fatehpur Sikri,Uttar Pradesh,municipality,1271900,77.660030,27.093700
249347,Fatehpur(Fatehpur),Uttar Pradesh,municipality,,80.801306,25.916623
249079,Firozabad,Uttar Pradesh,municipal_corporation,1271885,78.397810,27.150920
297027,Gajralua,Uttar Pradesh,municipality,1271780,78.239600,28.845700
297022,Gangaghat,Uttar Pradesh,municipality,,80.402778,26.499444
248878,Gangoh,Uttar Pradesh,municipality,1271644,77.263460,29.780040
249090,Ganj Dundwara,Uttar Pradesh,municipality,1272207,78.941190,27.733080
248993,Garhmukteshwar,Uttar Pradesh,municipality,11071419,78.081600,28.789330
249462,Gaura Barhaj,Uttar Pradesh,municipality,1276972,83.720520,26.273780
276425,Gauriganj,Uttar Pradesh,municipality,1271458,81.692940,26.208090
249290,Ghatampur,Uttar Pradesh,municipality,1271345,80.168030,26.152720
248988,Ghaziabad,Uttar Pradesh,municipal_corporation,1271308,77.439150,28.665350
249512,Ghazipur,Uttar Pradesh,municipality,1271306,83.585260,25.583330
249179,Gola Gokarannath,Uttar Pradesh,municipality,1271049,80.470540,28.078370
249419,Gonda,Uttar Pradesh,municipality,1270996,81.953320,27.131810
249537,Gopi Ganj,Uttar Pradesh,municipality,10543927,82.432000,25.284790
249444,Gorakhpur,Uttar Pradesh,municipal_corporation,1270927,83.368890,26.766280
249006,Gulaothi,Uttar Pradesh,municipality,1270759,77.793180,28.589380
249254,Gursahaiganj,Uttar Pradesh,municipality,1270619,79.731740,27.115180
249305,Gursarai,Uttar Pradesh,municipality,1270618,79.180530,25.616770
248914,Haldaur,Uttar Pradesh,municipality,1270509,78.284370,29.289880
249322,Hamirpur,Uttar Pradesh,municipality,1270455,80.148420,25.955300
248991,Hapur,Uttar Pradesh,municipality,1270393,77.780680,28.729850
249201,Hardoi,Uttar Pradesh,municipality,1270370,80.131650,27.394910
248952,Hasanpur,Uttar Pradesh,municipality,1270251,78.284360,28.722490
297020,Hata,Uttar Pradesh,municipality,10817764,84.171320,26.714790
249037,Hathras,Uttar Pradesh,municipality,1270216,78.052010,27.595510
249012,Jahangirabad,Uttar Pradesh,municipality,1269551,78.105880,28.405490
249240,Jais,Uttar Pradesh,municipality,1269509,81.548550,26.264900
249174,Jalalabad,Uttar Pradesh,municipality,11061358,80.015690,27.932620
249399,Jalalpur,Uttar Pradesh,municipality,13428265,82.657510,26.323840
249294,Jalaun,Uttar Pradesh,municipality,1269422,79.336600,26.145100
249101,Jalesar,Uttar Pradesh,municipality,1269415,78.303100,27.473150
249261,Jaswantnagar,Uttar Pradesh,municipality,1269158,78.902560,26.882710
249505,Jaunpur,Uttar Pradesh,municipality,13428141,82.432370,25.883510
249314,Jhansi,Uttar Pradesh,municipal_corporation,1269006,78.579940,25.458870
263354,Jhinjhak,Uttar Pradesh,municipality,1268962,79.734230,26.560930
249086,Kaasganj,Uttar Pradesh,municipality,1267588,78.645790,27.808820
249248,Kaimganj,Uttar Pradesh,municipality,1268616,79.335250,27.554410
248885,Kairana,Uttar Pradesh,municipality,1268601,77.205400,29.395410
249130,Kakrala,Uttar Pradesh,municipality,10595041,78.757510,28.178470
249295,Kalpi,Uttar Pradesh,municipality,1268325,79.733330,26.116670
248886,Kandhla,Uttar Pradesh,municipality,1268138,77.271010,29.321040
249259,Kannauj,Uttar Pradesh,municipality,6995077,79.841160,27.116430
249286,Kanpur,Uttar Pradesh,municipal_corporation,1267995,80.349750,26.465230
249020,Khair,Uttar Pradesh,municipality,1267182,77.842430,27.941950
249188,Khairabad,Uttar Pradesh,municipality,1267175,80.754610,27.526980
249433,Khalilabad,Uttar Pradesh,municipality,1267115,83.071790,26.772680
248899,Khatauli,Uttar Pradesh,municipality,1266849,77.733020,29.278440
297023,Khekada,Uttar Pradesh,municipality,,77.309095,28.854686
274820,Khoda Makanpur,Uttar Pradesh,municipality,10265221,77.353710,28.622750
249018,Khurja,Uttar Pradesh,municipality,1266607,77.855350,28.253820
248908,Kiratpur,Uttar Pradesh,municipality,10573504,78.842670,29.422790
249299,Konch,Uttar Pradesh,municipality,1266217,79.151270,25.994510
249041,Kosi Kalan,Uttar Pradesh,municipality,,77.436790,27.792541
297024,Kushinagar,Uttar Pradesh,municipality,12032137,83.886890,26.741340
249191,Laharpur,Uttar Pradesh,municipality,1265310,80.902560,27.708270
249182,Lakhimpur,Uttar Pradesh,municipality,1265242,80.779350,27.948220
249318,Lalitpur,Uttar Pradesh,municipality,1265157,78.419150,24.690070
248985,Loni,Uttar Pradesh,municipality,1264773,77.290230,28.751430
249234,Lucknow,Uttar Pradesh,municipal_corporation,1264733,80.923130,26.839280
249441,Maharajganj,Uttar Pradesh,municipality,13428342,83.725820,27.058780
249194,Mahmudabad,Uttar Pradesh,municipality,1264363,81.117750,27.291910
249331,Mahoba,Uttar Pradesh,municipality,1264359,79.875330,25.290500
249106,Mainpuri,Uttar Pradesh,municipality,1264292,79.028820,27.228570
249205,Mallawan,Uttar Pradesh,municipality,1264053,80.148470,27.043640
249359,Manjhanpur,Uttar Pradesh,municipality,1263691,81.375660,25.530460
249099,Marehra,Uttar Pradesh,municipality,10350096,77.672600,28.247580
249052,Mathura-Vrindavan,Uttar Pradesh,municipal_corporation,,77.673536,27.567893
249327,Maudaha,Uttar Pradesh,municipality,1263303,80.114190,25.683120
249488,Maunath Bhanjan,Uttar Pradesh,municipality,1263311,83.561110,25.941670
249308,Mauranipur,Uttar Pradesh,municipality,1263292,79.132760,25.244150
248961,Mawana,Uttar Pradesh,municipality,1263275,77.921990,29.102880
248964,Meerut,Uttar Pradesh,municipal_corporation,1263214,77.706360,28.980020
248945,Milak,Uttar Pradesh,municipality,13429192,79.017110,29.043220
249540,Mirzapur-Cum-Vindhyachal,Uttar Pradesh,municipality,1262995,82.565340,25.144900
249187,Misrikh Cum Neemsar,Uttar Pradesh,municipality,1262988,80.531570,27.431370
248981,Modinagar,Uttar Pradesh,municipality,8440756,77.572950,28.830590
249514,Mohammadabad(Gazipur),Uttar Pradesh,municipality,,83.744581,25.614920
249180,Mohammadi,Uttar Pradesh,municipality,1262629,80.210300,27.953730
248929,Moradabad,Uttar Pradesh,municipal_corporation,1262801,78.776840,28.838930
249474,Mubarakpur,Uttar Pradesh,municipality,10653449,82.906250,26.183770
249503,Mungra Badshahpur,Uttar Pradesh,municipality,1262478,82.191400,25.659220
248983,Muradnagar,Uttar Pradesh,municipality,13427159,77.517260,28.748740
248895,Muzaffarnagar,Uttar Pradesh,municipality,1262332,77.703320,29.470910
248915,Nagina,Uttar Pradesh,municipality,1262200,78.436460,29.444330
248905,Najibabad,Uttar Pradesh,municipality,1262109,78.342740,29.611940
248876,Nakur,Uttar Pradesh,municipality,1262089,77.304380,29.919640
249408,Nanpara,Uttar Pradesh,municipality,1261901,81.500360,27.864590
249436,Nautanwa,Uttar Pradesh,municipality,1261672,83.417890,27.427520
301389,Nawabganj (Bara Banki),Uttar Pradesh,municipality,,81.232300,26.933300
249154,Nawabganj(Bareilly),Uttar Pradesh,municipality,,79.648988,28.491442
249422,Nawabganj(Gonda),Uttar Pradesh,municipality,,82.149020,26.870110
248920,Nehtaur,Uttar Pradesh,municipality,1261415,78.387240,29.324160
248923,Noorpur,Uttar Pradesh,municipality,,78.407469,29.150068
249297,Orai,Uttar Pradesh,municipality,1261039,79.453340,25.990230
249452,Padrauna,Uttar Pradesh,municipality,1260909,83.980870,26.904030
249176,Palia Kalan,Uttar Pradesh,municipality,1260713,80.581370,28.432050
249198,Pihani,Uttar Pradesh,municipality,1259701,80.203430,27.619870
249160,Pilibhit,Uttar Pradesh,municipality,1259686,79.804360,28.631240
248990,Pilkhuwa,Uttar Pradesh,municipality,1259680,77.656000,28.712710
249167,Powayan,Uttar Pradesh,municipality,,80.115437,28.144149
249369,Prayagraj,Uttar Pradesh,municipal_corporation,1278994,81.843220,25.444780
249518,Pt Deen Dayal Nagar(Mughalsarai),Uttar Pradesh,municipality,1262634,83.119680,25.283070
249279,Pukhrayan,Uttar Pradesh,municipality,1259283,79.837390,26.223750
249165,Puranpur,Uttar Pradesh,municipality,1259190,80.148290,28.512830
249241,Rae Bareli,Uttar Pradesh,municipality,1259064,81.233150,26.230900
248943,Rampur,Uttar Pradesh,municipality,1258599,79.026990,28.810140
249495,Rasra,Uttar Pradesh,municipality,1258380,83.854870,25.857600
249326,Rath,Uttar Pradesh,municipality,1258352,79.566600,25.594740
249547,Robertsganj,Uttar Pradesh,municipality,10550162,82.993220,24.876070
249388,Rudauli,Uttar Pradesh,municipality,1258010,81.748750,26.748800
248873,Saharanpur,Uttar Pradesh,municipal_corporation,1257806,77.545220,29.967900
249123,Sahaswan,Uttar Pradesh,municipality,1257800,78.750820,28.072270
248934,Sambhal,Uttar Pradesh,municipality,1257540,78.569590,28.584980
249301,Samthar,Uttar Pradesh,municipality,1257498,78.906830,25.843480
249202,Sandi,Uttar Pradesh,municipality,1257461,79.951900,27.288670
249209,Sandila,Uttar Pradesh,municipality,1257459,80.514970,27.069890
248955,Sardhana,Uttar Pradesh,municipality,1257196,77.614330,29.145510
248875,Sarsawan,Uttar Pradesh,municipality,1257120,77.400700,30.016740
248921,Seohara,Uttar Pradesh,municipality,1256832,78.588370,29.209040
249197,Shahabad,Uttar Pradesh,municipality,1256755,79.940200,27.643100
249501,Shahganj,Uttar Pradesh,municipality,1256735,82.684230,26.049650
297802,Shahjahanpur,Uttar Pradesh,municipal_corporation,6994787,79.682990,27.503290
248888,Shamli,Uttar Pradesh,municipality,1256671,77.309590,29.449700
249071,Shamsabad,Uttar Pradesh,municipality,1256660,78.123580,27.017180
248918,Sherkot,Uttar Pradesh,municipality,1256569,78.574290,29.327040
249015,Shikarpur,Uttar Pradesh,municipality,1256532,78.014110,28.280720
249082,Shikohabad,Uttar Pradesh,municipality,1256529,78.586610,27.108000
249008,Siana,Uttar Pradesh,municipality,1255921,78.060620,28.627170
249427,Siddharth Nagar (Tetri Bazar),Uttar Pradesh,municipality,1261687,83.096330,27.301950
249033,Sikandra Rao,Uttar Pradesh,municipality,1256322,78.379850,27.688590
249003,Sikandrabad,Uttar Pradesh,municipality,1256329,77.700040,28.452260
249083,Sirsaganj,Uttar Pradesh,municipality,1256050,78.686610,27.057150
249438,Siswa Bazar,Uttar Pradesh,municipality,1255995,83.758030,27.146520
249189,Sitapur,Uttar Pradesh,municipality,13428649,80.790470,27.811620
249084,Soron,Uttar Pradesh,municipality,1255704,78.746210,27.890550
248939,Suar,Uttar Pradesh,municipality,10329950,79.168450,28.808140
249404,Sultanpur,Uttar Pradesh,municipality,13428259,82.433000,26.117930
248940,Tanda,Uttar Pradesh,municipality,10824559,79.265940,28.891130
249396,Tanda (Ambedkar Nagar),Uttar Pradesh,municipality,,82.694692,26.518257
248925,Thakurdwara,Uttar Pradesh,municipality,1254695,78.861450,29.192030
249170,Tilhar,Uttar Pradesh,municipality,1254481,79.738270,27.962820
249075,Tundla,Uttar Pradesh,municipality,1254069,78.236830,27.214600
249125,Ujhani,Uttar Pradesh,municipality,1253918,79.008210,28.003110
249223,Unnao,Uttar Pradesh,municipality,1253747,80.487810,26.547060
249417,Utraula,Uttar Pradesh,municipality,1253638,82.418720,27.319330
249531,Varanasi,Uttar Pradesh,municipal_corporation,1253405,83.010410,25.316680
249516,Zamania,Uttar Pradesh,municipality,1252692,83.557860,25.419610
248449,Almora,Uttarakhand,municipal_corporation,1278974,79.659110,29.597130
248447,Bageshwar,Uttarakhand,municipality,1277907,79.771610,29.837380
248467,Bajpur,Uttarakhand,municipality,,79.153863,29.161282
248410,Barahat-Uttarkashi,Uttarakhand,municipality,,78.489268,30.744123
248409,Barkot,Uttarakhand,municipality,1276917,78.205960,30.808610
259826,Berinag,Uttarakhand,municipality,1276436,80.070750,29.801400
248456,Bhimtal,Uttarakhand,municipality,1275931,79.563360,29.344470
248455,Bhowali,Uttarakhand,municipality,13429218,79.485500,29.435890
248423,Chamba,Uttarakhand,municipality,8658972,78.392940,30.343840
248414,Chamoli Gopeshwar,Uttarakhand,municipality,,79.318550,30.408780
248451,Champawat,Uttarakhand,municipality,1274824,80.077830,29.335010
262842,Chiniyalisaur,Uttarakhand,municipality,12519508,78.314400,30.584170
248430,Dehradun,Uttarakhand,municipal_corporation,1273313,78.033920,30.324430
248421,Devprayag,Uttarakhand,municipality,1273119,78.602720,30.146030
248444,Dharchula,Uttarakhand,municipality,1272864,80.519510,29.847070
248445,Didihat,Uttarakhand,municipality,12519519,80.245610,29.800710
248440,Dogadda,Uttarakhand,municipality,1272453,78.611090,29.806730
248433,Doiwala,Uttarakhand,municipality,1272444,78.116590,30.176670
248469,Gadarpur,Uttarakhand,municipality,10805650,79.225860,29.033650
262883,Gangolihat,Uttarakhand,municipality,1271643,80.039980,29.657290
248416,Gochar,Uttarakhand,municipality,11185359,79.176450,30.277630
248459,Haldwani-Cumkathgodam,Uttarakhand,municipal_corporation,1270498,79.528600,29.222540
248485,Haridwar,Uttarakhand,municipal_corporation,1270351,78.160250,29.947910
248428,Herbertpur,Uttarakhand,municipality,1270127,77.740580,30.438630
248462,Jaspur,Uttarakhand,municipality,10573480,78.883830,29.315990
248413,Joshimath,Uttarakhand,municipality,1268814,79.564360,30.555430
248458,Kaladhungi,Uttarakhand,municipality,1268513,79.351000,29.283510
248441,Kanvnagri Kotdwar,Uttarakhand,municipal_corporation,1266014,78.522190,29.746120
248417,Karnaprayag,Uttarakhand,municipality,1267703,79.220280,30.259420
248463,Kashipur,Uttarakhand,municipal_corporation,10576088,78.982540,29.244610
248477,Khatima,Uttarakhand,municipality,1266843,79.970750,28.921340
248474,Kichha,Uttarakhand,municipality,1266575,79.520090,28.911540
248486,Laksar,Uttarakhand,municipality,1265208,78.041480,29.758700
248450,Lohaghat,Uttarakhand,municipality,1264850,80.089650,29.403560
248465,Mahua Kheraganj,Uttarakhand,municipality,10575956,78.945460,29.134740
248482,Manglaur,Uttarakhand,municipality,1263761,77.878360,29.790940
248426,Munikireti-Dhalwala,Uttarakhand,municipality,,78.166667,30.066667
248429,Mussoorie,Uttarakhand,municipality,1262374,78.070680,30.454980
299528,Nagla,Uttarakhand,municipality,10826988,79.522850,28.995610
248424,Narendranagar,Uttarakhand,municipality,1261806,78.287120,30.161730
248438,Pauri,Uttarakhand,municipality,1260016,78.777100,30.152860
248446,Pithoragarh,Uttarakhand,municipal_corporation,1259503,80.209470,29.583490
262841,Purola,Uttarakhand,municipality,1260273,78.077320,30.874630
248457,Ramnagar,Uttarakhand,municipality,1258637,79.128300,29.392500
277190,Ranikhet Chiliyanaula,Uttarakhand,municipality,1258455,79.432290,29.640820
248434,Rishikesh,Uttarakhand,municipal_corporation,1258128,78.292550,30.107780
248478,Roorkee,Uttarakhand,municipal_corporation,1258044,77.891180,29.866320
248419,Rudraprayag,Uttarakhand,municipality,1258003,78.983540,30.284670
248471,Rudrapur,Uttarakhand,municipal_corporation,8740322,79.400000,28.980000
262858,Shivalik Nagar,Uttarakhand,municipality,,78.076870,29.934020
305322,Sirauli Kalan,Uttarakhand,municipality,,79.510542,28.894613
248476,Sitarganj,Uttarakhand,municipality,1255963,79.704360,28.929300
248437,Srinagar,Uttarakhand,municipal_corporation,1255635,78.783410,30.222430
248452,Tanakpur,Uttarakhand,municipality,1255027,80.111390,29.074000
248422,Tehri,Uttarakhand,municipality,1254808,78.480300,30.390860
248427,Vikasnagar,Uttarakhand,municipality,1273943,77.772750,30.469440
249958,Alipurduar,West Bengal,municipality,,89.520000,26.500000
250168,Arambag,West Bengal,municipality,1278466,87.783330,22.883330
250032,Asansol,West Bengal,municipal_corporation,1278314,86.983330,23.683330
250128,Ashokenagar Kalyangarh,West Bengal,municipality,7302861,88.637010,22.864160
250134,Baduria,West Bengal,municipality,1277950,88.786550,22.744310
250175,Baidyabati,West Bengal,municipality,1277780,88.325860,22.784980
250246,Bally,West Bengal,municipality,1277539,88.341150,22.648590
249989,Balurghat,West Bengal,municipality,1277508,88.777320,25.220990
250209,Bankura,West Bengal,municipality,1277264,87.071600,23.232410
250170,Bansberia,West Bengal,municipality,1277240,88.400980,22.953870
250141,Baranagar,West Bengal,municipality,1277082,88.377270,22.641320
250135,Barasat,West Bengal,municipality,1349186,88.838310,22.919470
250132,Barrackpur,West Bengal,municipality,,88.377609,22.764162
250304,Baruipur,West Bengal,municipality,1276832,88.432500,22.365440
250147,Basirhat,West Bengal,municipality,1276759,88.854770,22.661420
250001,Beldanga,West Bengal,municipality,11019292,87.885430,24.036070
249999,Berhampore,West Bengal,municipality,1277820,88.251550,24.104730
250173,Bhadreswar,West Bengal,municipality,1276320,88.338410,22.824490
250125,Bhatpara,West Bengal,municipality,1276058,88.401130,22.866430
250145,Bidhannagar,West Bengal,municipal_corporation,,88.416920,22.590425
250100,Birnagar,West Bengal,municipality,,88.555211,23.236713
250210,Bishnupur,West Bengal,municipality,1275462,87.319910,23.073800
250028,Bolpur,West Bengal,municipality,1275346,87.696950,23.662780
250121,Bongaon,West Bengal,municipality,1277324,88.830840,23.045530
250301,Budge Budge,West Bengal,municipality,1277723,88.181760,22.482750
289244,Buniadpur,West Bengal,municipality,,88.401220,25.386004
250038,Burdwan,West Bengal,municipality,1277029,87.856910,23.255720
250103,Chakdaha,West Bengal,municipality,1274905,88.528720,23.075580
250174,Champdany,West Bengal,municipality,1348675,88.365830,22.797780
250172,Chandannagar,West Bengal,municipal_corporation,1274784,88.367960,22.862250
250226,Chandrakona,West Bengal,municipality,1274699,87.516670,22.733330
250236,Contai,West Bengal,municipality,1344069,87.748920,21.779850
249975,Cooch Behar,West Bengal,municipality,1266436,89.445080,26.325390
250036,Dainhat,West Bengal,municipality,11186364,88.171720,23.605180
249985,Dalkhola,West Bengal,municipality,10303659,87.839000,25.876000
298972,Dankuni,West Bengal,municipality,,88.290744,22.682090
249946,Darjeeling,West Bengal,municipality,1273467,88.266670,27.033330
249995,Dhulian,West Bengal,municipality,1272689,87.953500,24.681270
249970,Dhupguri,West Bengal,municipality,1272674,89.007320,26.589040
250305,Diamond Harbour,West Bengal,municipality,1272657,88.189510,22.192680
249977,Dinhata,West Bengal,municipality,1272532,89.461290,26.135260
273007,Domkal,West Bengal,municipality,12523112,88.543930,24.120650
250027,Dubrajpur,West Bengal,municipality,1272320,87.376480,23.790200
250143,Dum Dum,West Bengal,municipality,1272243,88.422860,22.633410
250034,Durgapur,West Bengal,municipal_corporation,1272175,87.308010,23.515830
250235,Egra,West Bengal,municipality,1272101,87.537940,21.899470
249991,English Bazar,West Bengal,municipality,1269723,88.145730,25.004470
299774,Falakata,West Bengal,municipality,1271965,89.204230,26.519630
249988,Gangarampore,West Bengal,municipality,1271670,88.529780,25.401380
250129,Garulia,West Bengal,municipality,1348674,88.374440,22.821110
250105,Gayeshpur,West Bengal,municipality,,88.496111,22.956871
250229,Ghatal,West Bengal,municipality,1271346,87.733990,22.662440
250126,Gobardanga,West Bengal,municipality,1271142,88.754790,22.877400
250037,Guskara,West Bengal,municipality,1270598,87.734840,23.492760
250127,Habra,West Bengal,municipality,1270568,88.656060,22.842020
250234,Haldia,West Bengal,municipality,1344377,88.109750,22.060460
249972,Haldibari,West Bengal,municipality,1270504,88.782200,26.338870
250123,Halisahar,West Bengal,municipality,1270484,88.418590,22.932180
273006,Haringhata,West Bengal,municipality,1270336,88.574510,22.964740
250171,Hooghly Chinsurah,West Bengal,municipality,1269910,88.396740,22.908770
250247,Howrah,West Bengal,municipal_corporation,1270396,88.318570,22.576880
249982,Islampore,West Bengal,municipality,1269665,88.189820,26.265410
249956,Jalpaiguri,West Bengal,municipality,1269388,88.733330,26.516670
249996,Jangipur,West Bengal,municipality,1269247,88.076590,24.470010
250306,Jaynagar Mazilpur,West Bengal,municipality,,88.420081,22.175198
250214,Jhalda,West Bengal,municipality,1269026,85.976430,23.365450
250231,Jhargram,West Bengal,municipality,1268990,86.994970,22.453840
249997,Jiaganj Azimganj,West Bengal,municipality,,88.261914,24.238101
249984,Kaliaganj,West Bengal,municipality,1268383,88.326650,25.634420
249947,Kalimpong,West Bengal,municipality,1268403,88.630840,27.034610
250040,Kalna,West Bengal,municipality,1268341,88.362950,23.219440
250104,Kalyani,West Bengal,municipality,1268293,88.433700,22.975700
250140,Kamarhati,West Bengal,municipality,1268257,88.374720,22.671110
250122,Kanchrapara,West Bengal,municipality,1268715,88.428490,22.959980
250000,Kandi,West Bengal,municipality,1268135,88.040180,23.959460
250035,Katwa,West Bengal,municipality,1267457,88.132580,23.645580
250232,Kharagpur,West Bengal,municipality,1266976,87.325010,22.339710
250228,Kharar,West Bengal,municipality,1266962,87.678240,22.722110
250137,Khardah,West Bengal,municipality,1266945,88.378060,22.718610
250227,Khirpai,West Bengal,municipality,1266708,87.617680,22.709960
250299,Kolkata,West Bengal,municipal_corporation,,88.353062,22.562379
250178,Konnagar,West Bengal,municipality,1266179,88.344460,22.705080
250096,Krishnanagar,West Bengal,municipality,1265859,88.490730,23.405760
249949,Kurseong,West Bengal,municipality,1267675,88.277290,26.882510
250136,Madhyamgram,West Bengal,municipality,1264543,88.445940,22.689440
250300,Maheshtala,West Bengal,municipality,1348843,88.253220,22.508620
249955,Mal,West Bengal,municipality,,88.667817,26.786495
249974,Mathabhanga,West Bengal,municipality,1263395,89.215550,26.341970
301103,Maynaguri,West Bengal,municipality,,88.822132,26.565252
249973,Mekliganj,West Bengal,municipality,,88.892817,26.392914
250039,Memari,West Bengal,municipality,1263148,88.097490,23.176470
250230,Midnapore,West Bengal,municipality,1263220,87.322570,22.421140
249998,Murshidabad,West Bengal,municipality,1262412,88.271710,24.183900
250097,Nabadwip,West Bengal,municipality,1261669,88.368610,23.406700
250124,Naihati,West Bengal,municipality,1262131,88.415210,22.893960
253250,Nalhati,West Bengal,municipality,1262065,87.828990,24.297040
250139,New Barrackpore,West Bengal,municipality,,88.444641,22.686068
250131,North Barrackpore,West Bengal,municipality,1277100,88.363360,22.766020
250142,North Dum Dum,West Bengal,municipality,,88.419070,22.652080
249990,Old Malda,West Bengal,municipality,,88.135715,25.042468
250138,Panihati,West Bengal,municipality,1260482,88.374040,22.690890
253229,Panskura,West Bengal,municipality,1260445,87.717460,22.404180
250302,Pujali,West Bengal,municipality,1348820,88.145240,22.467870
250215,Purulia,West Bengal,municipality,1259163,86.363030,23.330620
250213,Raghunathpur,West Bengal,municipality,1259049,86.673500,23.538780
249983,Raiganj,West Bengal,municipality,1259009,88.124490,25.612810
250303,Rajpur Sonarpur,West Bengal,municipality,1255783,88.432050,22.438200
250225,Ramjibanpur,West Bengal,municipality,1258658,87.608880,22.828150
250024,Rampurhat,West Bengal,municipality,1258581,87.782750,24.177370
250101,Ranaghat,West Bengal,municipality,1258546,88.566670,23.176230
250177,Rishra,West Bengal,municipality,1258126,88.345630,22.723940
250025,Sainthia,West Bengal,municipality,1257751,87.680450,23.948260
250099,Santipur,West Bengal,municipality,1257327,88.433330,23.250000
250176,Serampore,West Bengal,municipality,1256422,88.342220,22.752780
249957,Siliguri,West Bengal,municipal_corporation,1256525,88.428510,26.710040
250208,Sonamukhi,West Bengal,municipality,1255792,87.413360,23.305210
250144,South Dum Dum,West Bengal,municipality,,88.394493,22.607672
250026,Suri,West Bengal,municipality,1255955,87.527730,23.908060
250148,Taki,West Bengal,municipality,1255211,88.932530,22.588670
250233,Tamralipta,West Bengal,municipality,,87.925893,22.300681
250169,Tarakeswar,West Bengal,municipality,1254912,88.013630,22.886050
250133,Titagarh,West Bengal,municipality,1254309,88.373260,22.742520
249976,Tufanganj,West Bengal,municipality,1254131,89.665490,26.316880
250248,Uluberia,West Bengal,municipality,1253880,88.098980,22.475600
250179,Uttarpara Kotrung,West Bengal,municipality,,88.343718,22.667546
