country_code,administrative_code,name_zh,source_name,name_source
MN,capital-ulaanbaatar,乌兰巴托,Улаанбаатар,reference
MN,national-darkhan,达尔汗,Дархан,reference
MN,national-erdenet,额尔登特,Эрдэнэт,reference
MN,national-choibalsan,乔巴山,Чойбалсан,reference
MN,aimag-uliastai,乌里雅苏台城,Улиастай,reference
MN,aimag-olgii,乌列盖,Өлгий,reference
MN,aimag-moron,木伦,Мөрөн,manual
MN,aimag-tsetserleg,车车尔勒格,Цэцэрлэг,reference
MN,aimag-khovd,科布多,Ховд,reference
MN,aimag-ulaangom,乌兰固木,Улаангом,reference
MN,aimag-sukhbaatar,苏赫巴托尔,Сүхбаатар,reference
MN,aimag-bayankhongor,巴彦洪戈尔,Баянхонгор,reference
MN,aimag-chinggis,温都尔汗,Чингис,reference
MN,aimag-zuunmod,宗莫德,Зуунмод,reference
MN,aimag-baruun-urt,西乌尔特,Баруун-Урт,reference
MN,aimag-sainshand,赛音山达,Сайншанд,manual
MN,aimag-dalanzadgad,达兰扎德嘎德,Даланзадгад,reference
MN,aimag-arvaikheer,阿尔拜赫雷,Арвайхээр,manual
MN,aimag-mandalgovi,曼达勒戈壁,Мандалговь,reference
MN,aimag-altai,阿尔泰,Алтай,reference
MN,aimag-bulgan,布尔干,Булган,reference
MN,aimag-zuunkharaa,宗哈拉,Зүүнхараа,manual
MN,aimag-tosontsengel,托孙臣格勒,Тосонцэнгэл,manual
MN,aimag-choir,乔伊尔,Чойр,reference
PH,0102805000,巴塔克,Batac,phonetic_translation
PH,0102812000,佬沃,Laoag,reference
PH,0102906000,坎东,Candon,reference
PH,0102934000,美岸,Vigan,reference
PH,0103314000,圣费尔南多,San Fernando,reference
PH,0105503000,阿拉米诺斯,Alaminos,reference
PH,0105518000,达古潘,Dagupan,reference
PH,0105532000,桑托斯·卡洛斯,San Carlos,phonetic_translation
PH,0105546000,乌达内塔,Urdaneta,reference
PH,0201529000,土格加劳,Tuguegarao City,reference
PH,0203108000,卡亚扬,Cauayan,phonetic_translation
PH,0203114000,伊拉甘,Ilagan,reference
PH,0203135000,圣地亚哥,Santiago,phonetic_translation
PH,0300803000,巴兰加,Balanga,reference
PH,0301403000,巴里瓦格,Baliwag,phonetic_translation
PH,0301410000,马洛洛斯,Malolos,reference
PH,0301412000,梅卡瓦延,Meycauayan,reference
PH,0301420000,圣何塞-德尔蒙特,San Jose Del Monte,reference
PH,0304903000,甲万那端,Cabanatuan,reference
PH,0304908000,加潘,Gapan,reference
PH,0304917000,穆尼奥斯科技城,Science City of Muñoz,phonetic_translation
PH,0304919000,帕拉扬,Palayan,reference
PH,0304926000,圣荷西,San Jose City,reference
PH,0305409000,马巴拉卡特,Mabalacat City,reference
PH,0305416000,圣费尔南多,San Fernando,reference
PH,0306916000,打拉,Tarlac,reference
PH,0330100000,安吉尔,Angeles,phonetic_translation
PH,0331400000,奥隆阿波,Olongapo,reference
PH,0401005000,巴卡斯,Batangas City,phonetic_translation
PH,0401007000,卡拉卡,Calaca,phonetic_translation
PH,0401014000,利巴,Lipa,reference
PH,0401028000,圣托马斯,Sto. Tomas,phonetic_translation
PH,0401031000,塔纳万,Tanauan,reference
PH,0402103000,巴科奥,Bacoor,phonetic_translation
PH,0402104000,卡尔莫纳,Carmona,phonetic_translation
PH,0402105000,甲米地,Cavite,reference
PH,0402106000,达斯马里尼亚斯,Dasmariñas,reference
PH,0402108000,将军特里亚斯,General Trias,reference
PH,0402109000,伊穆斯,Imus,reference
PH,0402119000,塔盖泰,Tagaytay,reference
PH,0402122000,十三,Trece Martires,phonetic_translation
PH,0403403000,比尼扬 (菲律宾),Biñan,reference
PH,0403404000,卡布尧,Cabuyao,reference
PH,0403405000,卡兰巴,Calamba,reference
PH,0403424000,圣巴勃罗,San Pablo,reference
PH,0403425000,圣佩德罗,San Pedro,reference
PH,0403428000,圣罗莎,Santa Rosa,reference
PH,0405647000,塔亚巴斯,Tayabas,phonetic_translation
PH,0405802000,安蒂波洛,Antipolo,reference
PH,0431200000,卢塞纳,Lucena,reference
PH,0500506000,黎牙实比市,Legazpi,reference
PH,0500508000,里高,Ligao,reference
PH,0500517000,塔瓦科,Tabaco,reference
PH,0501716000,阿里卡,Iriga,reference
PH,0501724000,那牙,Naga,reference
PH,0504111000,马斯巴特,Masbate,phonetic_translation
PH,0506216000,索科贡市,Sorsogon,reference
PH,0601914000,罗克斯,Roxas,phonetic_translation
PH,0603035000,帕西,Passi,phonetic_translation
PH,0631000000,伊洛伊洛市,Iloilo,reference
PH,0701242000,塔格巴兰,Tagbilaran,phonetic_translation
PH,0702211000,布哥,Bogo,phonetic_translation
PH,0702214000,卡卡尔,Carcar,phonetic_translation
PH,0702223000,达瑙,Danao City,phonetic_translation
PH,0702234000,那牙,Naga,reference
PH,0702250000,塔里萨伊,Talisay,reference
PH,0702251000,托莱多,Toledo,reference
PH,0730600000,宿务,Cebu,phonetic_translation
PH,0731100000,拉普拉普市,Lapu-Lapu,reference
PH,0731300000,曼达韦市,Mandaue,reference
PH,0802604000,博龙岸,Borongan,reference
PH,0803708000,湾湾,Baybay,reference
PH,0803738000,奥尔莫克,Ormoc City,reference
PH,0806003000,甲描育,Calbayog,reference
PH,0806005000,卡巴洛干市,Catbalogan,reference
PH,0806407000,马萨因,Maasin,phonetic_translation
PH,0831600000,塔克洛班,Tacloban,reference
PH,0907201000,达皮丹,Dapitan,reference
PH,0907202000,第波罗,Dipolog,reference
PH,0907322000,帕贾迪恩,Pagadian,phonetic_translation
PH,0931700000,三宝颜,Zamboanga,reference
PH,0990101000,伊莎贝拉,Isabela,reference
PH,1001312000,马利巴亚,Malaybalay,phonetic_translation
PH,1001321000,巴伦西亚城,Valencia,reference
PH,1004209000,奥罗基耶塔,Oroquieta,reference
PH,1004210000,奥三棉示,Ozamiz,reference
PH,1004215000,塔格布,Tangub,phonetic_translation
PH,1004307000,萨尔瓦多,El Salvador,reference
PH,1004308000,欣奥奥格,Gingoog,reference
PH,1030500000,卡加延德奥罗,Cagayan De Oro,reference
PH,1030900000,伊利甘,Iligan,reference
PH,1102315000,巴拿波,Panabo,reference
PH,1102317000,萨马尔,Island Garden City of Samal,reference
PH,1102319000,塔古姆,Tagum,reference
PH,1102403000,狄高斯,Digos,reference
PH,1102509000,马蒂,Mati,reference
PH,1130700000,达沃市,Davao,reference
PH,1204704000,基达帕万,Kidapawan,reference
PH,1206306000,科罗纳达尔,Koronadal,reference
PH,1206511000,塔酷榕市,Tacurong,reference
PH,1230800000,桑托斯将军城,General Santos,reference
PH,1380100000,加洛坎,Caloocan,reference
PH,1380200000,拉斯比尼亚,Las Piñas,phonetic_translation
PH,1380300000,马卡蒂,Makati,reference
PH,1380400000,马拉邦,Malabon,phonetic_translation
PH,1380500000,曼达卢永市,Mandaluyong,reference
PH,1380600000,马尼拉,Manila,reference
PH,1380700000,马利金纳,Marikina,reference
PH,1380800000,蒙廷卢帕,Muntinlupa,phonetic_translation
PH,1380900000,纳沃塔斯,Navotas,reference
PH,1381000000,帕拉纳科,Parañaque,phonetic_translation
PH,1381100000,帕赛,Pasay City,phonetic_translation
PH,1381200000,帕西格,Pasig,reference
PH,1381300000,奎松市,Quezon City,reference
PH,1381400000,仙范市,San Juan,reference
PH,1381500000,达义市,Taguig,reference
PH,1381600000,瓦伦苏埃拉,Valenzuela,phonetic_translation
PH,1403213000,塔布克,Tabuk,phonetic_translation
PH,1430300000,碧瑶,Baguio,reference
PH,1600203000,卡巴达巴兰,Cabadbaran,phonetic_translation
PH,1600301000,巴尤甘,Bayugan,phonetic_translation
PH,1606724000,苏里高,Surigao,reference
PH,1606803000,比斯利格市,Bislig,reference
PH,1606819000,丹达,Tandag,reference
PH,1630400000,武端市,Butuan,reference
PH,1705205000,卡拉潘,Calapan,reference
PH,1731500000,普林塞萨港,Puerto Princesa,reference
PH,1804502000,巴哥,Bago,reference
PH,1804504000,加迪兹,Cadiz,phonetic_translation
PH,1804509000,埃斯卡兰特,Escalante,reference
PH,1804510000,海马马鞍,Himamaylan,reference
PH,1804515000,卡班卡兰,Kabankalan,reference
PH,1804516000,拉卡洛塔,La Carlota,reference
PH,1804523000,萨加,Sagay,reference
PH,1804524000,圣卡洛斯,San Carlos,reference
PH,1804526000,锡莱市,Silay,reference
PH,1804527000,斯帕莱,Sipalay,reference
PH,1804528000,塔里萨伊,Talisay,reference
PH,1804531000,维多利亚,Victorias,reference
PH,1804604000,拜斯,Bais,reference
PH,1804606000,巴湾湾,Bayawan,reference
PH,1804608000,坎拉翁,Canlaon,reference
PH,1804610000,朗芒芽地,Dumaguete,reference
PH,1804611000,吉胡尔岸,Guihulngan,reference
PH,1804621000,塔尼贾,Tanjay,phonetic_translation
PH,1830200000,巴科洛德,Bacolod,reference
PH,1900702000,拉米坦市,Lamitan,reference
PH,1903617000,马拉维,Marawi,reference
PH,1908703000,库塔布达罗,Cotabato,phonetic_translation
ID,11.71,班达亚齐,Banda Aceh,reference
ID,11.72,沙璜,Sabang,reference
ID,11.73,洛坤,Lhokseumawe,phonetic_translation
ID,11.74,冷沙,Langsa,reference
ID,11.75,苏卜乌萨拉姆,Subulussalam,phonetic_translation
ID,12.71,棉兰,Medan,reference
ID,12.72,先达,Pematangsiantar,reference
ID,12.73,实武牙,Sibolga,reference
ID,12.74,丹戎巴来,Tanjungbalai,reference
ID,12.75,民礼,Binjai,reference
ID,12.76,特比亭高,Tebing Tinggi,phonetic_translation
ID,12.77,帕德朗西杜曼潘,Padangsidimpuan,phonetic_translation
ID,12.78,古农西托利,Gunungsitoli,reference
ID,13.71,巴东,Padang,reference
ID,13.72,索洛克,Solok,reference
ID,13.73,沙哇伦多,Sawahlunto,reference
ID,13.74,巴当班让,Padang Panjang,reference
ID,13.75,武吉丁宜,Bukittinggi,reference
ID,13.76,巴爷公务,Payakumbuh,reference
ID,13.77,帕里曼,Pariaman,phonetic_translation
ID,14.71,北干巴鲁,Pekanbaru,reference
ID,14.72,杜迈,Dumai,reference
ID,15.71,占碑,Jambi,reference
ID,15.72,双溪珀努,Sungai Penuh,reference
ID,16.71,巨港,Palembang,reference
ID,16.72,帕加拉兰,Pagar Alam,reference
ID,16.73,卢布林高,Lubuk Linggau,reference
ID,16.74,普拉布穆利,Prabumulih,reference
ID,17.71,明古鲁,Bengkulu,reference
ID,18.71,楠榜港,Bandar Lampung,reference
ID,18.72,梅托,Metro,phonetic_translation
ID,19.71,邦加槟港,Pangkal Pinang,reference
ID,21.71,巴塔麻,Batam,phonetic_translation
ID,21.72,廖都,Tanjung Pinang,reference
ID,31.71,中雅加达,Jakarta Pusat,reference
ID,31.72,北雅加达,Jakarta Utara,reference
ID,31.73,西雅加达,Jakarta Barat,reference
ID,31.74,雅加达南区,Jakarta Selatan,reference
ID,31.75,东雅加达,Jakarta Timur,reference
ID,32.71,茂物,Bogor,reference
ID,32.72,苏加武眉,Sukabumi,reference
ID,32.73,万隆,Bandung,reference
ID,32.74,井里汶,Cirebon,reference
ID,32.75,勿加泗,Bekasi,reference
ID,32.76,德博市,Depok,reference
ID,32.77,市米哈,Cimahi,phonetic_translation
ID,32.78,塔西克玛拉雅,Tasikmalaya,phonetic_translation
ID,32.79,班,Banjar,phonetic_translation
ID,33.71,马格朗,Magelang,reference
ID,33.72,梭罗,Surakarta,reference
ID,33.73,萨拉蒂加,Salatiga,phonetic_translation
ID,33.74,三宝垄,Semarang,reference
ID,33.75,北加浪岸,Pekalongan,reference
ID,33.76,直葛,Tegal,reference
ID,34.71,日惹,Yogyakarta,reference
ID,35.71,谏义里,Kediri,reference
ID,35.72,勿里达,Blitar,reference
ID,35.73,玛琅,Malang,reference
ID,35.74,庞越,Probolinggo,reference
ID,35.75,岩望,Pasuruan,reference
ID,35.76,莫佐克托,Mojokerto,reference
ID,35.77,茉莉芬,Madiun,reference
ID,35.78,泗水,Surabaya,reference
ID,35.79,巴都,Batu,reference
ID,36.71,丹格朗,Tangerang,reference
ID,36.72,芝勒贡,Cilegon,reference
ID,36.73,西冷,Serang,reference
ID,36.74,南唐格朗,Tangerang Selatan,reference
ID,51.71,登巴萨,Denpasar,reference
ID,52.71,马塔兰,Mataram,reference
ID,52.72,比马,Bima,reference
ID,53.71,古邦,Kupang,reference
ID,61.71,坤甸,Pontianak,reference
ID,61.72,山口洋,Singkawang,reference
ID,62.71,帕朗卡拉亚,Palangkaraya,reference
ID,63.71,班达兰顺,Banjarmasin,phonetic_translation
ID,63.72,巴宁巴鲁,Banjarbaru,phonetic_translation
ID,64.71,巴厘巴板,Balikpapan,reference
ID,64.72,沙马林达,Samarinda,reference
ID,64.74,邦唐,Bontang,reference
ID,65.71,打拉根,Tarakan,reference
ID,71.71,万鸦老,Manado,reference
ID,71.72,比通,Bitung,reference
ID,71.73,托莫洪,Tomohon,reference
ID,71.74,哥打莫巴谷,Kotamobagu,reference
ID,72.71,帕卢,Palu,phonetic_translation
ID,73.71,马卡萨,Makassar,phonetic_translation
ID,73.72,帕雷帕雷,Parepare,phonetic_translation
ID,73.73,帕洛波,Palopo,phonetic_translation
ID,74.71,肯达里,Kendari,reference
ID,74.72,巴务巴务市,Bau Bau,reference
ID,75.71,哥伦打洛,Gorontalo,reference
ID,81.71,安汶,Ambon,reference
ID,81.72,图阿尔,Tual,reference
ID,82.71,坦内特,Ternate,phonetic_translation
ID,82.72,蒂多雷群岛,Tidore Kepulauan,phonetic_translation
ID,91.71,查雅普拉,Jayapura,reference
ID,96.71,索龙,Sorong,reference
VN,01,河内,Hà Nội,reference
VN,31,海防市,Hải Phòng,reference
VN,46,顺化市,Huế,reference
VN,48,岘港,Đà Nẵng,manual
VN,79,胡志明市,Hồ Chí Minh,reference
VN,92,芹苴市,Cần Thơ,reference
TH,NCM-KHON-KAEN,孔敬,Khon Kaen,reference
TH,NCM-BAN-SUAN,班桑,Ban Suan,phonetic_translation
TH,NCM-CHAO-PHRAYA-SURASAK,查亚帕亚萨拉克,Chao Phraya Surasak,phonetic_translation
TH,NCM-LAEM-CHABANG,拉艾姆查邦,Laem Chabang,phonetic_translation
TH,NCM-CHIANG-RAI,清莱,Chiang Rai,reference
TH,NCM-CHIANG-MAI,清迈,Chiang Mai,reference
TH,NCM-TRANG,董里,Trang,reference
TH,NCM-MAE-SOT,湄索,Mae Sot,reference
TH,NCM-NAKHON-PATHOM,佛统,Nakhon Pathom,reference
TH,NCM-NAKHON-RATCHASIMA,那空叻差是玛,Nakhon Ratchasima,reference
TH,NCM-NAKHON-SI-THAMMARAT,那空是贪玛叻,Nakhon Si Thammarat,reference
TH,NCM-NAKHON-SAWAN,那空沙旺,Nakhon Sawan,reference
TH,NCM-BANG-BUA-THONG,邦布阿忠邦布阿忠邦布阿忠邦布阿忠,Bang Bua Thong,phonetic_translation
TH,NCM-PAK-KRET,巴革,Pak Kret,reference
TH,NCM-NONTHABURI,暖武里,Nonthaburi,reference
TH,NCM-BURI-RAM,武里南,Buri Ram,reference
TH,NCM-RANGSIT,拉差达,Rangsit,phonetic_translation
TH,NCM-HUA-HIN,华欣,Hua Hin,phonetic_translation
TH,NCM-PHRA-NAKHON-SI-AYUTTHAYA,阿瑜陀耶,Phra Nakhon Si Ayutthaya,reference
TH,NCM-PHITSANULOK,彭世洛,Phitsanulok,reference
TH,NCM-PHUKET,普吉市,Phuket,reference
TH,NCM-YALA,也拉,Yala,reference
TH,NCM-MAP-TA-PHUT,玛普塔武特,Map Ta Phut,phonetic_translation
TH,NCM-RAYONG,罗勇市,Rayong,reference
TH,NCM-LAMPANG,南邦,Lampang,reference
TH,NCM-SAKON-NAKHON,沙功那空,Sakon Nakhon,reference
TH,NCM-SONGKHLA,宋卡,Songkhla,reference
TH,NCM-HAT-YAI,合艾,Hat Yai,reference
TH,NCM-SAMUT-PRAKAN,沙没巴干,Samut Prakan,reference
TH,NCM-OM-NOI,翁诺伊,Om Noi,phonetic_translation
TH,NCM-SAMUT-SAKHON,沙没沙空,Samut Sakhon,reference
TH,NCM-KO-SAMUI,苏梅岛,Ko Samui,phonetic_translation
TH,NCM-SURAT-THANI,素叻他尼,Surat Thani,reference
TH,NCM-UDON-THANI,乌隆他尼,Udon Thani,reference
TH,NCM-UBON-RATCHATHANI,乌汶叻差他尼,Ubon Ratchathani,reference
TH,SLA-BANGKOK,曼谷,Bangkok,reference
TH,SLA-PATTAYA,芭堤雅,Pattaya,reference
MY,0101,新山,Johor Bahru,reference
MY,0102,依斯干达公主城,Iskandar Puteri,reference
MY,0116,巴西古当,Pasir Gudang,reference
MY,0201,亚罗士打,Alor Setar,reference
MY,0401,马六甲市,Melaka,reference
MY,0501,芙蓉市,Seremban,reference
MY,0601,关丹,Kuantan,reference
MY,0701,乔治市,Penang Island,reference
MY,0702,槟城,Seberang Perai,phonetic_translation
MY,0801,怡保,Ipoh,reference
MY,1001,莎阿南,Shah Alam,reference
MY,1003,八打灵再也,Petaling Jaya,reference
MY,1005,巴生市,Klang,reference
MY,1007,梳邦再也,Subang Jaya,reference
MY,1101,瓜拉登嘉楼,Kuala Terengganu,reference
MY,1201,哥打基纳巴卢,Kota Kinabalu,reference
MY,1301,古晋北区,Kuching North,phonetic_translation
MY,1302,古晋南区,Kuching South,phonetic_translation
MY,1303,美里,Miri,reference
MY,DBKL,吉隆坡,Kuala Lumpur,reference
SG,SG,新加坡,Singapore,reference
BN,BSB,斯里巴加湾市,Bandar Seri Begawan,reference
BN,KB,马来奕,Kuala Belait,reference
BN,SERIA,赛瑞亚镇,Seria,reference
BN,TUTONG,北干都东,Tutong,reference
KH,12,金边,Phnom Penh,reference
KH,0106,诗梳风,Serei Saophoan,reference
KH,0110,波别,Paoy Paet,reference
KH,0203,马德望,Battambang,reference
KH,0305,磅湛,Kampong Cham,reference
KH,0403,磅清扬,Kampong Chhnang,reference
KH,0502,柴桢,Chbar Mon,phonetic_translation
KH,0509,奥东克马埃,Odongk Maechay,phonetic_translation
KH,0603,斯登桑恩,Stueng Saen,phonetic_translation
KH,0708,贡布,Kampot,reference
KH,0709,博哥,Bokor,phonetic_translation
KH,0811,达克茂,Ta Khmau,reference
KH,0812,山坡邦,Sampeou Poun,phonetic_translation
KH,0813,阿克雷伊,Akreiy Ksatr,phonetic_translation
KH,0904,戈公市,Khemara Phoumin,reference
KH,1002,桔井市,Kracheh,reference
KH,1105,森莫诺隆,Saen Monourom,reference
KH,1308,柏威夏,Preah Vihear,phonetic_translation
KH,1410,波萝勉,Prey Veng,reference
KH,1505,菩萨市,Pursat,reference
KH,1602,邦隆,Ban Lung,reference
KH,1710,暹粒,Siem Reap,reference
KH,1715,伦泰克特森,Run Ta Aek Techo Sen,phonetic_translation
KH,1801,西哈努克市,Preah Sihanouk,reference
KH,1805,考龙,Kaoh Rung,phonetic_translation
KH,1806,干松速,Kampong Soam,phonetic_translation
KH,1904,上丁,Stueng Traeng,reference
KH,2006,柴桢 (城镇),Svay Rieng,reference
KH,2008,巴韦,Bavet,reference
KH,2108,敦凯,Doun Kaev,phonetic_translation
KH,2204,三隆,Samraong,reference
KH,2302,白马市,Kaeb,reference
KH,2401,柏灵,Pailin,phonetic_translation
KH,2506,苏翁市,Suong,reference
LA,01,万象,Vientiane,reference
LA,0601,琅勃拉邦,Luang Prabang,reference
LA,1301,凯山丰威汉市,Kaysone Phomvihane,reference
LA,1601,巴色,Pakse,reference
MM,NPTDC,奈比多,Nay Pyi Taw,reference
MM,YCDC,仰光,Yangon,reference
MM,MCDC,曼德勒,Mandalay,reference
TL,DILI,帝力,Dili,reference
MV,MALE,马累,Male,reference
MV,ADDU,阿杜,Addu City,phonetic_translation
MV,FUVAHMULAH,福阿穆拉环礁,Fuvahmulah,reference
MV,KULHUDHUFFUSHI,库卢杜富希岛,Kulhudhuffushi,reference
MV,THINADHOO,蒂纳杜,Thinadhoo,phonetic_translation
BT,THIMPHU,廷布,Thimphu,reference
BT,PHUENTSHOLING,彭措林,Phuentsholing,reference
BT,GELEPHU,杰勒夫,Gelephu,phonetic_translation
BT,SAMDRUP-JONGKHAR,萨姆德鲁琼卡尔,Samdrup Jongkhar,reference
LK,COLOMBO,科伦坡,Colombo,reference
LK,DEHIWALA-MOUNT-LAVINIA,德干瓦拉-拉文尼亚,Dehiwala-Mount Lavinia,phonetic_translation
LK,SRI-JAYEWARDENEPURA-KOTTE,斯里贾亚瓦德纳普拉科特,Sri Jayewardenepura Kotte,reference
LK,KADUWELA,卡杜韦拉,Kaduwela,phonetic_translation
LK,MORATUWA,莫勒图沃,Moratuwa,reference
LK,NEGOMBO,内贡博,Negombo,reference
LK,GAMPAHA,加姆珀哈,Gampaha,reference
LK,KALUTARA,卡鲁塔拉,Kalutara,reference
LK,KANDY,康提,Kandy,reference
LK,DAMBULLA,丹布勒,Dambulla,reference
LK,MATALE,马特莱,Matale,reference
LK,NUWARA-ELIYA,努沃勒埃利耶,Nuwara Eliya,reference
LK,GALLE,加勒,Galle,reference
LK,MATARA,马塔拉,Matara,reference
LK,HAMBANTOTA,汉班托塔,Hambantota,reference
LK,JAFFNA,贾夫纳,Jaffna,reference
LK,VAVUNIYA,瓦武尼亚,Vavuniya,reference
LK,BATTICALOA,巴提卡洛阿,Batticaloa,reference
LK,KALMUNAI,卡尔穆奈,Kalmunai,reference
LK,AKKARAIPATTU,阿克赖帕图,Akkaraipattu,reference
LK,TRINCOMALEE,亭可马里,Trincomalee,reference
LK,KURUNEGALA,库鲁加加拉,Kurunegala,reference
LK,PUTTALAM,普塔拉,Puttalam,reference
LK,ANURADHAPURA,阿努拉德普勒,Anuradhapura,reference
LK,POLONNARUWA,波隆纳鲁沃,Polonnaruwa,reference
LK,BADULLA,巴杜勒,Badulla,reference
LK,BANDARAWELA,庞德罗拉,Bandarawela,reference
LK,RATNAPURA,拉特纳普勒,Ratnapura,reference
LK,KEGALLE,卡格拉,Kegalle,reference
NP,10106,庞格林,Phungling,phonetic_translation
NP,10206,坎达巴里,Khandabari,phonetic_translation
NP,10207,潘查卡帕恩,Panchakhapan,phonetic_translation
NP,10208,查内帕尔,Chainapur,phonetic_translation
NP,10209,马迪,Madi,phonetic_translation
NP,10210,达姆黛维,Dharmadevi,phonetic_translation
NP,10307,索卢·杜达库纳达,Solu Dhudhakunda,phonetic_translation
NP,10402,西迪希查兰,Siddhicharan,phonetic_translation
NP,10504,海莱西·图瓦乔恩,Halesi Tuwachung,phonetic_translation
NP,10505,迪克特尔·鲁帕科特·马朱瓦格迪,Diktel Rupakot Majhuwagadhi,phonetic_translation
NP,10601,沙丹南达,Shadananda,phonetic_translation
NP,10604,博乔普尔,Bhojpur,phonetic_translation
NP,10701,玛哈拉克希米,Mahalaxmi,phonetic_translation
NP,10702,帕克里巴斯,Pakhribas,phonetic_translation
NP,10704,丁科塔,Dhankuta,phonetic_translation
NP,10804,缅郎,Myanglung,phonetic_translation
NP,10805,拉利根朗,Laligurans,phonetic_translation
NP,10904,菲迪姆,Phidim,phonetic_translation
NP,11003,伊拉姆,Illam,phonetic_translation
NP,11004,杜迈,Deumai,phonetic_translation
NP,11008,梅,Mai,phonetic_translation
NP,11009,苏里亚达亚,Suryodaya,phonetic_translation
NP,11101,梅钦那加尔,Mechinagar,phonetic_translation
NP,11103,阿鲁恩达里,Arjundhara,phonetic_translation
NP,11104,坎凯,Kankai,phonetic_translation
NP,11105,希瓦塔克希,Shivasatakshi,phonetic_translation
NP,11107,达玛克,Damak,phonetic_translation
NP,11108,古拉达哈,Gauradaha,phonetic_translation
NP,11112,比尔塔莫德,Birtamod,phonetic_translation
NP,11114,巴德勒普,Bhadrapur,phonetic_translation
NP,11202,莱塔朗,Letang,phonetic_translation
NP,11204,桑达尔哈拉伊查,Sundarharaicha,phonetic_translation
NP,11205,贝尔巴里,Belbari,phonetic_translation
NP,11207,帕特里山什查雷,Pathari Shanishchare,phonetic_translation
NP,11208,乌拉巴里,Urlabari,phonetic_translation
NP,11209,拉图瓦迈,Ratuwamai,phonetic_translation
NP,11210,孙瓦尔希,Sunwarshi,phonetic_translation
NP,11211,兰格利,Rangeli,phonetic_translation
NP,11214,比瑞纳加尔,Biratnagar,phonetic_translation
NP,11301,达兰,Dharan,phonetic_translation
NP,11302,巴拉哈切特拉,Barahachhetra,phonetic_translation
NP,11305,拉姆德尼,Ramdhuni,phonetic_translation
NP,11306,伊塔哈里,Itahari,phonetic_translation
NP,11307,杜哈比,Duhabi,phonetic_translation
NP,11309,因拉乌瓦,Inaruwa,phonetic_translation
NP,11401,贝拉卡,Belaka,phonetic_translation
NP,11402,查万达吉迪,Chaudandigadhi,phonetic_translation
NP,11403,特里约加,Triyuga,phonetic_translation
NP,11407,卡塔里,Katari,phonetic_translation
NP,20101,萨特卡,Saptakoshi,phonetic_translation
NP,20102,坎查努鲁普,Kanchanrup,phonetic_translation
NP,20105,沙姆布努特,Shambhunath,phonetic_translation
NP,20106,卡达克,Khadak,phonetic_translation
NP,20107,苏朗加,Surunga,phonetic_translation
NP,20109,博德巴尔斯,Bode Barsain,phonetic_translation
NP,20110,达克内什沃里,Dakneshwori,phonetic_translation
NP,20113,拉比瑞,Rajbiraj,phonetic_translation
NP,20116,汉曼那加尔坎卡利尼,Hanumannagar Kankalini,phonetic_translation
NP,20201,拉汉,Lahan,phonetic_translation
NP,20202,丹加迪迈,Dhangadhimai,phonetic_translation
NP,20203,戈尔巴扎尔,Golbazar,phonetic_translation
NP,20204,米查伊亚,Mirchaiya,phonetic_translation
NP,20205,卡贾纳哈,Karjanha,phonetic_translation
NP,20206,卡利安普尔,Kalyanpur,phonetic_translation
NP,20210,苏基普尔,Sukhipur,phonetic_translation
NP,20217,西拉哈,Siraha,phonetic_translation
NP,20301,甘曼查纳特,Ganeshman Charnath,phonetic_translation
NP,20302,丹亚达姆,Dhanushadham,phonetic_translation
NP,20303,密西拉,Mithila,phonetic_translation
NP,20305,奇瑞什沃尔纳特,Chhireshwornath,phonetic_translation
NP,20307,密西拉比哈里,Mithila Bihari,phonetic_translation
NP,20308,汉萨普尔,Hansapur,phonetic_translation
NP,20309,萨贝拉,Sabaila,phonetic_translation
NP,20310,沙希德纳格尔,Shahidnagar,phonetic_translation
NP,20311,卡马拉,Kamala,phonetic_translation
NP,20313,比德哈,Bideha,phonetic_translation
NP,20315,贾纳克普尔,Janakpurdham,phonetic_translation
NP,20317,纳加拉因,Nagarain,phonetic_translation
NP,20401,巴迪巴斯,Bardibas,phonetic_translation
NP,20402,加,Gaushala,phonetic_translation
NP,20404,奥拉希,Aurahi,phonetic_translation
NP,20405,邦哈哈,Bhangaha,phonetic_translation
NP,20406,洛哈普蒂,Loharpatti,phonetic_translation
NP,20407,巴拉瓦,Balawa,phonetic_translation
NP,20408,拉姆戈帕尔普尔,Ram Gopalpur,phonetic_translation
NP,20410,马纳拉希莎瓦,Manara Shisawa,phonetic_translation
NP,20414,马蒂哈尼,Matihani,phonetic_translation
NP,20415,贾勒什沃尔,Jaleshwor,phonetic_translation
NP,20501,拉尔班迪,Lalbandi,phonetic_translation
NP,20502,哈里万,Hariwan,phonetic_translation
NP,20503,巴格马蒂,Bagmati,phonetic_translation
NP,20504,巴拉哈塔瓦,Barahathawa,phonetic_translation
NP,20505,哈里普尔,Haripur,phonetic_translation
NP,20506,伊什沃普尔,Ishworpur,phonetic_translation
NP,20507,哈里普乌瓦,Haripurwa,phonetic_translation
NP,20511,卡巴拉什,Kabilashi,phonetic_translation
NP,20516,巴拉拉,Balara,phonetic_translation
NP,20517,戈代塔,Godaita,phonetic_translation
NP,20520,马兰瓦,Malangawa,phonetic_translation
NP,20601,昌德普尔,Chandrapur,phonetic_translation
NP,20602,古贾拉,Gujara,phonetic_translation
NP,20603,帕图瓦·比贾雅普尔,Phatuwa Bijayapur,phonetic_translation
NP,20604,卡塔哈里亚,Katahariya,phonetic_translation
NP,20605,布林达班,Brindaban,phonetic_translation
NP,20606,加迪迈,Gadhimai,phonetic_translation
NP,20607,马达夫·纳兰,Madhav Narayan,phonetic_translation
NP,20608,迦鲁达,Garuda,phonetic_translation
NP,20609,德瓦希·贡纳希,Dewahi Gonahi,phonetic_translation
NP,20610,莫拉普尔,Maulapur,phonetic_translation
NP,20611,布德迈,Boudhimai,phonetic_translation
NP,20612,帕霍拉,Paroha,phonetic_translation
NP,20613,拉杰普尔,Rajpur,phonetic_translation
NP,20616,拉杰维,Rajdevi,phonetic_translation
NP,20617,戈尔,Gaur,phonetic_translation
NP,20618,伊沙纳特,Ishanath,phonetic_translation
NP,20701,尼雅加德,Nijagadh,phonetic_translation
NP,20702,科拉比,Kolhabi,phonetic_translation
NP,20703,吉特普尔西马拉,Jitpur Simara,phonetic_translation
NP,20708,卡莱亚,Kalaiya,phonetic_translation
NP,20712,西鲁姆加德,Simroungadh,phonetic_translation
NP,20713,帕查拉乌塔,Pacharauta,phonetic_translation
NP,20714,马哈加迪米,Mahagadhimai,phonetic_translation
NP,20806,帕萨加迪,Parsagadhi,phonetic_translation
NP,20807,比尔古尼,Birgunj,phonetic_translation
NP,20808,巴胡达马伊,Bahudarmai,phonetic_translation
NP,20809,波克哈里亚,Pokhariya,phonetic_translation
NP,30105,吉里,Jiri,phonetic_translation
NP,30109,比姆什沃尔,Bhimeshwor,phonetic_translation
NP,30205,梅拉姆奇,Melamchi,phonetic_translation
NP,30207,乔塔拉桑加乔克瓦迪,Choutara Sangachowkgadhi,phonetic_translation
NP,30209,巴哈拉比塞,Bahrabise,phonetic_translation
NP,30406,尼尔克汉塔,Nilkhantha,phonetic_translation
NP,30413,邓尼本什,Dhunibenshi,phonetic_translation
NP,30504,比杜尔,Bidur,phonetic_translation
NP,30508,贝尔科加迪,Belkotgadhi,phonetic_translation
NP,30601,尚克哈鲁普,Shankharapur,phonetic_translation
NP,30602,迦格西沃拉,Kageshwori Manahara,phonetic_translation
NP,30603,戈卡内什沃,Gokarneshwor,phonetic_translation
NP,30604,布达讷克汗塔,Budhanilkhantha,phonetic_translation
NP,30605,托赫卡,Tokha,phonetic_translation
NP,30606,塔拉克什沃,Tarakeshwor,phonetic_translation
NP,30607,纳加尔朱恩,Nagarjun,phonetic_translation
NP,30608,加德满都,Kathmandu,phonetic_translation
NP,30609,基特,Kirtipur,phonetic_translation
NP,30610,昌德拉吉里,Chandragiri,phonetic_translation
NP,30611,达希金卡利,Dakshinkali,phonetic_translation
NP,30701,昌扬那瑞安,Changunarayan,phonetic_translation
NP,30702,巴克塔普尔,Bhaktapur,phonetic_translation
NP,30703,马德雅普特米,Madhyapur Thimi,phonetic_translation
NP,30704,苏里比纳亚克,Suryabinayak,phonetic_translation
NP,30801,玛哈拉克希米,Mahalaxmi,phonetic_translation
NP,30802,拉利特普尔,Lalitpur,phonetic_translation
NP,30803,戈达瓦里,Godawari,phonetic_translation
NP,30903,曼达恩德普尔,Mandan Deupur,phonetic_translation
NP,30904,巴内帕,Banepa,phonetic_translation
NP,30905,楚里克尔,Dhulikhel,phonetic_translation
NP,30906,潘乔卡赫,Panchkhal,phonetic_translation
NP,30908,纳摩佛陀,Namobuddha,phonetic_translation
NP,30909,帕纳提,Panauti,phonetic_translation
NP,31004,拉梅查普,Ramechhap,phonetic_translation
NP,31005,曼塔利,Manthali,phonetic_translation
NP,31101,杜杜赫利,Dudhouli,phonetic_translation
NP,31105,卡马拉梅,Kamalamai,phonetic_translation
NP,31202,塔哈,Thaha,phonetic_translation
NP,31206,赫塔杜,Hetauda,phonetic_translation
NP,31301,拉普提,Rapti,phonetic_translation
NP,31302,卡利卡,Kalika,phonetic_translation
NP,31304,巴瑞巴德,Bharatpur,phonetic_translation
NP,31305,拉特那加尔,Ratnanagar,phonetic_translation
NP,31306,凯拉哈尼,Khairahani,phonetic_translation
NP,31307,马迪,Madi,phonetic_translation
NP,40108,普朗塔尔,Palungtar,phonetic_translation
NP,40109,廓尔喀,Gorkha,phonetic_translation
NP,40406,本尼,Beni,phonetic_translation
NP,40504,博卡拉,Pokhara,phonetic_translation
NP,40604,中部尼泊尔,Madhya Nepal,phonetic_translation
NP,40605,本西哈尔,Bensishahar,phonetic_translation
NP,40606,桑德巴扎尔,Sundarbazar,phonetic_translation
NP,40607,瑞纳斯,Rainas,phonetic_translation
NP,40701,班都,Bhanu,phonetic_translation
NP,40702,比亚斯,Byas,phonetic_translation
NP,40704,珠拉甘吉,Shuklagandaki,phonetic_translation
NP,40705,比马德,Bhimad,phonetic_translation
NP,40801,盖达科特,Gaidakot,phonetic_translation
NP,40805,德夫楚利,Devchuli,phonetic_translation
NP,40806,卡瓦索蒂,Kawasoti,phonetic_translation
NP,40807,中央点,Madhya Bindu,phonetic_translation
NP,40901,普塔利巴扎尔,Putalibazar,phonetic_translation
NP,40905,比里科特,Bhirkot,phonetic_translation
NP,40908,查帕科特,Chapakot,phonetic_translation
NP,40909,瓦林,Walling,phonetic_translation
NP,40910,加朗扬,Galyang,phonetic_translation
NP,41003,库什马,Kushma,phonetic_translation
NP,41004,法莱巴斯,Phalebas,phonetic_translation
NP,41101,巴格,Baglung,phonetic_translation
NP,41105,多尔帕坦,Dhorpatan,phonetic_translation
NP,41108,加尔科特,Galkot,phonetic_translation
NP,41110,杰米努尼,Jaimuni,phonetic_translation
NP,50207,罗尔帕,Rolpa,phonetic_translation
NP,50304,楚坦,Pyuthan,phonetic_translation
NP,50305,索尔加杜里,Sworgadwari,phonetic_translation
NP,50404,穆希科特,Musikot,phonetic_translation
NP,50409,雷斯朗加,Resunga,phonetic_translation
NP,50503,布米卡斯坦,Bhumikasthan,phonetic_translation
NP,50504,桑迪赫卡,Sandhikharka,phonetic_translation
NP,50506,希塔甘加,Shitaganga,phonetic_translation
NP,50601,兰普尔,Rampur,phonetic_translation
NP,50605,坦森,Tansen,phonetic_translation
NP,50701,巴达加特,Bardaghat,phonetic_translation
NP,50702,苏纳瓦尔,Sunawal,phonetic_translation
NP,50703,拉姆格拉姆,Ramgram,phonetic_translation
NP,50801,德夫达哈,Devdaha,phonetic_translation
NP,50802,巴特韦尔,Butwal,phonetic_translation
NP,50803,塞纳马因,Sainamaina,phonetic_translation
NP,50808,提洛塔马,Tilottama,phonetic_translation
NP,50811,悉达多纳加,Siddharthanagar,phonetic_translation
NP,50813,蓝毗尼文化,Lumbini Sanskritik,phonetic_translation
NP,50901,班加加,Banganga,phonetic_translation
NP,50902,佛陀大地,Buddhabhumi,phonetic_translation
NP,50903,什瓦拉杰,Shivaraj,phonetic_translation
NP,50905,克里希那加,Krishnanagar,phonetic_translation
NP,50906,王加甘吉,Maharajganj,phonetic_translation
NP,50907,迦毗罗卫,Kapilbastu,phonetic_translation
NP,51002,戈哈伊,Ghorahi,phonetic_translation
NP,51003,图尔西普尔,Tulsipur,phonetic_translation
NP,51007,拉马希,Lamahi,phonetic_translation
NP,51102,科霍尔普尔,Kohalpur,phonetic_translation
NP,51106,内帕尔甘杰,Nepalganj,phonetic_translation
NP,51201,班斯加迪,Bansgadhi,phonetic_translation
NP,51202,巴尔巴迪亚,Barbardiya,phonetic_translation
NP,51203,塔库尔巴巴,Thakurbaba,phonetic_translation
NP,51205,拉贾帕尔,Rajapur,phonetic_translation
NP,51206,马杜万,Madhuwan,phonetic_translation
NP,51207,古拉里亚,Gulariya,phonetic_translation
NP,60105,特里普拉,Tripurasundari,phonetic_translation
NP,60106,图利比赫里,Thulibheri,phonetic_translation
NP,60202,查扬纳特拉拉,Chhayanath Rara,phonetic_translation
NP,60404,昌丹纳特,Chandannath,phonetic_translation
NP,60503,拉索克特,Raskot,phonetic_translation
NP,60506,汗达查克拉,Khandachakra,phonetic_translation
NP,60507,提拉古普哈,Tilagupha,phonetic_translation
NP,60605,阿特比斯,Aathbis,phonetic_translation
NP,60606,昌达姆纳·宾德拉辛尼,Chamunda Bindrasaini,phonetic_translation
NP,60607,杜卢,Dullu,phonetic_translation
NP,60608,纳瑞扬,Narayan,phonetic_translation
NP,60704,赫达加德,Chhedagad,phonetic_translation
NP,60706,贝瑞马利卡,Bheri Malika,phonetic_translation
NP,60707,纳尔加德,Nalgad,phonetic_translation
NP,60801,阿塔比萨科特,Aathabisakot,phonetic_translation
NP,60804,穆希科特,Musikot,phonetic_translation
NP,60806,乔拉哈里,Chaurjahari,phonetic_translation
NP,60903,班加德库宾德,Banagad Kupinde,phonetic_translation
NP,60905,巴加乔,Bagachour,phonetic_translation
NP,60907,沙拉达,Sharada,phonetic_translation
NP,61003,莱卡贝希,Lekabeshi,phonetic_translation
NP,61004,古尔布霍特,Gurbhakot,phonetic_translation
NP,61005,贝里甘加,Bheriganga,phonetic_translation
NP,61006,比瑞德拉纳加尔,Birendranagar,phonetic_translation
NP,61008,潘查普,Panchapuri,phonetic_translation
NP,70103,布迪南达,Budhinanda,phonetic_translation
NP,70106,巴迪马利卡,Badimalika,phonetic_translation
NP,70108,布迪甘加,Budhiganga,phonetic_translation
NP,70109,特里布尼,Tribeni,phonetic_translation
NP,70202,布努尔,Bungal,phonetic_translation
NP,70206,贾伊普里,Jayaprithbi,phonetic_translation
NP,70303,马哈凯拉,Mahakali,phonetic_translation
NP,70307,希克哈拉,Shailyashikhar,phonetic_translation
NP,70403,普查万迪,Puchaundi,phonetic_translation
NP,70405,达萨拉什兰,Dasharathchand,phonetic_translation
NP,70408,梅卢利,Melauli,phonetic_translation
NP,70409,帕坦,Patan,phonetic_translation
NP,70502,阿马格达希,Amargadhi,phonetic_translation
NP,70505,帕拉什鲁姆,Parashuram,phonetic_translation
NP,70604,希克哈拉,Shikhar,phonetic_translation
NP,70605,迪雅普-西尔加迪,Dipayal Silgadhi,phonetic_translation
NP,70701,潘查德巴尔-比纳亚克,Panchdebal Binayak,phonetic_translation
NP,70704,桑夫贝加尔,Sanphebagar,phonetic_translation
NP,70706,芒加森,Mangalsen,phonetic_translation
NP,70708,卡马尔巴扎尔,Kamal bazar,phonetic_translation
NP,70803,戈达瓦里,Godawari,phonetic_translation
NP,70804,古里加加,Gauriganga,phonetic_translation
NP,70805,戈达戈迪,Ghodaghodi,phonetic_translation
NP,70807,拉姆基楚哈,Lamki Chuha,phonetic_translation
NP,70810,提卡普尔,Tikapur,phonetic_translation
NP,70811,布哈尼,Bhajani,phonetic_translation
NP,70813,达迪,Dhangadhi,phonetic_translation
NP,70901,克里什纳普尔,Krishnapur,phonetic_translation
NP,70902,苏克拉帕塔纳,Shuklaphanta,phonetic_translation
NP,70903,贝德科特,Bedkot,phonetic_translation
NP,70904,比姆达塔,Bhimdatta,phonetic_translation
NP,70905,多达拉查达尼,Dodhara Chadani,phonetic_translation
NP,70907,普纳巴斯,Punarbas,phonetic_translation
NP,70908,贝卢里,Belouri,phonetic_translation
BD,PIROJPUR-PIROJPUR-POURASHAVA,皮罗吉普,Pirojpur,phonetic_translation
BD,PIROJPUR-MATHBARIA-POURASHAVA,马塔巴里亚,Mathbaria,phonetic_translation
BD,PIROJPUR-SHORUPKATHI-POURASHAVA,肖鲁帕基蒂,Shorupkathi,phonetic_translation
BD,JHALOKATHI-JHALAKATHI-POURASHAVA,贾拉卡提,Jhalakathi,phonetic_translation
BD,BARGUNA-BARGUNA-POURASHAVA,巴格努纳,Barguna,phonetic_translation
BD,BARGUNA-AMTALI-POURASHAVA,阿姆塔利,Amtali,phonetic_translation
BD,PATUAKHALI-PATUAKHALI-POURASHAVA,帕图阿哈利,Patuakhali,phonetic_translation
BD,PATUAKHALI-GALACHIPA-POURASHAVA,加拉奇帕乌帕齐拉,Galachipa,reference
BD,PATUAKHALI-KALAPARA-POURASHAVA,卡拉帕拉,Kalapara,phonetic_translation
BD,BHOLA-BHOLA-POURASHAVA,波拉县,Bhola,reference
BD,BHOLA-LALMOHAN-POURASHAVA,拉姆霍恩,Lalmohan,phonetic_translation
BD,BHOLA-CHARFESSION-POURASHAVA,查尔费森,Charfession,phonetic_translation
BD,BHOLA-BORHANUDDIN-POURASHAVA,博拉罕丁,Borhanuddin,phonetic_translation
BD,BARISHAL-GOURNADI-POURASHAVA,古伦迪,Gournadi,phonetic_translation
BD,BARISHAL-MULADI-POURASHAVA,穆拉迪乌帕齐拉,Muladi,reference
BD,BARISHAL-BAKERGANJ-POURASHAVA,巴克尔甘杰,Bakerganj,phonetic_translation
BD,PATUAKHALI-BAUPHAL-POURASHAVA,巴普法尔,Bauphal,phonetic_translation
BD,BARISHAL-MEHENDIGANJ-POURASHAVA,梅亨迪甘杰,Mehendiganj,phonetic_translation
BD,BARISHAL-BANARIPARA-POURASHAVA,班阿里帕拉,Banaripara,phonetic_translation
BD,JHALOKATHI-NALCHITY-POURASHAVA,纳尔奇蒂乌帕齐拉,Nalchity,reference
BD,BARGUNA-PATHARGHATA-POURASHAVA,皮塔尔加塔乌帕齐拉,Patharghata,reference
BD,BHOLA-DOULATKHAN-POURASHAVA,杜拉特汗,Doulatkhan,phonetic_translation
BD,PATUAKHALI-KUAKATA-POURASHAVA,库阿卡塔,Kuakata,phonetic_translation
BD,BARGUNA-BETAGI-POURASHAVA,贝塔吉,Betagi,phonetic_translation
BD,BARISHAL-WAZIRPUR-POURASHAVA,瓦兹尔普尔,Wazirpur,phonetic_translation
BD,PIROJPUR-BHANDARIA-POURASHAVA,邦达尔亚,Bhandaria,phonetic_translation
BD,CHATTOGRAM-PATIYA-POURASHAVA,帕蒂亚,Patiya,phonetic_translation
BD,CHATTOGRAM-BARIYARHAT-POURASHAVA,巴里亚哈特,Bariyarhat,phonetic_translation
BD,CHATTOGRAM-SITAKUNDA-POURASHAVA,西塔库纳,Sitakunda,phonetic_translation
BD,CHATTOGRAM-SATKANIA-POURASHAVA,萨特卡尼亚,Satkania,phonetic_translation
BD,CHATTOGRAM-BANSHKHALI-POURASHAVA,班敍卡里乌帕齐拉,Banshkhali,reference
BD,COX-S-BAZAR-COX-S-BAZAR-POURASHAVA,科克斯巴扎尔,Cox’s Bazar,reference
BD,COX-S-BAZAR-CHAKARIA-POURASHAVA,查卡里亚,Chakaria,phonetic_translation
BD,RANGAMATI-RANGAMATI-POURASHAVA,兰加马蒂,Rangamati,reference
BD,BANDARBAN-BANDARBAN-POURASHAVA,邦达班,Bandarban,phonetic_translation
BD,KHAGRCHHARI-KHAGRACHHARI-POURASHAVA,卡格拉查里,Khagrachhari,phonetic_translation
BD,CHATTOGRAM-CHANDANAISH-POURASHAVA,昌达内什,Chandanaish,phonetic_translation
BD,CHATTOGRAM-RAOZAN-POURASHAVA,罗赞,Raozan,phonetic_translation
BD,CHATTOGRAM-HATHAZARI-POURASHAVA,哈塔扎里,Hathazari,phonetic_translation
BD,CUMILLA-LAKSAM-POURASHAVA,拉克萨姆,Laksam,phonetic_translation
BD,CUMILLA-CHAUDDAGRAM-POURASHAVA,恰乌达格拉姆乌帕齐拉,Chauddagram,reference
BD,CHANDPUR-CHANDPUR-POURASHAVA,钱德普尔,Chandpur,phonetic_translation
BD,CHANDPUR-HAJIGANJ-POURASHAVA,哈吉冈日,Hajiganj,phonetic_translation
BD,CHANDPUR-SHAHRASTI-POURASHAVA,沙赫拉斯蒂乌帕齐拉,Shahrasti,reference
BD,CHANDPUR-KACHUA-POURASHAVA,卡丘亚,Kachua,phonetic_translation
BD,NOAKHALI-NOAKHALI-POURASHAVA,诺阿卡利县,Noakhali,reference
BD,NOAKHALI-CHOUMUHONI-POURASHAVA,乔穆霍尼,Choumuhoni,phonetic_translation
BD,NOAKHALI-CHATKHIL-POURASHAVA,查特基尔,Chatkhil,phonetic_translation
BD,NOAKHALI-BASHURHAT-POURASHAVA,巴舒尔哈特,Bashurhat,phonetic_translation
BD,NOAKHALI-SONAIMURI-POURASHAVA,孙仪鲁,Sonaimuri,phonetic_translation
BD,LAXMIPUR-LAKSHMIPUR-POURASHAVA,拉克什米布尔,Lakshmipur,phonetic_translation
BD,LAXMIPUR-RAMGONJ-POURASHAVA,朗贡杰,Ramgonj,phonetic_translation
BD,LAXMIPUR-RAIPUR-POURASHAVA,拉萨普尔·拉伊普尔,Raipur,phonetic_translation
BD,FENI-FENI-POURASHAVA,芬尼,Feni,phonetic_translation
BD,FENI-DAGANBHUIYAN-POURASHAVA,达甘布彦,Daganbhuiyan,phonetic_translation
BD,BRAHMANBARIA-BRAHMANBARIA-POURASHAVA,婆罗门巴里亚县,Brahmanbaria,reference
BD,BRAHMANBARIA-NOBINAGAR-POURASHAVA,诺宾加尔,Nobinagar,phonetic_translation
BD,BRAHMANBARIA-AKHAURA-POURASHAVA,阿克乌拉,Akhaura,phonetic_translation
BD,FENI-SONAGAZI-POURASHAVA,松加吉,Sonagazi,phonetic_translation
BD,CUMILLA-NANGALKOT-POURASHAVA,囊克尔,Nangalkot,phonetic_translation
BD,CHANDPUR-MATLAB-POURASHAVA,马塔尔巴,Matlab,phonetic_translation
BD,CHANDPUR-SANGARCHAR-POURASHAVA,桑加查,Sangarchar,phonetic_translation
BD,CHATTOGRAM-MIRSHARAI-POURASHAVA,米沙赖,Mirsharai,phonetic_translation
BD,CHATTOGRAM-RANGUNIA-POURASHAVA,朗古尼亚,Rangunia,phonetic_translation
BD,CHATTOGRAM-SANDWIP-POURASHAVA,桑德威普,Sandwip,phonetic_translation
BD,COX-S-BAZAR-TEKNAF-POURASHAVA,代格纳夫,Teknaf,reference
BD,COX-S-BAZAR-MOHESHKHALI-POURASHAVA,莫赫什卡尔,Moheshkhali,phonetic_translation
BD,KHAGRCHHARI-RAMGARH-POURASHAVA,拉姆加尔,Ramgarh,phonetic_translation
BD,BANDARBAN-LAMA-POURASHAVA,拉马,Lama,phonetic_translation
BD,CHATTOGRAM-FATIKCHHARI-POURASHAVA,法蒂克查里,Fatikchhari,phonetic_translation
BD,CHATTOGRAM-BOALKHALI-POURASHAVA,博尔卡利,Boalkhali,phonetic_translation
BD,KHAGRCHHARI-MATIRANGA-POURASHAVA,马蒂朗加,Matiranga,phonetic_translation
BD,BRAHMANBARIA-KASBA-POURASHAVA,卡斯巴,Kasba,phonetic_translation
BD,NOAKHALI-KABIRHAT-POURASHAVA,卡比拉特,Kabirhat,phonetic_translation
BD,NOAKHALI-SENBUG-POURASHAVA,森布格,Senbug,phonetic_translation
BD,FENI-CHHAGALNAIYA-POURASHAVA,查加勒纳亚,Chhagalnaiya,phonetic_translation
BD,FENI-PARSHURAM-POURASHAVA,帕舒兰,Parshuram,phonetic_translation
BD,CUMILLA-DAUDKANDI-POURASHAVA,达乌坎迪,Daudkandi,phonetic_translation
BD,CUMILLA-CHANDINA-POURASHAVA,钱迪娜,Chandina,phonetic_translation
BD,CUMILLA-DEBIDWAR-POURASHAVA,德比沃,Debidwar,phonetic_translation
BD,CUMILLA-HOMNA-POURASHAVA,霍姆纳乌帕齐拉,Homna,reference
BD,CUMILLA-BARURA-POURASHAVA,巴鲁拉,Barura,phonetic_translation
BD,LAXMIPUR-RAMGATI-POURASHAVA,拉姆加提乌帕齐拉,Ramgati,reference
BD,CHANDPUR-FARIDGONJ-POURASHAVA,法里德贡日,Faridgonj,phonetic_translation
BD,CHATTOGRAM-NAZIRHAT-POURASHAVA,纳齐尔哈特,Nazirhat,phonetic_translation
BD,RANGAMATI-BAGHAICHARI-POURASHAVA,巴盖查里乌帕齐拉,Baghaichari,reference
BD,BRAHMANBARIA-BANCHARAMPUR-POURASHAVA,班查拉姆布尔乌帕齐拉,Bancharampur,reference
BD,CHANDPUR-NARAYANPUR-POURASHAVA,纳拉扬布尔,Narayanpur,phonetic_translation
BD,NOAKHALI-HATIA-POURASHAVA,哈蒂亚乌帕齐拉,Hatia,reference
BD,CHATTOGRAM-DOHAZARI-POURASHAVA,达赫扎里,Dohazari,phonetic_translation
BD,NARAYANGANJ-TARABO-POURASHAVA,塔拉博,Tarabo,phonetic_translation
BD,NARSINGDI-NARSINGDI-POURASHAVA,诺尔辛迪县,Narsingdi,reference
BD,NARSINGDI-MADHABDI-POURASHAVA,马哈布迪,Madhabdi,phonetic_translation
BD,NARSINGDI-GHORASAL-POURASHAVA,哥拉斯尔,Ghorasal,phonetic_translation
BD,DHAKA-SAVAR-POURASHAVA,萨瓦乌帕齐拉,Savar,reference
BD,DHAKA-DOHAR-POURASHAVA,多哈尔,Dohar,phonetic_translation
BD,TANGAIL-TANGAIL-POURASHAVA,坦盖尔市,Tangail,reference
BD,GAZIPUR-KALIAKAIR-POURASHAVA,卡尔亚克尔,Kaliakair,phonetic_translation
BD,MUNSHIGANJ-MUNSHIGANJ-POURASHAVA,蒙希甘杰,Munshiganj,phonetic_translation
BD,MUNSHIGANJ-MIRKADIM-POURASHAVA,米拉基德姆,Mirkadim,phonetic_translation
BD,MANIKGANJ-MANIKGANJ-POURASHAVA,曼尼克甘杰,Manikganj,phonetic_translation
BD,TANGAIL-GOPALPUR-POURASHAVA,戈帕尔普尔,Gopalpur,phonetic_translation
BD,TANGAIL-GHATAIL-POURASHAVA,古塔伊尔,Ghatail,phonetic_translation
BD,TANGAIL-MADHUPUR-POURASHAVA,马杜普尔,Madhupur,phonetic_translation
BD,TANGAIL-SAKHIPUR-POURASHAVA,萨基普尔,Sakhipur,phonetic_translation
BD,DHAKA-DHAMRAI-POURASHAVA,达姆,Dhamrai,phonetic_translation
BD,GAZIPUR-SREEPUR-POURASHAVA,斯里布尔乌帕齐拉,Sreepur,reference
BD,FARIDPUR-FARIDPUR-POURASHAVA,法里德普尔,Faridpur,phonetic_translation
BD,FARIDPUR-BHANGA-POURASHAVA,邦加,Bhanga,phonetic_translation
BD,FARIDPUR-BOALMARI-POURASHAVA,博尔马里乌帕齐拉,Boalmari,reference
BD,RAJBARI-RAJBARI-POURASHAVA,拉贾巴里,Rajbari,phonetic_translation
BD,MADARIPUR-MADARIPUR-POURASHAVA,马达里普尔,Madaripur,phonetic_translation
BD,MADARIPUR-SHIBCHAR-POURASHAVA,希布恰尔乌帕齐拉,Shibchar,reference
BD,SHARIATPUR-SHARIATPUR-POURASHAVA,沙里亚德布尔县,Shariatpur,reference
BD,GOPALGANJ-GOPALGANJ-POURASHAVA,戈尔普朗杰,Gopalganj,phonetic_translation
BD,GOPALGANJ-TUNGIPARA-POURASHAVA,图尼普拉,Tungipara,phonetic_translation
BD,SHARIATPUR-DAMUDYA-POURASHAVA,达穆德亚乌帕齐拉,Damudya,reference
BD,RAJBARI-PANGSHA-POURASHAVA,庞沙乌帕齐拉,Pangsha,reference
BD,RAJBARI-GOALANDA-POURASHAVA,瓜伦多加特,Goalanda,reference
BD,MADARIPUR-KALKINI-POURASHAVA,卡利基尼,Kalkini,phonetic_translation
BD,GOPALGANJ-KOTALIPARA-POURASHAVA,哥塔里帕拉乌帕齐拉,Kotalipara,reference
BD,KISHOREGANJ-KISHOREGANJ-POURASHAVA,基肖雷甘杰,Kishoreganj,phonetic_translation
BD,KISHOREGANJ-BHAIRAB-POURASHAVA,贝拉布,Bhairab,phonetic_translation
BD,TANGAIL-BHUAPUR-POURASHAVA,布亚布尔乌帕齐拉,Bhuapur,reference
BD,TANGAIL-MIRZAPUR-POURASHAVA,米拉普尔,Mirzapur,phonetic_translation
BD,TANGAIL-DHANBARI-POURASHAVA,丹巴里,Dhanbari,phonetic_translation
BD,TANGAIL-KALIHATI-POURASHAVA,卡里哈蒂乌帕齐拉,Kalihati,reference
BD,NARAYANGANJ-SONARGAON-POURASHAVA,桑纳冈,Sonargaon,phonetic_translation
BD,GAZIPUR-KALIGANJ-POURASHAVA,卡利甘杰,Kaliganj,phonetic_translation
BD,MANIKGANJ-SINGAIR-POURASHAVA,新盖尔乌帕齐拉,Singair,reference
BD,TANGAIL-BASAIL-POURASHAVA,巴塞尔,Basail,phonetic_translation
BD,NARSINGDI-MONOHARDI-POURASHAVA,莫诺哈尔迪乌帕齐拉,Monohardi,reference
BD,NARSINGDI-RAIPURA-POURASHAVA,拉伊普拉,Raipura,phonetic_translation
BD,NARAYANGANJ-KANCHON-POURASHAVA,坎乔恩,Kanchon,phonetic_translation
BD,NARAYANGANJ-ARAIHAZAR-POURASHAVA,阿拉海扎尔,Araihazar,phonetic_translation
BD,NARAYANGANJ-GOPALDI-POURASHAVA,戈帕尔迪,Gopaldi,phonetic_translation
BD,GOPALGANJ-MUKSUDPUR-POURASHAVA,穆克苏德普尔,Muksudpur,phonetic_translation
BD,SHARIATPUR-NARIA-POURASHAVA,纳里亚,Naria,phonetic_translation
BD,FARIDPUR-MADHUKHALI-POURASHAVA,马杜克哈利,Madhukhali,phonetic_translation
BD,SHARIATPUR-ZAJIRA-POURASHAVA,扎吉拉乌帕齐拉,Zajira,reference
BD,KISHOREGANJ-BAJITPUR-POURASHAVA,巴吉特普尔,Bajitpur,phonetic_translation
BD,KISHOREGANJ-KARIMGONJ-POURASHAVA,卡里姆贡杰,Karimgonj,phonetic_translation
BD,KISHOREGANJ-KULIARCHAR-POURASHAVA,库利查尔,Kuliarchar,phonetic_translation
BD,SHARIATPUR-BHEDARGANJ-POURASHAVA,佩达尔甘杰乌帕齐拉,Bhedarganj,reference
BD,KISHOREGANJ-HOSSAINPUR-POURASHAVA,侯赛因普尔,Hossainpur,phonetic_translation
BD,KISHOREGANJ-KATIADI-POURASHAVA,卡蒂亚迪乌帕齐拉,Katiadi,reference
BD,TANGAIL-ELENGA-POURASHAVA,埃伦加,Elenga,reference
BD,NARSINGDI-SHIBPUR-POURASHAVA,希卜普尔,Shibpur,phonetic_translation
BD,FARIDPUR-NAGARKANDA-POURASHAVA,纳格尔坎达乌帕齐拉,Nagarkanda,reference
BD,MADARIPUR-RAJOIR-POURASHAVA,拉乔尔,Rajoir,phonetic_translation
BD,SHARIATPUR-GOSAIRHAT-POURASHAVA,戈斯艾尔哈特,Gosairhat,phonetic_translation
BD,KISHOREGANJ-PAKUNDIA-POURASHAVA,帕昆迪亚乌帕齐拉,Pakundia,reference
BD,FARIDPUR-ALFADANGA-POURASHAVA,阿法达加,Alfadanga,phonetic_translation
BD,MAGURA-MAGURA-POURASHAVA,斯里布尔乌帕齐拉,Magura,reference
BD,NARAIL-NARAIL-POURASHAVA,纳拉伊尔,Narail,phonetic_translation
BD,JASHORE-JASHORE-POURASHAVA,杰索尔市,Jashore,reference
BD,JASHORE-NOAPARA-POURASHAVA,诺阿帕拉,Noapara,phonetic_translation
BD,JASHORE-KESHABPUR-POURASHAVA,凯沙布普尔,Keshabpur,phonetic_translation
BD,JASHORE-BENAPOL-POURASHAVA,本波尔,Benapol,phonetic_translation
BD,JHENAIDAH-JHENAIDAH-POURASHAVA,杰纳达,Jhenaidah,phonetic_translation
BD,JHENAIDAH-KOTCHANDPUR-POURASHAVA,科特昌普尔,Kotchandpur,phonetic_translation
BD,JHENAIDAH-MOHESHPUR-POURASHAVA,莫赫什普尔,Moheshpur,phonetic_translation
BD,JHENAIDAH-KALIGANJ-POURASHAVA,贾利甘杰,Kaliganj,phonetic_translation
BD,JHENAIDAH-SHAILKUPA-POURASHAVA,舍利库帕,Shailkupa,phonetic_translation
BD,CHUADANGA-CHUADANGA-POURASHAVA,楚达纳加,Chuadanga,phonetic_translation
BD,CHUADANGA-ALAMDANGA-POURASHAVA,阿拉姆当加乌帕齐拉,Alamdanga,reference
BD,SATKHIRA-SATKHIRA-POURASHAVA,萨特希拉县,Satkhira,reference
BD,KUSHTIA-KUSHTIA-POURASHAVA,库什蒂亚,Kushtia,reference
BD,KUSHTIA-KUMARKHALI-POURASHAVA,库尔米帕尔,Kumarkhali,phonetic_translation
BD,BAGERHAT-BAGERHAT-POURASHAVA,巴格哈特,Bagerhat,phonetic_translation
BD,BAGERHAT-MONGLA-POURASHAVA,勐腊港,Mongla,reference
BD,MEHERPUR-MEHERPUR-POURASHAVA,梅赫布尔,Meherpur,phonetic_translation
BD,KHULNA-PAIKGASA-POURASHAVA,派克萨萨,Paikgasa,phonetic_translation
BD,BAGERHAT-MORRELGANJ-POURASHAVA,莫雷尔甘杰,Morrelganj,phonetic_translation
BD,NARAIL-KALIA-POURASHAVA,卡利亚,Kalia,phonetic_translation
BD,KHULNA-CHALNA-POURASHAVA,查尔纳,Chalna,phonetic_translation
BD,JASHORE-JHIKARGACHA-POURASHAVA,吉赫拉加查,Jhikargacha,phonetic_translation
BD,JASHORE-MANIRAMPUR-POURASHAVA,曼纳拉普尔,Manirampur,phonetic_translation
BD,JASHORE-CHOWGACHHA-POURASHAVA,乔格查查,Chowgachha,phonetic_translation
BD,KUSHTIA-BHERAMARA-POURASHAVA,贝拉马拉,Bheramara,phonetic_translation
BD,KUSHTIA-MIRPUR-POURASHAVA,米尔普尔,Mirpur,phonetic_translation
BD,MEHERPUR-GANGNI-POURASHAVA,刚尼乌帕齐拉,Gangni,reference
BD,SATKHIRA-KALAROA-POURASHAVA,卡拉罗亚,Kalaroa,phonetic_translation
BD,CHUADANGA-JIBANNAGAR-POURASHAVA,吉班纳加尔,Jibannagar,phonetic_translation
BD,CHUADANGA-DARSHANA-POURASHAVA,达什纳,Darshana,phonetic_translation
BD,NARAIL-LOHAGARA-POURASHAVA,洛哈加拉,Lohagara,phonetic_translation
BD,KUSHTIA-KHOKSA-POURASHAVA,高克萨乌帕齐拉,Khoksa,reference
BD,JASHORE-BAGHER-PARA-POURASHAVA,巴格尔巴拉,Bagher Para,phonetic_translation
BD,JHENAIDAH-HARINAKUNDA-POURASHAVA,哈里纳坎达,Harinakunda,phonetic_translation
BD,MYMENSINGH-GAFARGAON-POURASHAVA,加法尔加昂,Gafargaon,phonetic_translation
BD,MYMENSINGH-TRISHAL-POURASHAVA,特里沙尔乌帕齐拉,Trishal,reference
BD,MYMENSINGH-MUKTAGACHA-POURASHAVA,穆克塔加查,Muktagacha,phonetic_translation
BD,MYMENSINGH-ISHWARGANJ-POURASHAVA,伊什瓦甘杰,Ishwarganj,phonetic_translation
BD,MYMENSINGH-BHALUKA-POURASHAVA,巴卢卡,Bhaluka,phonetic_translation
BD,MYMENSINGH-GAURIPUR-POURASHAVA,古里普尔,Gauripur,phonetic_translation
BD,MYMENSINGH-PHULPUR-POURASHAVA,普尔布尔乌帕齐拉,Phulpur,reference
BD,JAMALPUR-JAMALPUR-POURASHAVA,贾马尔普尔,Jamalpur,phonetic_translation
BD,SHERPUR-SHERPUR-POURASHAVA,谢尔普尔,Sherpur,phonetic_translation
BD,NETROKONA-NETROKONA-POURASHAVA,内特罗科纳,Netrokona,phonetic_translation
BD,JAMALPUR-MELANDAH-POURASHAVA,梅兰达赫,Melandah,phonetic_translation
BD,NETROKONA-MOHONGONJ-POURASHAVA,莫霍贡吉,Mohongonj,phonetic_translation
BD,JAMALPUR-SARISHABARI-POURASHAVA,萨里沙巴里,Sarishabari,phonetic_translation
BD,JAMALPUR-ISLAMPUR-POURASHAVA,伊斯兰布尔乌帕齐拉,Islampur,reference
BD,JAMALPUR-DEWANGONJ-POURASHAVA,德瓦冈吉,Dewangonj,phonetic_translation
BD,JAMALPUR-MADARGANJ-POURASHAVA,马达尔甘杰,Madarganj,phonetic_translation
BD,MYMENSINGH-FULBARIA-POURASHAVA,福尔巴里亚乌帕齐拉,Fulbaria,reference
BD,SHERPUR-NALITABARI-POURASHAVA,纳利塔巴里,Nalitabari,phonetic_translation
BD,NETROKONA-DURGAPUR-POURASHAVA,杜尔加普尔,Durgapur,phonetic_translation
BD,NETROKONA-MADAN-POURASHAVA,马丹,Madan,phonetic_translation
BD,SHERPUR-NOKLA-POURASHAVA,诺克拉,Nokla,phonetic_translation
BD,MYMENSINGH-NANDAIL-POURASHAVA,南戴尔,Nandail,phonetic_translation
BD,NETROKONA-KENDUA-POURASHAVA,肯杜亚,Kendua,phonetic_translation
BD,SHERPUR-SREEBORDI-POURASHAVA,斯里巴尔迪乌帕齐拉,Sreebordi,reference
BD,MYMENSINGH-HALUAGHAT-POURASHAVA,哈卢阿格特,Haluaghat,phonetic_translation
BD,JAMALPUR-BOKSHIGONJ-POURASHAVA,博克希贡杰,Bokshigonj,phonetic_translation
BD,JAMALPUR-HAZRABARI-POURASHAVA,哈扎拉巴里,Hazrabari,phonetic_translation
BD,BOGURA-SHERPUR-POURASHAVA,谢尔布尔乌帕齐拉,Sherpur,reference
BD,BOGURA-NANDIGRAM-POURASHAVA,南迪格拉姆乌帕齐拉,Nandigram,reference
BD,PABNA-PABNA-POURASHAVA,巴布纳市,Pabna,reference
BD,PABNA-ISHWARDI-POURASHAVA,伊舍瓦迪,Ishwardi,phonetic_translation
BD,PABNA-BERA-POURASHAVA,贝拉,Bera,phonetic_translation
BD,PABNA-SUJANAGAR-POURASHAVA,苏贾纳格尔乌帕齐拉,Sujanagar,reference
BD,PABNA-SANTHIA-POURASHAVA,桑蒂亚乌帕齐拉,Santhia,reference
BD,CHAPAI-NAWABGANJ-CHAPAI-NAWABGANJ-POURASHAVA,查帕伊-纳瓦布甘杰,Chapai Nawabganj,phonetic_translation
BD,CHAPAI-NAWABGANJ-SHIBGANJ-POURASHAVA,希布甘杰,Shibganj,phonetic_translation
BD,CHAPAI-NAWABGANJ-ROHANPUR-POURASHAVA,罗哈,Rohanpur,phonetic_translation
BD,SIRAJGANJ-SIRAJGANJ-POURASHAVA,锡拉杰甘杰,Sirajganj,reference
BD,SIRAJGANJ-SHAHJADPUR-POURASHAVA,沙赫贾普尔,Shahjadpur,phonetic_translation
BD,SIRAJGANJ-ULLAPARA-POURASHAVA,乌拉帕拉,Ullapara,phonetic_translation
BD,JOYPURHAT-JOYPURHAT-POURASHAVA,乔普拉特,Joypurhat,phonetic_translation
BD,JOYPURHAT-PANCHBIBI-POURASHAVA,潘奇比比,Panchbibi,phonetic_translation
BD,NATORE-NATORE-POURASHAVA,纳特奥,Natore,phonetic_translation
BD,NATORE-GURUDASPUR-POURASHAVA,古鲁达斯普尔,Gurudaspur,phonetic_translation
BD,NATORE-SINGRA-POURASHAVA,辛格拉乌帕齐拉,Singra,reference
BD,NATORE-BANPARA-POURASHAVA,班帕拉,Banpara,phonetic_translation
BD,NAOGAON-NAOGAON-POURASHAVA,诺戈昂,Naogaon,phonetic_translation
BD,RAJSHAHI-GODAGARI-POURASHAVA,戈达加里,Godagari,phonetic_translation
BD,RAJSHAHI-TAHERPUR-POURASHAVA,塔赫普尔,Taherpur,phonetic_translation
BD,RAJSHAHI-NAOHATA-POURASHAVA,诺哈塔,Naohata,phonetic_translation
BD,RAJSHAHI-CHARGHAT-POURASHAVA,查格哈特,Charghat,phonetic_translation
BD,NAOGAON-NAZIPUR-POURASHAVA,纳吉普尔,Nazipur,phonetic_translation
BD,BOGURA-DHUPCHANCHIA-POURASHAVA,杜布坚吉亚乌帕齐拉,Dhupchanchia,reference
BD,JOYPURHAT-KALAI-POURASHAVA,卡拉伊乌帕齐拉,Kalai,reference
BD,JOYPURHAT-AKKELPUR-POURASHAVA,阿克尔普尔乌帕齐拉,Akkelpur,reference
BD,RAJSHAHI-BAGHA-POURASHAVA,巴盖乌帕齐拉,Bagha,reference
BD,RAJSHAHI-KAKONHAT-POURASHAVA,卡孔哈特,Kakonhat,phonetic_translation
BD,PABNA-CHATMOHAR-POURASHAVA,查特莫哈尔乌帕齐拉,Chatmohar,reference
BD,PABNA-BHANGURA-POURASHAVA,班古拉乌帕齐拉,Bhangura,reference
BD,PABNA-FARIDPUR-POURASHAVA,法里德普尔,Faridpur,phonetic_translation
BD,SIRAJGANJ-BELKUCHI-POURASHAVA,贝尔库奇,Belkuchi,phonetic_translation
BD,BOGURA-SHANTAHAR-POURASHAVA,尚塔哈尔,Shantahar,phonetic_translation
BD,CHAPAI-NAWABGANJ-NACHOL-POURASHAVA,纳乔尔,Nachol,phonetic_translation
BD,NATORE-BARAIGRAM-POURASHAVA,巴赖格拉姆乌帕齐拉,Baraigram,reference
BD,NAOGAON-DHAMOIRHAT-POURASHAVA,达莫伊尔哈德乌帕齐拉,Dhamoirhat,reference
BD,BOGURA-DHUNOT-POURASHAVA,邓奥特,Dhunot,phonetic_translation
BD,JOYPURHAT-KHETLAL-POURASHAVA,凯德拉尔乌帕齐拉,Khetlal,reference
BD,RAJSHAHI-MUNDUMALA-POURASHAVA,蒙杜马拉,Mundumala,phonetic_translation
BD,RAJSHAHI-KESHOREHAT-POURASHAVA,克什罗哈特,Keshorehat,phonetic_translation
BD,RAJSHAHI-ARANI-POURASHAVA,阿拉尼,Arani,phonetic_translation
BD,NATORE-NALDANGA-POURASHAVA,纳尔达加,Naldanga,phonetic_translation
BD,PABNA-ATGHORIA-POURASHAVA,阿特戈利亚,Atghoria,phonetic_translation
BD,BOGURA-SONATOLA-POURASHAVA,索纳塔拉乌帕齐拉,Sonatola,reference
BD,BOGURA-GABTALI-POURASHAVA,加布塔利乌帕齐拉,Gabtali,reference
BD,RAJSHAHI-BHABANIGANJ-POURASHAVA,巴布尼亚金杰,Bhabaniganj,phonetic_translation
BD,RAJSHAHI-PUTHIA-POURASHAVA,普蒂亚,Puthia,phonetic_translation
BD,RAJSHAHI-KATAKHALI-POURASHAVA,卡塔克哈利,Katakhali,phonetic_translation
BD,RAJSHAHI-DURGAPUR-POURASHAVA,杜尔加普尔,Durgapur,phonetic_translation
BD,SIRAJGANJ-KAZIPUR-POURASHAVA,卡齐布尔乌帕齐拉,Kazipur,reference
BD,SIRAJGANJ-RAIGONJ-POURASHAVA,拉伊冈杰,Raigonj,phonetic_translation
BD,NATORE-GOPALPUR-POURASHAVA,戈帕尔普尔,Gopalpur,phonetic_translation
BD,NATORE-BAGATIPARA-POURASHAVA,巴加提帕拉,Bagatipara,phonetic_translation
BD,BOGURA-SHARIAKANDI-POURASHAVA,沙里卡尼迪,Shariakandi,phonetic_translation
BD,BOGURA-SHIBGANJ-POURASHAVA,锡布甘吉,Shibganj,phonetic_translation
BD,BOGURA-KAHALOO-POURASHAVA,卡哈鲁乌帕齐拉,Kahaloo,reference
BD,BOGURA-TALORA-POURASHAVA,塔洛拉,Talora,phonetic_translation
BD,RAJSHAHI-TANORE-POURASHAVA,坦诺尔乌帕齐拉,Tanore,reference
BD,SIRAJGANJ-TARASH-POURASHAVA,塔拉什,Tarash,phonetic_translation
BD,GAIBANDHA-GAIBANDHA-POURASHAVA,加比班达,Gaibandha,phonetic_translation
BD,GAIBANDHA-GOBINDAGANJ-POURASHAVA,戈宾达甘杰,Gobindaganj,phonetic_translation
BD,DINAJPUR-DINAJPUR-POURASHAVA,迪纳杰布尔,Dinajpur,reference
BD,DINAJPUR-SETABGANJ-POURASHAVA,萨塔布甘杰,Setabganj,phonetic_translation
BD,DINAJPUR-BIRAMPUR-POURASHAVA,比拉姆布尔乌帕齐拉,Birampur,reference
BD,DINAJPUR-PARBATIPUR-POURASHAVA,帕尔巴蒂布尔,Parbatipur,phonetic_translation
BD,DINAJPUR-FULBARI-POURASHAVA,富尔巴里乌帕齐拉,Fulbari,reference
BD,THAKURGAON-THAKURGAON-POURASHAVA,塔库尔加翁,Thakurgaon,phonetic_translation
BD,NILPHAMARI-NILPHAMARI-POURASHAVA,尼尔法马里,Nilphamari,phonetic_translation
BD,NILPHAMARI-SAIDPUR-POURASHAVA,赛伊德布尔,Saidpur,reference
BD,KURIGRAM-KURIGRAM-POURASHAVA,古里格拉姆县,Kurigram,reference
BD,KURIGRAM-NAGESHWARI-POURASHAVA,纳吉斯瓦里,Nageshwari,phonetic_translation
BD,PANCHAGARH-PANCHAGARH-POURASHAVA,帕,Panchagarh,phonetic_translation
BD,LALMONIRHAT-LALMONIRHAT-POURASHAVA,拉,Lalmonirhat,phonetic_translation
BD,LALMONIRHAT-PATGRAM-POURASHAVA,帕,Patgram,phonetic_translation
BD,THAKURGAON-PIRGANJ-POURASHAVA,皮,Pirganj,phonetic_translation
BD,DINAJPUR-BIRGANJ-POURASHAVA,比,Birganj,phonetic_translation
BD,GAIBANDHA-SUNDARGANJ-POURASHAVA,孙,Sundarganj,phonetic_translation
BD,KURIGRAM-ULIPUR-POURASHAVA,乌里布尔乌帕齐拉,Ulipur,reference
BD,NILPHAMARI-JALDHAKA-POURASHAVA,焦尔塔加乌帕齐拉,Jaldhaka,reference
BD,RANGPUR-BADARGONJ-POURASHAVA,巴,Badargonj,phonetic_translation
BD,PANCHAGARH-BODA-POURASHAVA,博达,Boda,reference
BD,DINAJPUR-HAKIMPUR-POURASHAVA,哈,Hakimpur,phonetic_translation
BD,THAKURGAON-RANISANKAIL-POURASHAVA,拉,Ranisankail,phonetic_translation
BD,NILPHAMARI-DOMAR-POURASHAVA,多,Domar,phonetic_translation
BD,RANGPUR-HARAGACH-POURASHAVA,哈拉加奇,Haragach,phonetic_translation
BD,RANGPUR-PIRGANJ-POURASHAVA,皮尔甘杰乌帕齐拉,Pirganj,reference
BD,DINAJPUR-GHORAGHAT-POURASHAVA,科拉卡德乌帕齐拉,Ghoraghat,reference
BD,DINAJPUR-BIRAL-POURASHAVA,比拉尔,Biral,phonetic_translation
BD,GAIBANDHA-PALASHBARI-POURASHAVA,帕拉什巴里,Palashbari,phonetic_translation
BD,PANCHAGARH-DEBIGANJ-POURASHAVA,德比加,Debiganj,phonetic_translation
BD,HABIGANJ-HABIGANJ-POURASHAVA,哈比甘,Habiganj,phonetic_translation
BD,HABIGANJ-MADHABPUR-POURASHAVA,马德,Madhabpur,phonetic_translation
BD,HABIGANJ-SHAYESTAGANJ-POURASHAVA,舍耶斯塔甘,Shayestaganj,phonetic_translation
BD,HABIGANJ-NABIGANJ-POURASHAVA,纳比甘,Nabiganj,phonetic_translation
BD,HABIGANJ-CHUNARUGHAT-POURASHAVA,楚纳鲁,Chunarughat,phonetic_translation
BD,MOULVIBAZAR-MOULVIBAZAR-POURASHAVA,毛尔维巴扎尔市,Moulvibazar,reference
BD,MOULVIBAZAR-SREEMANGAL-POURASHAVA,斯里曼加尔乌帕齐拉,Sreemangal,reference
BD,SUNAMGANJ-SUNAMGANJ-POURASHAVA,孙纳甘,Sunamganj,phonetic_translation
BD,SUNAMGANJ-CHHATAK-POURASHAVA,查哈塔克,Chhatak,phonetic_translation
BD,SYLHET-GOLAPGONJ-POURASHAVA,古拉普贡杰,Golapgonj,phonetic_translation
BD,MOULVIBAZAR-KULAURA-POURASHAVA,库拉拉,Kulaura,phonetic_translation
BD,SYLHET-BEANIBAZAR-POURASHAVA,比尼巴扎尔乌帕齐拉,Beanibazar,reference
BD,SYLHET-KANAIGHAT-POURASHAVA,卡奈加特乌帕齐拉,Kanaighat,reference
BD,MOULVIBAZAR-KAMOLGANJ-POURASHAVA,卡马尔甘杰乌帕齐拉,Kamolganj,reference
BD,SUNAMGANJ-JAGANNATHPUR-POURASHAVA,贾加纳特布尔乌帕齐拉,Jagannathpur,reference
BD,SUNAMGANJ-DERAI-POURASHAVA,德莱,Derai,phonetic_translation
BD,MOULVIBAZAR-BARLEKHA-POURASHAVA,巴尔勒卡乌帕齐拉,Barlekha,reference
BD,HABIGANJ-AJMIRIGANJ-POURASHAVA,阿吉里甘杰,Ajmiriganj,phonetic_translation
BD,SYLHET-JAKIGANJ-POURASHAVA,扎奇甘杰乌帕齐拉,jakiganj,reference
BD,DHAKA-DHAKA-NORTH-CC,达卡北,Dhaka North,phonetic_translation
BD,DHAKA-DHAKA-SOUTH-CC,达卡市,Dhaka South,reference
BD,CHATTOGRAM-CHATTOGRAM-CC,吉大港,Chattogram,reference
BD,SYLHET-SYLHET-CC,锡尔赫特,Sylhet,reference
BD,BARISHAL-BARISHAL-CC,博里萨尔,Barishal,reference
BD,KHULNA-KHULNA-CC,库尔纳市,Khulna,reference
BD,RAJSHAHI-RAJSHAHI-CC,拉杰沙希市,Rajshahi,reference
BD,GAZIPUR-GAZIPUR-CC,加济普尔,Gazipur,phonetic_translation
BD,NARAYANGANJ-NARAYANGANJ-CC,纳拉扬甘杰市,Narayanganj,reference
BD,RANGPUR-RANGPUR-CC,朗布尔,Rangpur,reference
BD,CUMILLA-CUMILLA-CC,库米拉,Cumilla,reference
BD,MYMENSINGH-MYMENSINGH-CC,迈门辛市,Mymensingh,reference
BD,BOGURA-BOGURA-CC,博格拉,Bogura,reference
AF,1142170,费扎巴德,Fayzabad,reference
AF,1129867,瑙堡,Qala-e-Naw,reference
AF,1130490,普勒胡姆里,Pul-e Khumri,reference
AF,1133616,马扎里沙里夫,Mazar-e Sharif,reference
AF,1147242,巴米扬,Bamyan,reference
AF,1131833,尼利,Nili,reference
AF,1142264,法拉,Farah,reference
AF,1133453,迈马纳,Maymana,reference
AF,1141269,加兹尼,Ghazni,reference
AF,1145904,恰赫恰兰,Firozkoh,reference
AF,1134720,拉什卡尔加,Lashkar Gah,reference
AF,1140026,赫拉特,Herat,reference
AF,1125444,希比尔甘,Sheberghan,reference
AF,1138958,喀布尔,Kabul,reference
AF,1138336,坎大哈,Kandahar,reference
AF,1126606,马哈茂德埃拉基,Mahmud-i-Raqi,reference
AF,1136469,霍斯特,Khost,reference
AF,1148311,阿萨达巴德,Asadabad,reference
AF,1135689,昆都士,Kunduz,reference
AF,1133574,米特拉姆,Mehtar Lam,reference
AF,1130497,佩尔埃阿林,Pul-e Alam,reference
AF,1456960,迈丹城,Maidan Shahr,reference
AF,1139715,贾拉拉巴德,Jalalabad,reference
AF,1120985,扎兰季,Zaranj,reference
AF,1130469,塔林科特市-帕尔伦,Parun,reference
AF,1141857,加德兹,Gardez,reference
AF,8534261,沙拉纳,Sharana,phonetic_translation
AF,1429434,巴扎拉克,Bazarak,reference
AF,1145352,恰里卡尔,Charikar,reference
AF,1127768,艾巴克,Aybak,reference
AF,1127110,萨尔普勒,Sar-e Pol,reference
AF,1123004,塔卢坎,Taloqan,reference
AF,1122747,塔林科特,Tarinkot,reference
AF,1130131,卡拉特,Qalat,reference
PK,AWARAN-AWARAN-MUNICIPAL-COMMITTEE,阿瓦兰,Awaran,phonetic_translation
PK,AWARAN-GUJAR-MASHKAI-MUNICIPAL-COMMITTEE,古贾尔马什凯,Gujar Mashkai,phonetic_translation
PK,BARKHAN-BARKHAN-MUNICIPAL-COMMITTEE,巴尔卡恩,Barkhan,phonetic_translation
PK,CHAGAI-DALBANDIN-MUNICIPAL-COMMITTEE,达尔本丁,Dalbandin,reference
PK,CHAMAN-CHAMAN-MUNICIPAL-CORPORATION,查曼,Chaman,reference
PK,DERA-BUGTI-DERA-BUGTI-MUNICIPAL-COMMITTEE,德里布蒂,Dera Bugti,phonetic_translation
PK,DERA-BUGTI-SUI-MUNICIPAL-COMMITTEE,苏伊,Sui,manual
PK,DUKI-DUKI-MUNICIPAL-COMMITTEE,杜基,Duki,phonetic_translation
PK,GWADAR-GWADAR-MUNICIPAL-COMMITTEE,瓜达尔,Gwadar,reference
PK,GWADAR-JIWANI-MUNICIPAL-COMMITTEE,吉沃尼,Jiwani,reference
PK,GWADAR-ORMARA-MUNICIPAL-COMMITTEE,奥尔马拉,Ormara,reference
PK,GWADAR-PASNI-MUNICIPAL-COMMITTEE,伯斯尼,Pasni,reference
PK,HARNAI-HARNAI-MUNICIPAL-COMMITTEE,哈拉奈,Harnai,phonetic_translation
PK,HARNAI-SHAHRIG-MUNICIPAL-COMMITTEE,沙赫里格,Shahrig,phonetic_translation
PK,JAFFARABAD-DERA-ALLAH-YAR-MUNICIPAL-CORPORATION,达拉阿勒耶,Dera Allah Yar,phonetic_translation
PK,JAFFARABAD-USTA-MUHAMMAD-MUNICIPAL-CORPORATION,乌斯塔穆罕默德,Usta Muhammad,phonetic_translation
PK,JHAL-MAGSI-GANDAWA-MUNICIPAL-COMMITTEE,甘达瓦,Gandawa,phonetic_translation
PK,KACHHI-BHAG-MUNICIPAL-COMMITTEE,巴格,Bhag,phonetic_translation
PK,KACHHI-DHADAR-MUNICIPAL-COMMITTEE,达达尔,Dhadar,phonetic_translation
PK,KACHHI-MACH-MUNICIPAL-COMMITTEE,马奇,Mach,phonetic_translation
PK,KALAT-KALAT-MUNICIPAL-COMMITTEE,卡拉特,Kalat,phonetic_translation
PK,KECH-BULAIDA-MUNICIPAL-COMMITTEE,布尔伊达,Bulaida,phonetic_translation
PK,KECH-TUMP-MUNICIPAL-COMMITTEE,图姆普,Tump,phonetic_translation
PK,KECH-TURBAT-MUNICIPAL-CORPORATION,土尔巴特,Turbat,reference
PK,KHARAN-KHARAN-MUNICIPAL-COMMITTEE,哈拉恩,Kharan,phonetic_translation
PK,KHUZDAR-KHUZDAR-MUNICIPAL-CORPORATION,霍兹达尔,Khuzdar,phonetic_translation
PK,KHUZDAR-NAL-MUNICIPAL-COMMITTEE,纳尔,Nal,phonetic_translation
PK,KHUZDAR-WADH-MUNICIPAL-COMMITTEE,瓦德,Wadh,phonetic_translation
PK,KHUZDAR-ZEHRI-MUNICIPAL-COMMITTEE,泽希里,Zehri,phonetic_translation
PK,KILLA-ABDULLAH-KILLA-ABDULLAH-MUNICIPAL-COMMITTEE,卡拉阿卜杜拉,Killa Abdullah,phonetic_translation
PK,KILLA-SAIFULLAH-KILLA-SAIFULLAH-MUNICIPAL-COMMITTEE,赛富拉堡,Killa Saifullah,reference
PK,KILLA-SAIFULLAH-MUSLIM-BAGH-MUNICIPAL-COMMITTEE,穆斯林巴赫,Muslim Bagh,reference
PK,KOHLU-KOHLU-MUNICIPAL-COMMITTEE,科赫卢,Kohlu,phonetic_translation
PK,LASBELA-BELA-MUNICIPAL-COMMITTEE,拉姆巴希亚,Bela,reference
PK,LASBELA-DUREJI-MUNICIPAL-COMMITTEE,杜雷吉,Dureji,phonetic_translation
PK,LASBELA-GADDANI-MUNICIPAL-COMMITTEE,加达尼,Gaddani,phonetic_translation
PK,LASBELA-HUB-MUNICIPAL-COMMITTEE,胡布,Hub,phonetic_translation
PK,LASBELA-UTHAL-MUNICIPAL-COMMITTEE,乌塔尔,Uthal,phonetic_translation
PK,LASBELA-WINDER-MUNICIPAL-COMMITTEE,温德,Winder,phonetic_translation
PK,LORALAI-LORALAI-MUNICIPAL-COMMITTEE,洛拉莱,Loralai,reference
PK,MASTUNG-MASTUNG-MUNICIPAL-COMMITTEE,默斯东,Mastung,reference
PK,MUSAKHEL-MUSAKHEL-MUNICIPAL-COMMITTEE,穆萨克赫尔,Musakhel,phonetic_translation
PK,NASIRABAD-DERA-MURAD-JAMALI-MUNICIPAL-COMMITTEE,德拉穆拉德贾迈利,Dera Murad Jamali,reference
PK,NUSHKI-NUSHKI-MUNICIPAL-COMMITTEE,努什基,Nushki,phonetic_translation
PK,PANJGUR-CHITKAN-MUNICIPAL-CORPORATION,奇塔坎,Chitkan,phonetic_translation
PK,PANJGUR-TASP-MUNICIPAL-COMMITTEE,塔斯普,Tasp,phonetic_translation
PK,PANJGUR-WASHBOOD-MUNICIPAL-COMMITTEE,瓦什布德,Washbood,phonetic_translation
PK,PISHIN-HURRAM-ZAI-MUNICIPAL-COMMITTEE,胡拉姆扎伊,Hurram Zai,phonetic_translation
PK,PISHIN-KHANOZAI-MUNICIPAL-COMMITTEE,汗诺扎伊,Khanozai,phonetic_translation
PK,PISHIN-PISHIN-MUNICIPAL-CORPORATION,皮钦,Pishin,reference
PK,PISHIN-SARANAN-MUNICIPAL-COMMITTEE,萨拉南,Saranan,phonetic_translation
PK,QUETTA-QUETTA-METROPOLITAN-CORPORATION,奎达,Quetta,reference
PK,SIBI-SIBI-MUNICIPAL-COMMITTEE,锡比,Sibi,reference
PK,SOHBATPUR-SOHBATPUR-MUNICIPAL-COMMITTEE,索巴特普,Sohbatpur,phonetic_translation
PK,SURAB-SURAB-MUNICIPAL-COMMITTEE,苏拉布,Surab,phonetic_translation
PK,WASHUK-WASHUK-MUNICIPAL-COMMITTEE,瓦什克,Washuk,phonetic_translation
PK,ZHOB-ZHOB-MUNICIPAL-COMMITTEE,兹霍布,Zhob,reference
PK,ZIARAT-SINJAWI-MUNICIPAL-COMMITTEE,辛贾威,Sinjawi,phonetic_translation
PK,ZIARAT-ZIARAT-MUNICIPAL-COMMITTEE,扎里特,Ziarat,phonetic_translation
PK,ISLAMABAD-ISLAMABAD-METROPOLITAN-CORPORATION,伊斯兰堡,Islamabad,reference
PK,ABBOTTABAD-ABBOTTABAD-MUNICIPAL-COMMITTEE,阿伯塔巴德,Abbottabad,reference
PK,ABBOTTABAD-HAVELIAN-MUNICIPAL-COMMITTEE,哈维连,Havelian,reference
PK,BANNU-BANNU-MUNICIPAL-COMMITTEE,本努,Bannu,reference
PK,CHARSADDA-CHARSADDA-MUNICIPAL-COMMITTEE,查尔萨达,Charsadda,phonetic_translation
PK,CHARSADDA-SHABQADAR-MUNICIPAL-COMMITTEE,沙卜卡达尔,Shabqadar,phonetic_translation
PK,CHARSADDA-TANGI-MUNICIPAL-COMMITTEE,汤吉,Tangi,phonetic_translation
PK,CHARSADDA-UTMANZAI-MUNICIPAL-COMMITTEE,乌坦扎伊,Utmanzai,phonetic_translation
PK,DERA-ISMAIL-KHAN-DERA-ISMAIL-KHAN-MUNICIPAL-COMMITTEE,德拉·伊斯·梅尔汗,Dera Ismail Khan,reference
PK,DERA-ISMAIL-KHAN-KULACHI-MUNICIPAL-COMMITTEE,库拉奇,Kulachi,phonetic_translation
PK,DERA-ISMAIL-KHAN-PAHARPUR-MUNICIPAL-COMMITTEE,帕尔普尔,Paharpur,phonetic_translation
PK,DERA-ISMAIL-KHAN-PAROA-MUNICIPAL-COMMITTEE,帕罗阿,Paroa,phonetic_translation
PK,HANGU-HANGU-MUNICIPAL-COMMITTEE,汉古,Hangu,reference
PK,HANGU-TALL-MUNICIPAL-COMMITTEE,达尔,Tall,reference
PK,HARIPUR-HARIPUR-MUNICIPAL-COMMITTEE,哈普尔,Haripur,reference
PK,HARIPUR-KHALABAT-MUNICIPAL-COMMITTEE,哈拉巴特,Khalabat,phonetic_translation
PK,KARAK-KARAK-MUNICIPAL-COMMITTEE,卡拉克,Karak,phonetic_translation
PK,KOHAT-KOHAT-MUNICIPAL-COMMITTEE,科哈特,Kohat,reference
PK,LAKKI-MARWAT-LAKKI-MARWAT-MUNICIPAL-COMMITTEE,拉基马武特,Lakki Marwat,phonetic_translation
PK,LOWER-CHITRAL-CHITRAL-MUNICIPAL-COMMITTEE,吉德拉尔,Chitral,reference
PK,LOWER-DIR-TIMARGARA-MUNICIPAL-COMMITTEE,提马尔加拉,Timargara,phonetic_translation
PK,MALAKAND-PROTECTED-AREA-BATKHELA-MUNICIPAL-COMMITTEE,巴特克勒拉,Batkhela,phonetic_translation
PK,MANSEHRA-MANSEHRA-MUNICIPAL-COMMITTEE,曼塞赫拉,Mansehra,reference
PK,MARDAN-MARDAN-MUNICIPAL-COMMITTEE,马尔丹,Mardan,reference
PK,MARDAN-TAKHT-BHAI-MUNICIPAL-COMMITTEE,塔克特·贝伊,Takht Bhai,phonetic_translation
PK,NOWSHERA-AKORA-KHATTAK-MUNICIPAL-COMMITTEE,阿克·卡塔克,Akora Khattak,phonetic_translation
PK,NOWSHERA-JEHANGIRA-MUNICIPAL-COMMITTEE,杰哈朗加拉,Jehangira,phonetic_translation
PK,NOWSHERA-NOWSHERA-KALAN-MUNICIPAL-COMMITTEE,诺什拉·卡兰,Nowshera Kalan,phonetic_translation
PK,NOWSHERA-PABBI-MUNICIPAL-COMMITTEE,帕比,Pabbi,phonetic_translation
PK,PESHAWAR-PESHAWAR-MUNICIPAL-CORPORATION,白沙瓦,Peshawar,reference
PK,SWABI-SWABI-MUNICIPAL-COMMITTEE,斯瓦比,Swabi,reference
PK,SWABI-TOPI-MUNICIPAL-COMMITTEE,托比,Topi,phonetic_translation
PK,SWABI-ZAIDA-MUNICIPAL-COMMITTEE,齐达,Zaida,phonetic_translation
PK,SWAT-BARRI-KOT-MUNICIPAL-COMMITTEE,巴里·科特,Barri Kot,phonetic_translation
PK,SWAT-BEHRAIN-MUNICIPAL-COMMITTEE,贝哈林,Behrain,phonetic_translation
PK,SWAT-KABAL-MUNICIPAL-COMMITTEE,卡巴尔,Kabal,phonetic_translation
PK,SWAT-KHAWAZA-KHELA-MUNICIPAL-COMMITTEE,卡瓦扎克赫拉,Khawaza Khela,phonetic_translation
PK,SWAT-MATTA-MUNICIPAL-COMMITTEE,马塔,Matta,phonetic_translation
PK,SWAT-MINGORA-MUNICIPAL-COMMITTEE,明戈拉,Mingora,reference
PK,TANK-TANK-MUNICIPAL-COMMITTEE,坦克,Tank,phonetic_translation
PK,ATTOCK-ATTOCK-MUNICIPAL-COMMITTEE,阿塔克,Attock,reference
PK,ATTOCK-FATEH-JANG-MUNICIPAL-COMMITTEE,费特贾朗,Fateh Jang,phonetic_translation
PK,ATTOCK-GHUR-GHUSHTI-MUNICIPAL-COMMITTEE,古尔古什蒂,Ghur Ghushti,phonetic_translation
PK,ATTOCK-HASAN-ABDAL-MUNICIPAL-COMMITTEE,哈桑阿卜杜勒,Hasan Abdal,reference
PK,ATTOCK-HAZRO-MUNICIPAL-COMMITTEE,哈兹罗,Hazro,phonetic_translation
PK,ATTOCK-JAND-MUNICIPAL-COMMITTEE,詹德,Jand,phonetic_translation
PK,ATTOCK-PINDI-GHEB-MUNICIPAL-COMMITTEE,皮迪格赫布,Pindi Gheb,phonetic_translation
PK,BAHAWALNAGAR-BAHAWALNAGAR-MUNICIPAL-COMMITTEE,巴哈瓦尔纳加尔,Bahawalnagar,reference
PK,BAHAWALNAGAR-CHISHTIAN-MUNICIPAL-COMMITTEE,奇希尔坦,Chishtian,phonetic_translation
PK,BAHAWALNAGAR-DONGA-BONGA-MUNICIPAL-COMMITTEE,东加邦加,Donga Bonga,phonetic_translation
PK,BAHAWALNAGAR-FORT-ABBAS-MUNICIPAL-COMMITTEE,阿巴斯堡,Fort Abbas,phonetic_translation
PK,BAHAWALNAGAR-HAROONABAD-MUNICIPAL-COMMITTEE,哈罗纳巴德,Haroonabad,phonetic_translation
PK,BAHAWALNAGAR-MINCHINABAD-MUNICIPAL-COMMITTEE,明奇纳巴德,Minchinabad,phonetic_translation
PK,BAHAWALPUR-AHMADPUR-EAST-MUNICIPAL-COMMITTEE,艾哈迈德普尔东,Ahmadpur East,phonetic_translation
PK,BAHAWALPUR-BAHAWALPUR-METROPOLITAN-CORPORATION,巴哈瓦尔布尔,Bahawalpur,reference
PK,BAHAWALPUR-HASILPUR-MUNICIPAL-COMMITTEE,哈斯里普,Hasilpur,reference
PK,BAHAWALPUR-KHAIRPUR-TAMEWALI-MUNICIPAL-COMMITTEE,凯布尔塔梅瓦利,Khairpur Tamewali,phonetic_translation
PK,BAHAWALPUR-UCH-SHARIF-MUNICIPAL-COMMITTEE,乌杰,Uch Sharif,reference
PK,BAHAWALPUR-YAZMAN-MUNICIPAL-COMMITTEE,亚兹曼,Yazman,phonetic_translation
PK,BHAKKAR-BHAKKAR-MUNICIPAL-COMMITTEE,巴克卡,Bhakkar,reference
PK,BHAKKAR-DARYA-KHAN-MUNICIPAL-COMMITTEE,达里亚汗,Darya Khan,phonetic_translation
PK,BHAKKAR-DULLEWALA-MUNICIPAL-COMMITTEE,杜勒瓦拉,Dullewala,phonetic_translation
PK,BHAKKAR-JANDANWALA-MUNICIPAL-COMMITTEE,贾丹瓦拉,Jandanwala,phonetic_translation
PK,BHAKKAR-KALUR-KOT-MUNICIPAL-COMMITTEE,卡尔勒,Kalur Kot,phonetic_translation
PK,BHAKKAR-MANKERA-MUNICIPAL-COMMITTEE,曼凯拉,Mankera,phonetic_translation
PK,CHAKWAL-BHAUN-MUNICIPAL-COMMITTEE,布恩,Bhaun,phonetic_translation
PK,CHAKWAL-CHAKWAL-MUNICIPAL-COMMITTEE,杰格瓦尔,Chakwal,reference
PK,CHAKWAL-CHOA-SAIDAN-SHAH-MUNICIPAL-COMMITTEE,乔亚赛丹沙,Choa Saidan Shah,phonetic_translation
PK,CHAKWAL-KALLAR-KAHAR-MUNICIPAL-COMMITTEE,卡尔勒,Kallar Kahar,phonetic_translation
PK,CHAKWAL-LAWA-MUNICIPAL-COMMITTEE,拉瓦,Lawa,phonetic_translation
PK,CHAKWAL-TALAGANG-MUNICIPAL-COMMITTEE,塔拉冈,Talagang,phonetic_translation
PK,CHINIOT-BHAWANA-MUNICIPAL-COMMITTEE,布瓦纳,Bhawana,phonetic_translation
PK,CHINIOT-CHENAB-NAGAR-MUNICIPAL-COMMITTEE,奈格尔,Chenab Nagar,phonetic_translation
PK,CHINIOT-CHINIOT-MUNICIPAL-COMMITTEE,吉尼奥德,Chiniot,reference
PK,CHINIOT-LALIAN-MUNICIPAL-COMMITTEE,拉利安,Lalian,phonetic_translation
PK,DERA-GHAZI-KHAN-DERA-GHAZI-KHAN-MUNICIPAL-CORPORATION,德拉加齐汗,Dera Ghazi Khan,reference
PK,DERA-GHAZI-KHAN-KOT-CHHUTA-MUNICIPAL-COMMITTEE,科特奇胡塔,Kot Chhuta,phonetic_translation
PK,DERA-GHAZI-KHAN-TAUNSA-MUNICIPAL-COMMITTEE,塔尔萨,Taunsa,phonetic_translation
PK,FAISALABAD-CHAK-JHUMRA-MUNICIPAL-COMMITTEE,查克朱尔马,Chak Jhumra,phonetic_translation
PK,FAISALABAD-DIJKOT-MUNICIPAL-COMMITTEE,迪乔特,Dijkot,phonetic_translation
PK,FAISALABAD-FAISALABAD-MUNICIPAL-CORPORATION,费萨拉巴德,Faisalabad,reference
PK,FAISALABAD-JARANWALA-MUNICIPAL-COMMITTEE,贾拉纳瓦拉,Jaranwala,phonetic_translation
PK,FAISALABAD-KHURIAN-WALA-MUNICIPAL-COMMITTEE,库里安瓦拉,Khurian Wala,phonetic_translation
PK,FAISALABAD-MAMU-KANJAN-MUNICIPAL-COMMITTEE,马穆卡詹,Mamu Kanjan,phonetic_translation
PK,FAISALABAD-SAMMUNDARI-MUNICIPAL-COMMITTEE,萨蒙德里,Sammundari,reference
PK,FAISALABAD-TANDLIAN-WALA-MUNICIPAL-COMMITTEE,坦德利安瓦拉,Tandlian Wala,phonetic_translation
PK,GUJRANWALA-ALI-PUR-CHATHA-MUNICIPAL-COMMITTEE,阿里普查塔,Ali Pur Chatha,phonetic_translation
PK,GUJRANWALA-DHONKAL-MUNICIPAL-COMMITTEE,多恩卡拉,Dhonkal,phonetic_translation
PK,GUJRANWALA-GHAKKHAR-MUNICIPAL-COMMITTEE,加克哈尔,Ghakkhar,phonetic_translation
PK,GUJRANWALA-GUJRANWALA-METROPOLITAN-CORPORATION,古吉兰瓦拉,Gujranwala,reference
PK,GUJRANWALA-KAMOKE-MUNICIPAL-CORPORATION,加莫盖,Kamoke,reference
PK,GUJRANWALA-LUDHEWALA-WARAICH-MUNICIPAL-COMMITTEE,卢德瓦拉·瓦拉伊奇,Ludhewala Waraich,phonetic_translation
PK,GUJRANWALA-NOWSHERA-VIRKAN-MUNICIPAL-COMMITTEE,诺什拉·维兰克,Nowshera Virkan,phonetic_translation
PK,GUJRANWALA-QILA-DIDAR-SINGH-MUNICIPAL-COMMITTEE,基拉·迪达尔,Qila Didar Singh,phonetic_translation
PK,GUJRANWALA-WAZIRABAD-MUNICIPAL-COMMITTEE,沃济拉巴德,Wazirabad,reference
PK,GUJRAT-DINGA-MUNICIPAL-COMMITTEE,丁加,Dinga,phonetic_translation
PK,GUJRAT-GUJRAT-METROPOLITAN-CORPORATION,古杰拉特,Gujrat,reference
PK,GUJRAT-JALALPUR-JATTAN-MUNICIPAL-COMMITTEE,贾拉尔普·贾坦,Jalalpur Jattan,phonetic_translation
PK,GUJRAT-KHARIAN-MUNICIPAL-COMMITTEE,哈里安,Kharian,phonetic_translation
PK,GUJRAT-KUNJAH-MUNICIPAL-COMMITTEE,昆贾,Kunjah,phonetic_translation
PK,GUJRAT-LALA-MUSA-MUNICIPAL-COMMITTEE,拉拉·穆萨,Lala Musa,phonetic_translation
PK,GUJRAT-SARAI-ALAMGIR-MUNICIPAL-COMMITTEE,萨拉伊·阿拉姆吉尔,Sarai Alamgir,phonetic_translation
PK,HAFIZABAD-HAFIZABAD-MUNICIPAL-COMMITTEE,哈菲扎巴德,Hafizabad,phonetic_translation
PK,HAFIZABAD-JALALPUR-BHATTIAN-MUNICIPAL-COMMITTEE,贾拉尔普尔·巴蒂安,Jalalpur Bhattian,phonetic_translation
PK,HAFIZABAD-PINDI-BHATTIAN-MUNICIPAL-COMMITTEE,皮迪·巴蒂安,Pindi Bhattian,phonetic_translation
PK,HAFIZABAD-SUKHEKE-MUNICIPAL-COMMITTEE,苏克赫克,Sukheke,phonetic_translation
PK,JHANG-18-HAZARI-MUNICIPAL-COMMITTEE,十八·哈扎里,18-Hazari,phonetic_translation
PK,JHANG-AHMADPUR-SIAL-MUNICIPAL-COMMITTEE,阿赫默德普尔·谢尔,Ahmadpur Sial,phonetic_translation
PK,JHANG-GARH-MAHARAJA-MUNICIPAL-COMMITTEE,加尔赫·马哈拉贾,Garh Maharaja,phonetic_translation
PK,JHANG-JHANG-MUNICIPAL-COMMITTEE,章市,Jhang,reference
PK,JHANG-SHORKOT-MUNICIPAL-COMMITTEE,沙罗克特,Shorkot,phonetic_translation
PK,JHELUM-DINA-MUNICIPAL-COMMITTEE,迪纳,Dina,phonetic_translation
PK,JHELUM-JHELUM-MUNICIPAL-CORPORATION,杰赫勒姆,Jhelum,reference
PK,JHELUM-KHEWRA-MUNICIPAL-COMMITTEE,凯沃拉,Khewra,reference
PK,JHELUM-PIND-DADAN-KHAN-MUNICIPAL-COMMITTEE,宾德达登汗,Pind Dadan Khan,reference
PK,JHELUM-SOHAWA-MUNICIPAL-COMMITTEE,索瓦,Sohawa,phonetic_translation
PK,KASUR-ALAHABAD-MUNICIPAL-COMMITTEE,阿拉巴德,Alahabad,phonetic_translation
PK,KASUR-CHUNIAN-MUNICIPAL-COMMITTEE,春,Chunian,phonetic_translation
PK,KASUR-KANGANPUR-MUNICIPAL-COMMITTEE,坎甘普,Kanganpur,phonetic_translation
PK,KASUR-KASUR-MUNICIPAL-COMMITTEE,卡苏尔,Kasur,reference
PK,KASUR-KHADIAN-MUNICIPAL-COMMITTEE,卡迪安,Khadian,phonetic_translation
PK,KASUR-KOT-RADHA-KISHAN-MUNICIPAL-COMMITTEE,科特拉达希安,Kot Radha Kishan,phonetic_translation
PK,KASUR-MUSTAFABAD-MUNICIPAL-COMMITTEE,穆斯塔法巴德,Mustafabad,phonetic_translation
PK,KASUR-PATTOKI-MUNICIPAL-COMMITTEE,帕托基,Pattoki,phonetic_translation
PK,KASUR-PHOOL-NAGAR-MUNICIPAL-COMMITTEE,花,Phool Nagar,phonetic_translation
PK,KASUR-RAJA-JANG-MUNICIPAL-COMMITTEE,拉贾,Raja Jang,phonetic_translation
PK,KHANEWAL-JAHANIAN-MUNICIPAL-COMMITTEE,贾哈尼安,Jahanian,phonetic_translation
PK,KHANEWAL-KABIRWALA-MUNICIPAL-COMMITTEE,卡比尔瓦拉,Kabirwala,phonetic_translation
PK,KHANEWAL-KHANEWAL-MUNICIPAL-COMMITTEE,至汗尼瓦尔,Khanewal,reference
PK,KHANEWAL-MIAN-CHANNU-MUNICIPAL-COMMITTEE,米安钱努,Mian Channu,reference
PK,KHUSHAB-HADALI-MUNICIPAL-COMMITTEE,哈达利,Hadali,phonetic_translation
PK,KHUSHAB-JAUHARABAD-MUNICIPAL-COMMITTEE,豪哈拉巴德,Jauharabad,phonetic_translation
PK,KHUSHAB-KHUSHAB-MUNICIPAL-COMMITTEE,胡沙布,Khushab,reference
PK,KHUSHAB-MITHA-TAWANA-MUNICIPAL-COMMITTEE,弥塔·塔瓦纳,Mitha Tawana,phonetic_translation
PK,KHUSHAB-NOOR-PUR-MUNICIPAL-COMMITTEE,诺尔普,Noor Pur,phonetic_translation
PK,KHUSHAB-NOWSHERA-MUNICIPAL-COMMITTEE,诺什拉,Nowshera,phonetic_translation
PK,KHUSHAB-QUAIDABAD-MUNICIPAL-COMMITTEE,夸伊达,Quaidabad,phonetic_translation
PK,LAHORE-LAHORE-METROPOLITAN-CORPORATION,拉合尔,Lahore,reference
PK,LAYYAH-CHAUBARA-MUNICIPAL-COMMITTEE,查布尔阿,Chaubara,phonetic_translation
PK,LAYYAH-CHOWK-AZAM-MUNICIPAL-COMMITTEE,乔克阿兹姆,Chowk Azam,phonetic_translation
PK,LAYYAH-FATEH-PUR-MUNICIPAL-COMMITTEE,费塔普尔,Fateh Pur,phonetic_translation
PK,LAYYAH-KAROR-LAL-ESAN-MUNICIPAL-COMMITTEE,卡拉尔拉勒恩,Karor Lal Esan,phonetic_translation
PK,LAYYAH-LAYYAH-MUNICIPAL-COMMITTEE,莱亚,Layyah,reference
PK,LODHRAN-DUNYAPUR-MUNICIPAL-COMMITTEE,都尼雅普尔,Dunyapur,phonetic_translation
PK,LODHRAN-KAHROR-PACCA-MUNICIPAL-COMMITTEE,卡霍尔帕卡,Kahror Pacca,phonetic_translation
PK,LODHRAN-LODHRAN-MUNICIPAL-COMMITTEE,罗德兰,Lodhran,reference
PK,MANDI-BAHAUDDIN-MALAKWAL-MUNICIPAL-COMMITTEE,马拉克瓦尔,Malakwal,phonetic_translation
PK,MANDI-BAHAUDDIN-MANDI-BAHAUDDIN-MUNICIPAL-COMMITTEE,门迪伯哈乌丁,Mandi Bahauddin,reference
PK,MANDI-BAHAUDDIN-PHALIA-MUNICIPAL-COMMITTEE,法利亚,Phalia,reference
PK,MIANWALI-DAUD-KHEL-MUNICIPAL-COMMITTEE,达乌德克希尔,Daud Khel,phonetic_translation
PK,MIANWALI-ISA-KHEL-MUNICIPAL-COMMITTEE,伊萨克希尔,Isa Khel,phonetic_translation
PK,MIANWALI-KALABAGH-MUNICIPAL-COMMITTEE,卡拉巴格,Kalabagh,phonetic_translation
PK,MIANWALI-KAMAR-MASHANI-MUNICIPAL-COMMITTEE,卡马尔马沙尼,Kamar Mashani,phonetic_translation
PK,MIANWALI-KUNDIAN-MUNICIPAL-COMMITTEE,库迪安,Kundian,phonetic_translation
PK,MIANWALI-LIAQATABAD-MUNICIPAL-COMMITTEE,利亚卡巴德,Liaqatabad,phonetic_translation
PK,MIANWALI-MIANWALI-MUNICIPAL-COMMITTEE,米扬瓦利,Mianwali,reference
PK,MULTAN-JALALPUR-PIRWALA-MUNICIPAL-COMMITTEE,贾拉布尔·皮罗瓦拉,Jalalpur Pirwala,phonetic_translation
PK,MULTAN-MULTAN-MUNICIPAL-CORPORATION,木尔坦,Multan,reference
PK,MULTAN-SHUJABAD-MUNICIPAL-COMMITTEE,舒贾巴德,Shujabad,phonetic_translation
PK,MUZAFFARGARH-ALIPUR-MUNICIPAL-COMMITTEE,阿里普尔,Alipur,phonetic_translation
PK,MUZAFFARGARH-CHOWK-SARWAR-SHAHEED-MUNICIPAL-COMMITTEE,沙尔瓦尔·谢赫特,Chowk Sarwar Shaheed,phonetic_translation
PK,MUZAFFARGARH-JATOI-MUNICIPAL-COMMITTEE,贾托伊,Jatoi,phonetic_translation
PK,MUZAFFARGARH-KHANGARH-MUNICIPAL-COMMITTEE,汗加尔赫,Khangarh,phonetic_translation
PK,MUZAFFARGARH-KOT-ADDU-MUNICIPAL-COMMITTEE,科特·阿杜,Kot Addu,phonetic_translation
PK,MUZAFFARGARH-MUZAFFARGARH-MUNICIPAL-COMMITTEE,穆扎法尔格尔,Muzaffargarh,reference
PK,MUZAFFARGARH-SHEHR-SULTAN-MUNICIPAL-COMMITTEE,沙赫尔·苏丹,Shehr Sultan,phonetic_translation
PK,MUZAFFARGARH-SINAWAN-MUNICIPAL-COMMITTEE,辛瓦恩,Sinawan,phonetic_translation
PK,NANKANA-SAHIB-NANKANA-MUNICIPAL-COMMITTEE,南卡纳沙希布,Nankana,reference
PK,NANKANA-SAHIB-SANGLA-HILL-MUNICIPAL-COMMITTEE,桑格拉山,Sangla Hill,manual
PK,NANKANA-SAHIB-SHAHKOT-MUNICIPAL-COMMITTEE,桑加纳·萨比尔·沙克奥特,Shahkot,phonetic_translation
PK,NANKANA-SAHIB-WARBURTON-MUNICIPAL-COMMITTEE,桑加纳·萨比尔·沃伯顿,Warburton,phonetic_translation
PK,NAROWAL-NAROWAL-MUNICIPAL-COMMITTEE,诺罗瓦尔,Narowal,reference
PK,NAROWAL-SHAKARGARH-MUNICIPAL-COMMITTEE,纳瓦尔·沙加尔格尔,Shakargarh,phonetic_translation
PK,NAROWAL-ZAFARWAL-MUNICIPAL-COMMITTEE,泽弗尔瓦尔,Zafarwal,reference
PK,OKARA-DEPALPUR-MUNICIPAL-COMMITTEE,奥卡拉·德帕尔普,Depalpur,phonetic_translation
PK,OKARA-HAVELI-LAKHA-WASAWEWALA-MUNICIPAL-COMMITTEE,霍尔维·拉夏·瓦萨韦拉,Haveli Lakha Wasawewala,phonetic_translation
PK,OKARA-HUJRA-SHAH-MUQEEM-MUNICIPAL-COMMITTEE,霍贾·沙赫·穆齐姆,Hujra Shah Muqeem,phonetic_translation
PK,OKARA-OKARA-MUNICIPAL-CORPORATION,大田，巴基斯坦,Okara,reference
PK,OKARA-RENALA-KHURD-MUNICIPAL-COMMITTEE,雷纳拉 胡德,Renala Khurd,reference
PK,PAKPATTAN-ARIF-WALA-MUNICIPAL-COMMITTEE,阿里夫瓦拉,Arif Wala,phonetic_translation
PK,PAKPATTAN-PAKPATTAN-MUNICIPAL-COMMITTEE,帕克帕坦,Pakpattan,reference
PK,RAHIM-YAR-KHAN-KHANPUR-MUNICIPAL-COMMITTEE,汗布尔,Khanpur,reference
PK,RAHIM-YAR-KHAN-KOT-SAMABA-MUNICIPAL-COMMITTEE,拉希姆·亚尔·汗·萨马巴,Kot Samaba,phonetic_translation
PK,RAHIM-YAR-KHAN-LIAQUATPUR-MUNICIPAL-COMMITTEE,拉希姆·亚尔·汗·利亚库图普尔,Liaquatpur,phonetic_translation
PK,RAHIM-YAR-KHAN-RAHIM-YAR-KHAN-MUNICIPAL-CORPORATION,拉希姆亚尔汗,Rahim Yar Khan,reference
PK,RAHIM-YAR-KHAN-SADIQABAD-MUNICIPAL-CORPORATION,萨迪加巴德,Sadiqabad,reference
PK,RAHIM-YAR-KHAN-TRINDA-SAWAI-KHAN-MUNICIPAL-COMMITTEE,特林达·萨瓦伊·汗,Trinda Sawai Khan,phonetic_translation
PK,RAHIM-YAR-KHAN-ZAHIRPIR-MUNICIPAL-COMMITTEE,扎希尔皮尔,Zahirpir,phonetic_translation
PK,RAJANPUR-FAZALPUR-MUNICIPAL-COMMITTEE,法扎尔普尔,Fazalpur,phonetic_translation
PK,RAJANPUR-JAMPUR-MUNICIPAL-COMMITTEE,贾姆普尔,Jampur,phonetic_translation
PK,RAJANPUR-KOT-MITHAN-MUNICIPAL-COMMITTEE,科特·米,Kot Mithan,phonetic_translation
PK,RAJANPUR-RAJANPUR-MUNICIPAL-COMMITTEE,拉詹普尔,Rajanpur,reference
PK,RAJANPUR-ROJHAN-MUNICIPAL-COMMITTEE,罗罕,Rojhan,phonetic_translation
PK,RAWALPINDI-DAULTALA-MUNICIPAL-COMMITTEE,达,Daultala,phonetic_translation
PK,RAWALPINDI-GUJAR-KHAN-MUNICIPAL-COMMITTEE,古杰尔汗,Gujar Khan,reference
PK,RAWALPINDI-KAHUTA-MUNICIPAL-COMMITTEE,卡胡塔,Kahuta,reference
PK,RAWALPINDI-KALLAR-SYEDAN-MUNICIPAL-COMMITTEE,卡拉尔·赛丹,Kallar Syedan,phonetic_translation
PK,RAWALPINDI-KOTLI-SATTIAN-MUNICIPAL-COMMITTEE,科特利·萨蒂安,Kotli Sattian,phonetic_translation
PK,RAWALPINDI-MURREE-MUNICIPAL-COMMITTEE,穆里,Murree,reference
PK,RAWALPINDI-RAWALPINDI-METROPOLITAN-CORPORATION,拉瓦尔品第,Rawalpindi,reference
PK,RAWALPINDI-TAXILA-MUNICIPAL-COMMITTEE,塔克西拉,Taxila,reference
PK,SAHIWAL-CHICHAWATNI-MUNICIPAL-COMMITTEE,奇查瓦特尼,Chichawatni,phonetic_translation
PK,SAHIWAL-SAHIWAL-METROPOLITAN-CORPORATION,萨希瓦尔,Sahiwal,reference
PK,SARGODHA-BHALWAL-MUNICIPAL-COMMITTEE,巴尔瓦尔,Bhalwal,phonetic_translation
PK,SARGODHA-BHERA-MUNICIPAL-COMMITTEE,贝拉,Bhera,phonetic_translation
PK,SARGODHA-KOT-MOMIN-MUNICIPAL-COMMITTEE,科特莫明,Kot Momin,phonetic_translation
PK,SARGODHA-SAHIWAL-MUNICIPAL-COMMITTEE,沙希瓦尔,Sahiwal,phonetic_translation
PK,SARGODHA-SARGODHA-MUNICIPAL-CORPORATION,萨戈达,Sargodha,reference
PK,SARGODHA-SHAHPUR-SADDAR-MUNICIPAL-COMMITTEE,沙夫普萨达尔,Shahpur Saddar,phonetic_translation
PK,SARGODHA-SILLANWALI-MUNICIPAL-COMMITTEE,西拉纳瓦利,Sillanwali,phonetic_translation
PK,SHEIKHUPURA-FAROOQ-ABAD-MUNICIPAL-COMMITTEE,法鲁克阿巴德,Farooq Abad,phonetic_translation
PK,SHEIKHUPURA-FEROZEWALA-MUNICIPAL-COMMITTEE,费罗泽瓦拉,Ferozewala,phonetic_translation
PK,SHEIKHUPURA-KHANQAH-DOGRAN-MUNICIPAL-COMMITTEE,汗加多格兰,Khanqah Dogran,phonetic_translation
PK,SHEIKHUPURA-KOT-ABDUL-MALIK-MUNICIPAL-COMMITTEE,科特阿卜杜勒·马利克,Kot Abdul Malik,phonetic_translation
PK,SHEIKHUPURA-MANAWALA-JODH-SINGH-MUNICIPAL-COMMITTEE,曼瓦拉卓希辛格,Manawala Jodh Singh,phonetic_translation
PK,SHEIKHUPURA-MURIDKE-MUNICIPAL-COMMITTEE,默里克,Muridke,phonetic_translation
PK,SHEIKHUPURA-NARANG-MANDI-MUNICIPAL-COMMITTEE,纳朗曼迪,Narang Mandi,phonetic_translation
PK,SHEIKHUPURA-SAFDARABAD-MUNICIPAL-COMMITTEE,萨夫达拉布,Safdarabad,phonetic_translation
PK,SHEIKHUPURA-SHARAK-PUR-MUNICIPAL-COMMITTEE,沙拉克普,Sharak Pur,phonetic_translation
PK,SHEIKHUPURA-SHEIKHUPURA-MUNICIPAL-COMMITTEE,谢胡布尔,Sheikhupura,reference
PK,SIALKOT-DASKA-MUNICIPAL-COMMITTEE,达斯卡,Daska,reference
PK,SIALKOT-PASRUR-MUNICIPAL-COMMITTEE,帕斯鲁,Pasrur,phonetic_translation
PK,SIALKOT-SAMBRIAL-MUNICIPAL-COMMITTEE,萨姆博利阿尔,Sambrial,reference
PK,SIALKOT-SIALKOT-MUNICIPAL-CORPORATION,锡亚尔科特,Sialkot,reference
PK,TOBA-TEK-SINGH-GOJRA-MUNICIPAL-COMMITTEE,戈杰拉,Gojra,reference
PK,TOBA-TEK-SINGH-KAMALIA-MUNICIPAL-COMMITTEE,卡马利亚,Kamalia,phonetic_translation
PK,TOBA-TEK-SINGH-PIR-MAHAL-MUNICIPAL-COMMITTEE,皮尔马哈尔,Pir Mahal,phonetic_translation
PK,TOBA-TEK-SINGH-TOBA-TEK-SINGH-MUNICIPAL-COMMITTEE,托巴特辛,Toba Tek Singh,reference
PK,VEHARI-BUREWALA-MUNICIPAL-COMMITTEE,布瑞瓦拉,Burewala,phonetic_translation
PK,VEHARI-MAILSI-MUNICIPAL-COMMITTEE,梅尔西,Mailsi,phonetic_translation
PK,VEHARI-VEHARI-MUNICIPAL-COMMITTEE,维哈里,Vehari,reference
PK,BADIN-BADIN-MUNICIPAL-COMMITTEE,巴丁,Badin,reference
PK,BADIN-MATLI-MUNICIPAL-COMMITTEE,马特利,Matli,phonetic_translation
PK,BADIN-TANDO-BAGO-MUNICIPAL-COMMITTEE,塔尔博戈,Tando Bago,phonetic_translation
PK,DADU-DADU-MUNICIPAL-COMMITTEE,达杜 (巴基斯坦),Dadu,reference
PK,DADU-KHAIR-PUR-NATHAN-SHAH-MUNICIPAL-COMMITTEE,凯尔普纳坦沙赫,Khair Pur Nathan Shah,phonetic_translation
PK,DADU-MEHAR-MUNICIPAL-COMMITTEE,梅尔,Mehar,phonetic_translation
PK,GHOTKI-GHOTKI-MUNICIPAL-COMMITTEE,格特基,Ghotki,reference
PK,GHOTKI-MIRPUR-MATHELO-MUNICIPAL-COMMITTEE,米尔马特勒,Mirpur Mathelo,phonetic_translation
PK,HYDERABAD-HYDERABAD-MUNICIPAL-CORPORATION,海得拉巴,Hyderabad,phonetic_translation
PK,HYDERABAD-QASIMABAD-MUNICIPAL-COMMITTEE,卡斯迈巴德,Qasimabad,phonetic_translation
PK,HYDERABAD-TANDO-JAM-MUNICIPAL-COMMITTEE,塔尔贾姆,Tando Jam,phonetic_translation
PK,JACOBABAD-JACOBABAD-MUNICIPAL-COMMITTEE,雅各布阿巴德,Jacobabad,reference
PK,JACOBABAD-THUL-MUNICIPAL-COMMITTEE,图尔,Thul,phonetic_translation
PK,JAMSHORO-BOLHARI-MUNICIPAL-COMMITTEE,博尔哈里,Bolhari,phonetic_translation
PK,JAMSHORO-KOTRI-MUNICIPAL-COMMITTEE,戈特里,Kotri,reference
PK,KAMBAR-SHAHDAD-KOT-KAMBAR-MUNICIPAL-COMMITTEE,卡姆巴尔,Kambar,phonetic_translation
PK,KAMBAR-SHAHDAD-KOT-SHAHDAD-KOT-MUNICIPAL-COMMITTEE,沙达科特,Shahdad Kot,reference
PK,KARACHI-CENTRAL-KARACHI-CENTRAL-DISTRICT-MUNICIPAL-CORPORATION,卡拉奇中心区,Karachi Central,phonetic_translation
PK,KARACHI-EAST-KARACHI-EAST-DISTRICT-MUNICIPAL-CORPORATION,卡拉奇东区,Karachi East,phonetic_translation
PK,KARACHI-SOUTH-KARACHI-SOUTH-DISTRICT-MUNICIPAL-CORPORATION,卡拉奇南区,Karachi South,phonetic_translation
PK,KARACHI-WEST-KARACHI-WEST-DISTRICT-MUNICIPAL-CORPORATION,卡拉奇西区,Karachi West,phonetic_translation
PK,KASHMORE-KANDHKOT-MUNICIPAL-COMMITTEE,坎德霍特,Kandhkot,phonetic_translation
PK,KEAMARI-KEAMARI-DISTRICT-MUNICIPAL-CORPORATION,凯马里,Keamari,phonetic_translation
PK,KHAIRPUR-GAMBAT-MUNICIPAL-COMMITTEE,加姆巴特,Gambat,phonetic_translation
PK,KHAIRPUR-KHAIRPUR-MUNICIPAL-COMMITTEE,海尔布尔,Khairpur,reference
PK,KHAIRPUR-KINGRI-PIRJO-GOTH-MUNICIPAL-COMMITTEE,金格里,Kingri (Pirjo Goth),phonetic_translation
PK,KORANGI-KORANGI-DISTRICT-MUNICIPAL-CORPORATION,科朗吉,Korangi,phonetic_translation
PK,LARKANA-LARKANA-MUNICIPAL-CORPORATION,拉尔卡纳,Larkana,reference
PK,LARKANA-NAUDERO-MUNICIPAL-COMMITTEE,纳杜尔,Naudero,phonetic_translation
PK,LARKANA-RATODERO-MUNICIPAL-COMMITTEE,日多地尔,Ratodero,reference
PK,MALIR-MALIR-DISTRICT-MUNICIPAL-CORPORATION,马利,Malir,phonetic_translation
PK,MATIARI-HALA-MUNICIPAL-COMMITTEE,信德省哈拉城乡,Hala,reference
PK,MIRPUR-KHAS-MIRPUR-KHAS-MUNICIPAL-COMMITTEE,米尔布尔哈斯,Mirpur Khas,reference
PK,NAUSHAHRO-FEROZE-MORO-MUNICIPAL-COMMITTEE,莫罗,Moro,phonetic_translation
PK,SANGHAR-SANGHAR-MUNICIPAL-COMMITTEE,桑克尔,Sanghar,reference
PK,SANGHAR-SHAHDADPUR-MUNICIPAL-COMMITTEE,沙赫达德布尔,Shahdadpur,reference
PK,SANGHAR-SINJHORO-MUNICIPAL-COMMITTEE,辛乔罗,Sinjhoro,phonetic_translation
PK,SANGHAR-TANDO-ADAM-MUNICIPAL-COMMITTEE,坦杜阿当,Tando Adam,reference
PK,SHAHEED-BENAZIRABAD-NAWABSHAH-MUNICIPAL-COMMITTEE,讷瓦布沙阿,Nawabshah,reference
PK,SHIKARPUR-SHIKARPUR-MUNICIPAL-COMMITTEE,希卡布尔,Shikarpur,reference
PK,SUKKUR-ROHRI-MUNICIPAL-COMMITTEE,罗赫里,Rohri,reference
PK,SUKKUR-SUKKUR-MUNICIPAL-CORPORATION,苏库尔,Sukkur,reference
PK,TANDO-ALLAHYAR-TANDO-ALLAHYAR-MUNICIPAL-COMMITTEE,坦杜阿拉亚,Tando Allahyar,reference
PK,TANDO-MUHAMMAD-KHAN-TANDO-MUHAMMAD-KHAN-MUNICIPAL-COMMITTEE,登多穆罕默德汗,Tando Muhammad Khan,reference
PK,THARPARKAR-MITHI-MUNICIPAL-COMMITTEE,米蒂,Mithi,phonetic_translation
PK,THATTA-THATTA-MUNICIPAL-COMMITTEE,特达市,Thatta,reference
PK,UMER-KOT-UMERKOT-MUNICIPAL-COMMITTEE,乌默科特,Umerkot,phonetic_translation
IN,253098,布莱尔港,Port Blair,reference
IN,257868,阿丹奇,Addanki,reference
IN,251792,阿多尼,Adoni,reference
IN,253272,阿拉加达,Allagadda,phonetic_translation
IN,251699,阿马达拉瓦拉萨,Amadalavalasa,reference
IN,251735,阿默拉布勒姆,Amalapuram,reference
IN,248112,安南塔普尔,Anantapur,reference
IN,258033,阿特马库尔,Atmakur,phonetic_translation
IN,253270,阿特马库尔,Atmakur (Kurnool),phonetic_translation
IN,248111,巴德韦,Badvel,reference
IN,251760,巴帕特拉,Bapatla,reference
IN,251741,贝哈瓦拉姆,Bhimavaram,phonetic_translation
IN,251702,博布比利,Bobbili,reference
IN,251756,奇拉卡拉勒佩塔,Chilakaluripeta,phonetic_translation
IN,253274,奇马库尔,Chimakurthy,phonetic_translation
IN,251763,奇拉拉,Chirala,reference
IN,248122,奇图尔,Chittoor,reference
IN,251782,卡达帕,Cuddapah,reference
IN,248115,达尔马瓦拉姆,Dharmavaram,reference
IN,253169,丹尼,Dhone,reference
IN,251739,埃卢鲁,Eluru,reference
IN,251797,古缇,Gooty,reference
IN,251747,古迪瓦达,Gudivada,reference
IN,263068,古杜尔,Gudur,reference
IN,248113,古恩塔卡尔,Guntakal,reference
IN,251757,贡土尔,Guntur,reference
IN,248118,辛杜普尔,Hindupur,reference
IN,251696,伊奇查普兰姆,Ichapuram,reference
IN,277319,贾贾伊哈佩特,Jaggiahpet,phonetic_translation
IN,257906,江拉迪甘村,Jangareddygudem,phonetic_translation
IN,248116,卡迪里,Kadiri,reference
IN,251731,卡金纳达,Kakinada,reference
IN,251799,卡利亚恩杜尔格,Kalyandurg,reference
IN,251768,坎杜库尔,Kandukur,phonetic_translation
IN,253295,卡尼吉里,Kanigiri,phonetic_translation
IN,251770,卡瓦利,Kavali,reference
IN,296264,孔达帕利,Kondapalli,phonetic_translation
IN,251736,科沃武尔,Kovvur,reference
IN,296257,库潘姆,Kuppam,reference
IN,251789,卡努尔,Kurnool,reference
IN,251751,马切尔拉,Macherla,reference
IN,251750,默苏利珀德姆,Machilipatnam Municipal Corporation,reference
IN,248119,马达纳帕尔莱,Madanapalli,reference
IN,251732,马恩达佩塔,Mandapeta,reference
IN,251752,芒加里吉塔德佩利,Mangalagiri Tadepalli,phonetic_translation
IN,251762,马尔卡普尔,Markapur,reference
IN,253297,木杜库尔,Mydukur,phonetic_translation
IN,248125,那加里,Nagari,phonetic_translation
IN,257831,奈杜佩塔,Naidupeta,phonetic_translation
IN,254922,南迪加马,Nandigama,phonetic_translation
IN,253273,南迪柯特库尔,Nandikotkur,reference
IN,251795,纳恩迪亚尔,Nandyal,reference
IN,251742,纳尔萨普尔,Narasapur,reference
IN,251755,纳拉萨拉奥佩特,Narasaraopeta,reference
IN,251716,纳尔西帕特纳姆,Narsipatnam,reference
IN,251772,内洛尔,Nellore Municipal Corporation,reference
IN,251737,尼达达沃莱,Nidadavole,reference
IN,251745,努兹维德,Nuzvid,reference
IN,251766,奥恩戈莱,Ongole,reference
IN,251743,帕拉乔莱,Palacole,reference
IN,248123,帕拉曼纳,Palamaner,reference
IN,251695,帕拉斯卡西布加,Palasa Kasibugga,phonetic_translation
IN,251701,帕尔瓦蒂普拉姆,Parvathipuram,phonetic_translation
IN,251749,佩达纳,Pedana,reference
IN,251724,佩德达普拉姆,Peddapuram,reference
IN,253167,皮杜格尔拉,Piduguralla,phonetic_translation
IN,251728,皮塔普拉姆,Pithapuram,reference
IN,251759,波努鲁,Ponnuru,phonetic_translation
IN,251778,普罗德达图尔,Proddatur,reference
IN,253101,普利凡杜拉,Pulivendula,reference
IN,248120,蓬格阿努尔,Punganur,reference
IN,253254,普塔帕尔希,Puttaparthi,phonetic_translation
IN,248126,普特图尔,Puttur,reference
IN,251725,拉贾赫穆恩德尔伊,Rajahmundry,reference
IN,251698,拉贾姆,Rajam,manual
IN,253102,拉杰姆普特,Rajampet,reference
IN,251733,拉玛查恩德拉普兰姆,Ramachandrapuram,reference
IN,251786,拉耶乔蒂,Rayachoti,reference
IN,248117,拉耶杜尔格,Rayadurg,reference
IN,251761,雷帕尔莱,Repalle,reference
IN,251703,萨卢尔,Salur,reference
IN,251727,萨马尔科塔,Samalkot,reference
IN,251753,萨特泰纳帕尔莱,Sattenapalle,reference
IN,251700,斯里加古兰,Srikakulam,reference
IN,248124,斯里卡拉哈斯蒂,Srikalahasti,reference
IN,253227,苏鲁鲁佩塔,Sullurupeta,phonetic_translation
IN,251738,塔德帕尔利古德姆,Tadepalligudem,reference
IN,248114,塔德帕特里,Tadipatri,reference
IN,251740,塔努库,Tanuku,reference
IN,251758,泰纳利,Tenali,reference
IN,248121,蒂鲁伯蒂,Tirupati,reference
IN,251722,图尼,Tuni,reference
IN,251774,文卡塔基利,Venkatagiri,reference
IN,251746,维杰亚瓦达,Vijayawada Municipal Corporation,reference
IN,251754,维努科恩达,Vinukonda,reference
IN,251719,维萨卡帕特南,Visakhapatnam,phonetic_translation
IN,251709,维济亚讷格勒姆,Vizianagaram Municipal Corporation,reference
IN,258054,耶拉曼奇利,Yelamanchili,reference
IN,251787,耶姆米加努尔,Yemmiganur,reference
IN,299612,塔迪加达帕,Ysr Tadigadapa,manual
IN,276621,伊塔讷格尔,Itanagar,reference
IN,276622,巴昔卡,Pasighat,reference
IN,249906,阿姆古里,Amguri,reference
IN,249843,巴尔佩达,Barpeta,reference
IN,249841,巴尔佩塔罗阿德,Barpeta Road,reference
IN,249881,比赫普里亚,Bihpuria,phonetic_translation
IN,249879,比斯瓦纳特恰里亚利,Biswanath Chariali,reference
IN,277144,博卡卡特,Bokakhat,reference
IN,249836,邦格艾加奥恩,Bongaigaon,reference
IN,249918,德尔加奥恩,Dergaon,reference
IN,249875,德基亚久利,Dhekiajuli,reference
IN,277145,丁格,Dhing,reference
IN,249827,图布里,Dhubri,reference
IN,249896,迪布鲁格尔,Dibrugarh,reference
IN,249834,嘎奥帕拉,Goalpara,reference
IN,249919,戈拉卡德,Golaghat,reference
IN,249854,古瓦哈蒂,Guwahati,reference
IN,249944,海拉坎迪,Hailakandi,reference
IN,249870,霍杰伊,Hojai,reference
IN,296973,贾穆古里哈特姆巴里,Jamugurihat Mb,phonetic_translation
IN,249912,焦尔哈德,Jorhat,reference
IN,249940,卡利姆嘎尼,Karimganj,reference
IN,300487,科克拉贾尔,Kokrajhar Mb,reference
IN,249939,拉基普尔,Lakhipur Municipality,reference
IN,249872,卢姆丁格,Lumding,reference
IN,249860,芒加多伊,Mangaldoi,phonetic_translation
IN,249864,马里冈,Marigaon,reference
IN,249902,莫兰镇,Moran Town,phonetic_translation
IN,249866,那加农,Nagaon,phonetic_translation
IN,249858,讷尔巴里,Nalbari,reference
IN,249907,纳齐拉,Nazira,reference
IN,249882,北勒金布尔,North Lakhimpur,reference
IN,249851,帕拉斯巴里,Palasbari,reference
IN,302545,帕特尔坎迪,Patharkandi,phonetic_translation
IN,289553,拉姆克里什南加尔,Ramkrishnanagar,phonetic_translation
IN,277143,伦吉亚,Rangia,reference
IN,249905,锡布萨格尔,Sibsagar,reference
IN,249933,锡尔杰尔,Silchar,reference
IN,296992,西帕贾赫姆巴里,Sipajhar Mb,phonetic_translation
IN,289552,索内伊,Sonai,phonetic_translation
IN,249908,桑拉里,Sonari,phonetic_translation
IN,249877,提斯浦尔,Tezpur,reference
IN,249888,丁苏吉亚,Tinsukia,reference
IN,249587,阿拉里亚,Araria,reference
IN,249659,阿拉,Arrah,reference
IN,253281,阿尔沃尔,Arwal,reference
IN,290025,奥朗嘎巴特,Aurangabad,reference
IN,249562,巴加哈,Bagaha,reference
IN,249573,拜尔加尼亚,Bairgania,reference
IN,277129,巴克里,Bakhri,phonetic_translation
IN,277098,巴克蒂亚尔普尔,Bakhtiyarpur,reference
IN,277136,巴利,Balia,phonetic_translation
IN,249633,班卡,Banka,reference
IN,299234,班曼基,Banmankhi,phonetic_translation
IN,249638,巴拉希亚,Barahiya,phonetic_translation
IN,277131,巴劳利,Barauli,reference
IN,300544,巴鲁尼,Barauni,phonetic_translation
IN,277103,巴尔比加,Barbigha,phonetic_translation
IN,249656,巴尔,Barh,reference
IN,249624,贝古萨莱,Begusarai,reference
IN,276642,贝尼普尔,Benipur,manual
IN,249564,贝特蒂亚,Bettiah,reference
IN,249666,巴布亚,Bhabua,reference
IN,249630,帕格尔布尔,Bhagalpur,reference
IN,249642,比哈尔谢里夫,Biharsharif,reference
IN,276643,比哈特,Bihat,phonetic_translation
IN,299176,比赫塔,Bihta,phonetic_translation
IN,249668,比克拉姆加恩杰,Bikramganj,reference
IN,249683,菩提伽耶,Bodh Gaya,reference
IN,249665,布克萨尔,Buxar,reference
IN,249571,查克亚,Chakia,phonetic_translation
IN,249612,恰普拉,Chapra,reference
IN,249621,达尔辛格萨赖,Dalsinghsarai,reference
IN,249648,丹纳普尔,Danapur,reference
IN,249600,达尔邦格阿,Darbhanga,reference
IN,249674,道德纳加尔,Daudnagar,reference
IN,249671,德里达尔米亚纳格尔,Dehri Dalmianagar,phonetic_translation
IN,249567,达卡,Dhaka,reference
IN,249664,杜姆拉奥恩,Dumraon,reference
IN,249653,法图哈,Fatuha,phonetic_translation
IN,249586,福尔贝斯甘杰,Forbesganj,reference
IN,249680,格雅,Gaya,reference
IN,249626,戈格里贾马尔普尔,Gogri Jamalpur,phonetic_translation
IN,249606,戈巴尔根杰,Gopalganj,reference
IN,249617,哈吉普尔,Hajipur,reference
IN,299171,卡拉格普尔,Haweli Kharagpur,reference
IN,249643,希尔萨,Hilsa,reference
IN,249686,希苏阿,Hisua,reference
IN,249644,伊斯拉姆普尔,Islampur,reference
IN,301286,贾勒,Jale,phonetic_translation
IN,249635,贾马尔普尔,Jamalpur,reference
IN,249687,嘉穆伊,Jamui,reference
IN,249577,贾纳克普尔罗阿德,Janakpur Road,reference
IN,249672,杰哈纳巴德,Jehanabad,reference
IN,249688,贾贾,Jhajha,reference
IN,249580,詹杰哈尔普尔,Jhanjharpur,phonetic_translation
IN,249585,乔格巴尼,Jogabani,reference
IN,249602,卡,Kanti,phonetic_translation
IN,299233,卡斯巴,Kasba,reference
IN,249595,卡提哈里,Katihar,phonetic_translation
IN,249625,卡加里亚,Khagaria,reference
IN,249649,卡高尔,Khagaul,reference
IN,249590,基尚甘杰,Kishanganj,phonetic_translation
IN,249639,拉基萨赖,Lakhisarai,reference
IN,249616,拉尔甘杰,Lalganj,reference
IN,249597,马德普拉,Madhepura,reference
IN,249579,马杜凡,Madhubani,phonetic_translation
IN,249618,孟纳尔,Mahnar,phonetic_translation
IN,277125,马华,Mahua,phonetic_translation
IN,249647,马内尔,Maner,reference
IN,249652,马萨尔希,Masaurhi,phonetic_translation
IN,249605,米尔加恩杰,Mirganj,reference
IN,249657,莫卡梅,Mokama,reference
IN,249568,莫蒂哈里,Motihari,reference
IN,249601,莫提普尔,Motipur,phonetic_translation
IN,249634,蒙格埃尔,Munger,reference
IN,249603,穆扎夫法尔普尔,Muzaffarpur,reference
IN,249561,纳尔卡蒂亚加恩杰,Narkatiaganj,reference
IN,249627,瑙加奇希亚,Naugachhia,reference
IN,249684,纳瓦达,Nawada,phonetic_translation
IN,249669,诺卡,Nokha,reference
IN,249650,巴特那,Patna,reference
IN,249651,佛洛瓦里·沙里夫,Phulwari Sharif,phonetic_translation
IN,249663,皮罗,Piro,reference
IN,249592,普那,Purnea,phonetic_translation
IN,299316,王舍城,Rajgir,reference
IN,249565,拉克奥尔巴扎尔,Raxaul,reference
IN,249622,罗赛拉,Rosera,phonetic_translation
IN,249599,萨哈尔萨,Saharsa,reference
IN,253219,萨赫贝甘,Sahebganj,phonetic_translation
IN,249619,瑟马斯蒂布尔,Samastipur,reference
IN,299178,桑帕恰克,Sampatchak,phonetic_translation
IN,249670,瑟瑟拉姆,Sasaram,reference
IN,299229,沙赫普尔·帕托里,Shahpur Patori,phonetic_translation
IN,249641,谢赫布尔,Sheikhpura,reference
IN,299145,谢奥赫尔,Sheohar,reference
IN,249682,谢尔卡蒂,Sherghati,reference
IN,299164,西姆里·巴克蒂亚普尔,Simri Bakhtiarpur,phonetic_translation
IN,249575,西塔马尔希,Sitamarhi,reference
IN,249608,锡万,Siwan,reference
IN,249615,索尼普尔,Sonepur,phonetic_translation
IN,249629,苏尔唐甘杰,Sultanganj,reference
IN,249584,苏包尔,Supaul,reference
IN,299148,苏里亚加达,Suryagadha,phonetic_translation
IN,299448,塔贾普尔,Tajpur,phonetic_translation
IN,277130,特格哈拉,Teghara,phonetic_translation
IN,249679,泰卡里,Tekari,reference
IN,299128,特里布恩甘杰,Tribeniganj,phonetic_translation
IN,299226,乌达基什冈杰,Udakishunganj,phonetic_translation
IN,249685,瓦里萨利加恩杰,Warisaliganj,reference
IN,276386,昌迪加尔,Chandigarh,reference
IN,253177,阿巴汉普尔,Abhanpur,phonetic_translation
IN,250635,阿希瓦拉,Ahiwara,phonetic_translation
IN,250603,阿卡尔塔拉,Akaltara,reference
IN,250588,安比加布尔,Ambikapur,reference
IN,299657,阿姆勒什瓦尔,Amleshwar,phonetic_translation
IN,250650,阿伦,Arang,reference
IN,250670,巴德巴切利,Bade Bacheli,phonetic_translation
IN,250662,巴格巴哈拉,Bagbahara,phonetic_translation
IN,250579,拜库恩特普尔,Baikunthpur,reference
IN,250642,巴罗特,Balod,reference
IN,250648,巴洛达巴扎尔,Baloda Bazar,reference
IN,253119,巴拉兰普尔,Balrampur,phonetic_translation
IN,301510,班基蒙格拉,Banki Mongra,phonetic_translation
IN,250632,布梅塔拉,Bemetara,reference
IN,250651,巴塔帕拉,Bhatapara,phonetic_translation
IN,250639,比莱,Bhilai,reference
IN,250638,比莱查罗达,Bhilai Charoda,phonetic_translation
IN,253244,比贾布尔,Bijapur,reference
IN,250616,比拉斯布尔,Bilaspur,reference
IN,253179,比尔冈,Birgaon,phonetic_translation
IN,250621,博德里,Bodri,phonetic_translation
IN,250605,坚巴,Champa,reference
IN,250578,奇里米里,Chirimiri,phonetic_translation
IN,250643,达尔利-拉贾拉,Dalli Rajhara,reference
IN,250669,丹特瓦达,Dantewada,phonetic_translation
IN,248062,达姆塔里,Dhamtari,reference
IN,250599,迪普卡,Dipka,phonetic_translation
IN,250628,东格拉加尔,Dongargarh,reference
IN,250640,杜尔格,Durg,reference
IN,253182,加里巴邦德,Gariabandh,phonetic_translation
IN,250610,加乌尔拉,Gaurella,phonetic_translation
IN,250649,戈布拉诺瓦帕拉,Gobra Nawapara,phonetic_translation
IN,250665,贾格达尔普尔,Jagdalpur,reference
IN,250636,贾穆尔,Jamul,reference
IN,250590,贾斯赫普尔纳加尔,Jashpur Nagar,reference
IN,250663,卡恩凯尔,Kanker,reference
IN,250597,卡特戈拉,Katghora,reference
IN,250623,卡瓦尔达,Kawardha,reference
IN,262094,凯拉加尔,Khairagarh Municipality,reference
IN,250595,卡尔夏,Kharsia,reference
IN,250671,基兰杜尔,Kirandul,reference
IN,250664,科恩达加奥恩,Kondagaon,reference
IN,250598,科尔巴,Korba,reference
IN,250637,库姆哈里,Kumhari,phonetic_translation
IN,248061,库鲁德,Kurud,reference
IN,250611,洛尔米,Lormi,reference
IN,250661,马哈萨穆恩德,Mahasamund,reference
IN,300355,曼迪尔哈索德,Mandir Hasod,phonetic_translation
IN,250580,曼恩德拉加尔,Manendragarh,phonetic_translation
IN,250614,蒙格埃利,Mungeli,reference
IN,250602,奈尔亚詹吉尔,Naila Janjgir,phonetic_translation
IN,248064,纳拉扬普尔,Narayanpur,phonetic_translation
IN,250624,潘达里亚,Pandariya,reference
IN,250591,帕塔尔加奥恩,Pathalgaon,reference
IN,250609,佩恩德拉,Pendra,reference
IN,250594,赖格尔,Raigarh,reference
IN,250653,赖布尔,Raipur,reference
IN,250629,拉杰纳恩德加奥恩,Rajnandgaon,reference
IN,250583,拉马努杰加恩杰,Ramanujganj,reference
IN,250612,拉坦普尔,Ratanpur,reference
IN,296874,实赖里,Risali,phonetic_translation
IN,250606,萨克蒂,Sakti,reference
IN,250659,萨拉伊普尔,Saraipali,phonetic_translation
IN,250596,萨伦格尔,Sarangarh,reference
IN,259685,锡夫普尔查查,Shivpur Charcha,phonetic_translation
IN,250644,西姆加,Simga,reference
IN,253216,苏玛,Sukma,phonetic_translation
IN,250585,苏拉杰普尔,Surajpur,reference
IN,250615,塔卡特普尔,Takhatpur,reference
IN,250657,蒂拉新拉,Tilda Newra,phonetic_translation
IN,MCD,德里,Delhi,reference
IN,276447,新德里,New Delhi Municipal Council,reference
IN,252075,比乔利姆,Bicholim,reference
IN,252100,卡那孔卡,Canacona,phonetic_translation
IN,252071,潘杰,City Corporation Panaji,phonetic_translation
IN,252095,丘恩乔利姆,Cuncolim,reference
IN,252096,库尔查罗,Curchorem Cacora,phonetic_translation
IN,252061,马普萨,Mapusa,reference
IN,252087,马高,Margao,reference
IN,252084,莫尔穆加奥,Mormugao,reference
IN,252057,佩尔内姆,Pernem,reference
IN,252082,波恩达,Ponda,reference
IN,252097,库埃佩姆,Quepem,reference
IN,252099,桑古庵姆,Sanguem,reference
IN,252077,桑库埃利姆,Sankhali,reference
IN,252079,瓦尔波伊,Valpoi,reference
IN,251096,艾哈迈达巴德,Ahmadabad,reference
IN,253223,阿摩德,Amod,reference
IN,251157,阿姆雷利,Amreli,reference
IN,251174,阿嫩德,Anand,reference
IN,251046,安尼雅,Anjar,reference
IN,251182,安克劳瓦,Anklav,phonetic_translation
IN,251225,安格莱什沃尔,Anklesvar,reference
IN,253147,巴布拉,Babra,reference
IN,251158,巴加萨拉,Bagasara,reference
IN,251184,巴拉西诺尔,Balasinor,reference
IN,251143,巴恩特瓦,Bantwa,reference
IN,251243,巴尔多利,Bardoli,reference
IN,277165,巴杰拉,Bareja,phonetic_translation
IN,253241,巴鲁拉,Barwala,phonetic_translation
IN,251109,巴夫拉,Bavla,phonetic_translation
IN,253127,贝亚德,Bayad,phonetic_translation
IN,305191,贝查尔-贝查拉吉,Bechar-Becharaji,phonetic_translation
IN,253103,布巴尔,Bhabhar,phonetic_translation
IN,251045,巴超,Bhachau,reference
IN,251136,班瓦特,Bhanvad,reference
IN,251222,珀鲁杰,Bharuch,reference
IN,251165,巴夫那加尔,Bhavnagar,reference
IN,251123,巴耶瓦达尔,Bhayavadar,reference
IN,251047,普杰,Bhuj,reference
IN,251251,比利莫拉,Bilimora,reference
IN,305192,博德利,Bodeli,phonetic_translation
IN,251172,博拉维,Boriavi,phonetic_translation
IN,251180,博尔萨德,Borsad,reference
IN,251163,博达德,Botad,reference
IN,251188,恰克拉西,Chaklasi,reference
IN,251159,恰拉拉,Chalala,reference
IN,251062,恰纳斯马,Chanasma,reference
IN,251211,乔特乌代布尔,Chhota-Udepur,reference
IN,251151,乔尔瓦德,Chorvad,phonetic_translation
IN,253137,楚缇拉,Chotila,reference
IN,251213,达布霍伊,Dabhoi,phonetic_translation
IN,251199,达霍德,Dahod,reference
IN,251190,达戈尔,Dakor,reference
IN,251156,达姆纳加尔,Damnagar,reference
IN,251057,德埃萨,Deesa,reference
IN,251088,德黑加姆,Dehgam,reference
IN,251200,德沃加德巴里亚,Devgadbaria,reference
IN,251110,达恩杜卡,Dhandhuka,reference
IN,251053,达内拉,Dhanera,reference
IN,251261,特伦布尔,Dharampur,reference
IN,302660,达里,Dhari,reference
IN,251108,多尔卡,Dholka,reference
IN,251125,多拉吉,Dhoraji,reference
IN,251112,德让嘎德拉,Dhrangadhra,reference
IN,251134,德罗,Dhrol,reference
IN,251129,德瓦尔卡,Dwarka,reference
IN,251164,加达达,Gadhada,reference
IN,251249,甘德维,Gandevi,reference
IN,251050,甘地哈德姆,Gandhidham,reference
IN,276440,甘地讷格尔,Gandhinagar,reference
IN,251167,嘎利亚达尔,Gariadhar,reference
IN,251193,戈德拉,Godhra,phonetic_translation
IN,251122,甘道,Gondal,reference
IN,251196,哈洛尔,Halol,reference
IN,251111,哈尔瓦德,Halvad,reference
IN,251061,哈里杰,Harij,reference
IN,251074,希默德讷格尔,Himatnagar,reference
IN,251072,伊达尔,Idar,reference
IN,251161,贾弗拉巴德,Jafrabad,phonetic_translation
IN,251219,金布瑟尔,Jambusar,reference
IN,251137,贾姆乔德普尔,Jamjodhpur,phonetic_translation
IN,251133,贾姆讷格尔,Jamnagar,reference
IN,251121,嘉斯丹,Jasdan,reference
IN,251126,杰德布尔,Jetpur Navagadh,reference
IN,251197,嘉洛德,Jhalod,reference
IN,251147,朱纳格特,Junagadh,reference
IN,251194,卡奥洛尔,Kaalol,phonetic_translation
IN,251070,卡迪,Kadi,reference
IN,276024,卡多达拉,Kadodara,phonetic_translation
IN,251135,卡拉瓦德,Kalavad,reference
IN,251081,加洛尔,Kalol,reference
IN,253226,卡纳贾里,Kanajari,phonetic_translation
IN,251183,卡帕德瓦恩杰,Kapadvanj,reference
IN,251215,卡尔詹,Karjan,reference
IN,253225,卡特拉尔,Kathlal,phonetic_translation
IN,251149,盖绍德,Keshod,reference
IN,251131,肯帕利亚,Khambhalia,reference
IN,251179,坎姆巴特,Khambhat,reference
IN,251186,科达市,Kheda,reference
IN,251071,科德布拉马,Khedbrahma,reference
IN,251063,凯拉卢,Kheralu,reference
IN,251153,科迪纳尔,Kodinar,reference
IN,251142,库蒂耶纳,Kutiyana,reference
IN,251155,拉蒂,Lathi,reference
IN,251117,林姆迪,Limbdi,reference
IN,251192,卢纳瓦达,Lunawada,reference
IN,251068,默黑萨纳,Mahesana,reference
IN,251189,马胡达,Mahudha,reference
IN,251170,马胡瓦,Mahuva,reference
IN,253135,马利亚米亚纳,Maliya Miyana,phonetic_translation
IN,251144,曼纳瓦达尔,Manavadar,reference
IN,251048,曼迪维,Mandvi,phonetic_translation
IN,277169,曼迪维卡奇赫,Mandvi Kachchh,phonetic_translation
IN,251150,芒格罗尔,Mangrol,reference
IN,251082,曼萨,Mansa,reference
IN,251185,马赫姆达瓦德,Mehmedabad,reference
IN,251077,莫达萨,Modasa,reference
IN,251118,莫尔比,Morbi,reference
IN,297099,穆恩德拉,Mundra-Baroi,reference
IN,251187,讷迪亚德,Nadiad,reference
IN,301161,纳赫特拉纳,Nakhatrana,phonetic_translation
IN,251245,纳夫萨里-维贾尔波尔,Navsari-Vijalpor,phonetic_translation
IN,251173,奥德,Ode,phonetic_translation
IN,251127,奥卡,Okha,reference
IN,251214,巴德拉,Padra,reference
IN,251055,巴伦布尔,Palanpur,reference
IN,251168,巴利塔纳,Palitana,reference
IN,251262,帕尔迪,Pardi,reference
IN,251060,帕坦,Patan,reference
IN,253138,帕特迪,Patdi,phonetic_translation
IN,251178,佩特拉德,Petlad,reference
IN,251138,坡尔班达尔,Porbandar,reference
IN,251075,普拉恩蒂杰,Prantij,reference
IN,251058,拉滕布尔,Radhanpur,reference
IN,251120,拉杰果德,Rajkot,reference
IN,251216,拉吉普拉,Rajpipla,phonetic_translation
IN,251162,拉久拉,Rajula,reference
IN,251141,拉纳瓦沃,Ranavav,reference
IN,251044,拉帕尔,Rapar,reference
IN,253143,拉夫尔,Raval,phonetic_translation
IN,251130,萨拉耶,Salaya,reference
IN,251090,萨纳恩德,Sanand,reference
IN,251191,桑特马普尔,Santrampur,phonetic_translation
IN,251160,萨瓦尔坎德拉,Savarkundla,phonetic_translation
IN,253247,萨夫里,Savli,reference
IN,248076,沙赫拉,Shahera,phonetic_translation
IN,251059,西德普尔,Sidhpur,reference
IN,251166,西霍尔,Sihor,reference
IN,251132,西克卡,Sikka,reference
IN,253230,索吉特拉,Sojitra,phonetic_translation
IN,251230,松格特,Songadh,reference
IN,251231,苏拉特,Surat,reference
IN,251114,瓦德万,Surendranagar,reference
IN,277171,苏特拉帕达,Sutrapada,phonetic_translation
IN,251169,塔拉嘉,Talaja,reference
IN,277170,塔拉拉,Talala,phonetic_translation
IN,251076,塔洛德,Talod,phonetic_translation
IN,302662,坦克拉,Tankara,phonetic_translation
IN,305197,塔拉帕尔,Tarapur,phonetic_translation
IN,276026,塔尔萨迪,Tarsadi,phonetic_translation
IN,251116,唐格阿德,Thangadh,reference
IN,253164,塔拉,Thara,phonetic_translation
IN,251052,塔拉德,Tharad,phonetic_translation
IN,253224,塔斯拉,Thasra,phonetic_translation
IN,251269,乌马尔加姆,Ummargam,phonetic_translation
IN,251171,乌姆雷特,Umreth,reference
IN,251154,乌纳,Una,reference
IN,251064,乌恩贾,Unjha,reference
IN,251124,乌普莱塔,Upleta,reference
IN,253128,瓦达利,Vadali,phonetic_translation
IN,251066,沃德讷格尔,Vadnagar,reference
IN,251209,瓦多达拉,Vadodara,reference
IN,305196,瓦戈迪亚,Vaghodiya,reference
IN,253126,伐腊毗,Vallabhipur,reference
IN,251254,沃尔萨德,Valsad,reference
IN,251145,万塔利,Vanthali,phonetic_translation
IN,251264,瓦皮,Vapi,phonetic_translation
IN,251152,韦拉沃尔,Veraval,reference
IN,251067,维贾普尔,Vijapur,reference
IN,251089,维拉姆加姆,Viramgam,reference
IN,251148,维萨瓦达尔,Visavadar,reference
IN,251065,维斯纳加尔,Visnagar,reference
IN,251244,维亚拉,Vyara,reference
IN,251119,万卡讷尔,Wankaner,reference
IN,248491,安巴拉,Ambala,reference
IN,248519,阿斯萨恩德,Assandh,reference
IN,248565,阿泰利,Ateli,reference
IN,272866,巴拉拉,Barara,phonetic_translation
IN,248545,巴尔瓦拉,Barwala,reference
IN,248571,巴瓦尔,Bawal,reference
IN,248549,巴瓦尼赫拉,Bawani Khera,phonetic_translation
IN,248558,贝里,Beri,phonetic_translation
IN,262120,邦纳,Bhuna,phonetic_translation
IN,248510,切卡,Cheeka,phonetic_translation
IN,248568,达鲁赫拉,Dharuhera,reference
IN,248543,埃尔莱纳巴德,Ellenabad,reference
IN,248585,法里达巴德,Faridabad,reference
IN,248574,法尔鲁克纳加尔,Farrukhnagar,reference
IN,248582,费罗泽普尔吉尔卡,Ferozepur Jhirka,reference
IN,248528,加瑙尔,Ganaur,reference
IN,248520,加劳恩达,Gharaunda,reference
IN,248576,古尔冈,Gurugram,reference
IN,248587,哈,Hathin,phonetic_translation
IN,248546,希萨尔,Hisar,reference
IN,248516,伊恩德里,Indri,reference
IN,289253,伊萨马巴德,Ismailabad,phonetic_translation
IN,276399,贾卡尔马恩迪,Jakhal Mandi,reference
IN,248534,久拉纳,Julana,reference
IN,248556,卡拉瑙尔,Kalanaur,reference
IN,248540,卡拉恩瓦利,Kalanwali,reference
IN,248512,卡拉耶特,Kalayat,reference
IN,248563,卡尼纳,Kanina,reference
IN,248517,卡尔纳尔,Karnal,reference
IN,248530,赫尔科达,Kharkhoda,phonetic_translation
IN,289251,昆德利,Kundli,phonetic_translation
IN,248509,拉德瓦,Ladwa,reference
IN,248553,洛哈鲁,Loharu,reference
IN,248564,马赫恩德拉加尔,Mahendragarh,reference
IN,297117,曼萨尔,Manesar,phonetic_translation
IN,248555,梅罕,Meham,phonetic_translation
IN,259688,南甘查里,Nangal Chaudhary,phonetic_translation
IN,248490,纳朗格阿尔,Naraingarh,reference
IN,248547,纳尔瑙恩德,Narnaund,reference
IN,248514,尼洛凯里,Nilokheri,reference
IN,253296,尼辛,Nissing,phonetic_translation
IN,248489,班杰库拉市,Panchkula,reference
IN,248521,帕尼帕特,Panipat,reference
IN,248507,佩霍瓦,Pehowa,reference
IN,248583,普纳哈纳,Punahana,reference
IN,248513,普恩德里,Pundri,reference
IN,274458,拉道尔,Radaur,reference
IN,262119,拉贾万德,Rajound,phonetic_translation
IN,248542,拉尼亚,Rania,reference
IN,248536,拉蒂亚,Ratia,reference
IN,248557,罗赫塔克,Rohtak,reference
IN,289254,萨多哈拉,Sadhaura,phonetic_translation
IN,248535,萨菲东,Safidon,reference
IN,253298,桑普拉,Sampla,phonetic_translation
IN,248506,沙赫巴德,Shahbad,reference
IN,299095,西瓦,Siwan,phonetic_translation
IN,248552,斯万尼,Siwani,reference
IN,248529,索尼帕特,Sonipat,reference
IN,248580,塔奥鲁,Taoru,reference
IN,248515,塔拉奥里,Taraori,phonetic_translation
IN,248532,乌恰纳,Uchana,reference
IN,248544,乌克拉纳马恩迪,Uklanamandi,reference
IN,248500,亚穆纳讷格尔,Yamunanagar,reference
IN,248242,巴迪,Baddi,phonetic_translation
IN,248239,比拉斯布尔,Bilaspur,reference
IN,248046,恰姆巴,Chamba,reference
IN,248044,达尔霍乌西耶,Dalhousie,reference
IN,276626,德里哈,Dehra,phonetic_translation
IN,248211,达兰萨拉,Dharamshala,reference
IN,248236,古马尔温,Ghumarwin,reference
IN,248229,赫米尔布尔,Hamirpur,reference
IN,248216,贾瓦拉穆基,Jawalamukhi,reference
IN,248222,乔吉恩达尔纳加尔,Jogindarnagar,reference
IN,248213,康加拉,Kangra,phonetic_translation
IN,248219,古卢,Kullu,reference
IN,248218,马纳利,Manali,reference
IN,248225,马恩迪,Mandi,reference
IN,248234,梅哈特普·巴斯德里哈,Mehatpur Basdehra,phonetic_translation
IN,248214,纳格罗塔·巴古万,Nagrota Bagwan,phonetic_translation
IN,248043,纳亨,Nahan,reference
IN,248238,娜娜·黛维,Naina Devi,phonetic_translation
IN,248241,纳拉加尔,Nalagarh,reference
IN,274794,聂乔克,Nerchowk,phonetic_translation
IN,248210,努尔布尔,Nurpur,reference
IN,248217,帕拉姆普尔,Palampur,reference
IN,248045,帕奥恩塔萨希布,Paonta Sahib,reference
IN,248243,帕尔瓦诺奥,Parwanoo,reference
IN,248245,兰普尔,Rampur,phonetic_translation
IN,248253,罗赫鲁,Rohru,reference
IN,248235,萨恩托克加尔,Santokhgarh,reference
IN,248223,萨尔卡加特,Sarkaghat,reference
IN,248248,西姆拉,Shimla,reference
IN,248244,索兰,Solan,reference
IN,248224,荪达尔纳嘎尔,Sundernagar,reference
IN,248249,泰奥格,Theog,reference
IN,248227,蒂拉苏贾恩普尔,Tira Sujanpur,reference
IN,248233,乌纳,Una,phonetic_translation
IN,248194,查谟,Jammu Municipal Corporation,reference
IN,248172,阿查巴尔,Municipal Committee Achabal,phonetic_translation
IN,248192,阿克诺尔,Municipal Committee Akhnoor,phonetic_translation
IN,248198,阿尔尼亚,Municipal Committee Arnia,reference
IN,296990,阿什穆格姆,Municipal Committee Ashmuqam,phonetic_translation
IN,248165,阿瓦恩蒂波拉,Municipal Committee Awantipora,reference
IN,248036,巴尼哈尔,Municipal Committee Banihal,reference
IN,248199,巴里布拉曼纳,Municipal Committee Bari Brahmana,phonetic_translation
IN,276585,巴索利,Municipal Committee Basohli,phonetic_translation
IN,248039,巴托泰,Municipal Committee Batote,reference
IN,248158,比尔瓦尔,Municipal Committee Beerwah,phonetic_translation
IN,248040,巴德尔瓦,Municipal Committee Bhaderwah,reference
IN,248169,比杰贝哈拉,Municipal Committee Bijbehara,reference
IN,248204,比拉瓦尔,Municipal Committee Billawar,phonetic_translation
IN,248197,比斯赫纳,Municipal Committee Bishnah,reference
IN,253136,查多拉,Municipal Committee Chadoora,phonetic_translation
IN,276588,切纳尼,Municipal Committee Chenani,phonetic_translation
IN,248161,恰拉里斯哈里耶夫,Municipal Committee Chrari Sharief,reference
IN,296987,德瓦斯,Municipal Committee Devsar,phonetic_translation
IN,248176,杜鲁韦林纳格,Municipal Committee Dooru Verinag,phonetic_translation
IN,296989,弗萨尔,Municipal Committee Frisal,phonetic_translation
IN,248195,古姆纳哈桑,Municipal Committee Ghou-Manhasan,phonetic_translation
IN,248154,古尔马格-唐马格,Municipal Committee Gulmarg Tangmarg,phonetic_translation
IN,248147,哈金,Municipal Committee Hajin,phonetic_translation
IN,248035,汉德瓦拉,Municipal Committee Handwara,reference
IN,276594,希拉纳加尔,Municipal Committee Hiranagar,reference
IN,248191,乔尔延,Municipal Committee Jourian,phonetic_translation
IN,296984,卡拉科特,Municipal Committee Kalakote,phonetic_translation
IN,276591,格德拉 (查谟-克什米尔邦),Municipal Committee Katra,reference
IN,248160,汗沙伊布,Municipal Committee Khansahib,phonetic_translation
IN,248193,科乌尔,Municipal Committee Khour,reference
IN,248163,克雷夫,Municipal Committee Khrew,phonetic_translation
IN,248173,科克纳格,Municipal Committee Kokernag,phonetic_translation
IN,248153,库尔泽尔,Municipal Committee Kunzer,phonetic_translation
IN,276584,拉克汉普尔,Municipal Committee Lakhanpur,phonetic_translation
IN,248139,朗加特,Municipal Committee Langate,phonetic_translation
IN,248157,马甘,Municipal Committee Magam,phonetic_translation
IN,248170,马塔恩,Municipal Committee Mattan,phonetic_translation
IN,276593,诺什拉,Municipal Committee Nowshera,phonetic_translation
IN,248168,伯赫尔加姆,Municipal Committee Pahalgam,reference
IN,248162,帕姆尔,Municipal Committee Pampore,phonetic_translation
IN,276586,帕罗勒,Municipal Committee Parole,phonetic_translation
IN,248150,帕特坦,Municipal Committee Pattan,reference
IN,248175,卡齐古恩德,Municipal Committee Qazigund,reference
IN,248196,普拉,Municipal Committee R S Pura,phonetic_translation
IN,248203,拉马格哈,Municipal Committee Ramgarh,phonetic_translation
IN,276589,拉姆纳格尔,Municipal Committee Ramnagar,phonetic_translation
IN,296991,塞耳哈姆丹,Municipal Committee Seer Hamdan,phonetic_translation
IN,248148,苏姆巴尔,Municipal Committee Sumbal,reference
IN,248190,桑德巴尼,Municipal Committee Sunderbani,phonetic_translation
IN,253142,苏兰科特,Municipal Committee Surankote,phonetic_translation
IN,248187,塔纳曼迪,Municipal Committee Thanamandi,reference
IN,254926,塔斯里,Municipal Committee Thathri,phonetic_translation
IN,248164,特拉尔,Municipal Committee Tral,reference
IN,248152,乌烈,Municipal Committee Uri,reference
IN,248201,维贾,Municipal Committee Vijaypur,phonetic_translation
IN,296985,瓦特加姆,Municipal Committee Watergam,phonetic_translation
IN,296988,亚里波拉,Municipal Committee Yaripora,phonetic_translation
IN,248156,斯利那加,Srinagar Municipal Corporation,reference
IN,253166,阿迪塔普尔,Adityapur,phonetic_translation
IN,253231,比什拉姆普尔,Bishrampur,phonetic_translation
IN,250430,柴巴萨,Chaibasa,reference
IN,250416,查克拉达普尔,Chakradharpur,reference
IN,248056,恰斯,Chas,reference
IN,248129,查特拉,Chatra,reference
IN,248055,奇尔昆达,Chirkunda,phonetic_translation
IN,248049,德奥加尔,Deoghar,reference
IN,250378,丹巴德,Dhanbad,reference
IN,248054,杜姆卡,Dumka,reference
IN,248128,加尔各瓦,Garhwa,phonetic_translation
IN,250349,吉里迪,Giridih Municipal Corporation,phonetic_translation
IN,248051,戈达,Godda,reference
IN,248057,古姆拉,Gumla,reference
IN,300371,哈里哈贾恩,Hariharganj Municipal Corporation,phonetic_translation
IN,248130,哈扎里巴格,Hazaribag,reference
IN,248132,久姆里蒂莱耶,Jhumri Telaiya,reference
IN,250435,久格萨莱,Jugsalai,reference
IN,276352,卡帕利,Kapali,phonetic_translation
IN,248137,罗哈尔达嘎,Lohardaga,reference
IN,248050,马杜普尔,Madhupur,phonetic_translation
IN,250433,芒格洛尔,Mango,phonetic_translation
IN,250324,梅纳加尔-达尔东加尼,Medininagar (Daltonganj) Municipal Corporation,phonetic_translation
IN,248135,米希贾姆,Mihijam,phonetic_translation
IN,248133,帕考尔,Pakur,reference
IN,248136,普斯罗,Phusro,phonetic_translation
IN,274814,兰伽,Ramgarh Nagar Parishad,reference
IN,250413,兰契,Ranchi,reference
IN,248052,萨希布加恩杰,Sahibganj,reference
IN,248138,西姆德加,Simdega,reference
IN,252010,阿尔西凯雷,Arsikere,reference
IN,251839,巴嘎科特,Bagalkot,reference
IN,251827,拜尔洪格阿尔,Bail Hongal,reference
IN,251927,贝拉里,Ballari,reference
IN,299416,邦格阿拉佩特,Bangarpete,reference
IN,251864,巴萨瓦卡尔延,Basavakalyan,reference
IN,251824,贝尔高姆,Belagavi,reference
IN,305851,班加罗尔中央-加巴,Bengaluru Central City Corporation(Gba),phonetic_translation
IN,305850,班加罗尔东,Bengaluru East City Corporation,phonetic_translation
IN,305853,班加罗尔北,Bengaluru North City Corporation (Gba),phonetic_translation
IN,305852,班加罗尔南,Bengaluru South City Corporation (Gba),phonetic_translation
IN,305854,班加罗尔西,Bengaluru West City Corporation (Gba),phonetic_translation
IN,251952,巴德拉瓦蒂,Bhadravati,reference
IN,251911,巴特卡尔,Bhatkal,reference
IN,251867,比达,Bidar,reference
IN,251933,查拉克尔,Challakere,phonetic_translation
IN,252054,查马拉贾讷格尔,Chamarajanagar,reference
IN,253185,查塔纳,Channapatna,phonetic_translation
IN,251979,奇克巴尔拉普尔,Chik Ballapur,reference
IN,251965,奇库马嘎鲁尔,Chikkamagaluru,reference
IN,251983,钦塔曼尼,Chintamani,reference
IN,251934,奇特拉杜尔嘎,Chitradurga,reference
IN,251899,丹德利,Dandeli,reference
IN,251941,达凡基尔,Davanagere,reference
IN,251992,多德巴尔拉普尔,Dod Ballapur,reference
IN,251888,嘎达格贝塔基里,Gadag-Betigeri,reference
IN,251881,根加沃蒂,Gangawati,reference
IN,251978,高丽比丹努尔,Gauribidanur,reference
IN,251818,戈卡克,Gokak,reference
IN,251939,哈拉帕纳利,Harapanahalli,phonetic_translation
IN,251938,哈里哈尔,Harihar,reference
IN,252012,哈桑,Hassan,reference
IN,251916,哈韦里,Haveri,reference
IN,276463,赫布巴戈迪,Hebbugodi,reference
IN,251937,希里优,Hiriyur,phonetic_translation
IN,299335,胡塔加利,Hootagalli,phonetic_translation
IN,251995,霍斯科泰,Hosakote,reference
IN,251922,贺斯佩特,Hosapete,reference
IN,251893,达瓦德,Hubballi-Dharwad,phonetic_translation
IN,252043,胡努苏,Hunsur,phonetic_translation
IN,251841,伊尔卡尔,Ilkal,reference
IN,251843,伊恩迪,Indi,reference
IN,251832,嘉玛坎迪,Jamkhandi,reference
IN,248127,卡拉布拉吉,Kalaburagi City Corporation,phonetic_translation
IN,253188,卡纳卡普拉,Kanakpura,reference
IN,251900,卡尔瓦尔,Karwar,reference
IN,251985,科拉尔,Kolar,reference
IN,252056,科尔莱加尔,Kollegal,reference
IN,251882,戈伯尔,Koppal,reference
IN,296975,马丹亚卡纳哈利,Madanayakanahalli,phonetic_translation
IN,252006,玛杜尔,Maddur,reference
IN,252037,玛迪克里,Madikeri,reference
IN,251986,玛鲁尔,Malur,reference
IN,252005,门迪亚,Mandya,reference
IN,252021,门格洛尔,Mangaluru,reference
IN,251835,穆多,Mudhol,reference
IN,251989,穆尔巴加尔,Mulbagal,reference
IN,252045,迈索尔,Mysuru,reference
IN,252050,纳恩姜格乌德,Nanjangud,reference
IN,251990,内尔芒格阿拉,Nelamangala,reference
IN,251809,尼帕尼,Nipani,phonetic_translation
IN,252035,普特,Puttur,phonetic_translation
IN,251833,拉布卡维-班哈蒂,Rabkavi-Banhatti,phonetic_translation
IN,251876,赖久尔,Raichur,reference
IN,253186,拉曼纳加拉,Ramanagara,phonetic_translation
IN,251919,拉尼贝恩努尔,Ranibennur,reference
IN,251988,罗贝尔特索恩佩特,Robertson Pet,reference
IN,251945,萨格尔,Sagar,phonetic_translation
IN,251828,绍恩达特蒂-耶尔拉姆马,Saundatti-Yellamma,reference
IN,251855,沙哈巴德,Shahabad,reference
IN,251861,沙赫布尔,Shahpur,reference
IN,251951,诗法摩嘎,Shivamogga,reference
IN,251982,西德拉加特塔,Sidlaghatta,reference
IN,251878,西恩德努尔,Sindhnur,reference
IN,251969,西拉,Sira,phonetic_translation
IN,251905,锡尔西,Sirsi,reference
IN,251925,西鲁古普帕,Siruguppa,reference
IN,251859,绍拉布尔,Surapur,reference
IN,251975,蒂普图尔,Tiptur,reference
IN,251973,杜姆古尔,Tumakuru,reference
IN,251955,乌杜皮,Udupi,reference
IN,252027,乌尔拉尔,Ullal,reference
IN,251993,比贾普尔,Vijayapura,reference
IN,251863,亚德吉尔,Yadgir,reference
IN,252253,阿杜尔,Adoor,phonetic_translation
IN,252247,阿拉普扎,Alappuzha,phonetic_translation
IN,252211,阿卢瓦,Aluva,phonetic_translation
IN,252208,安甘马利,Angamaly,phonetic_translation
IN,272915,安瑟,Anthur,phonetic_translation
IN,252258,阿廷加,Attingal,phonetic_translation
IN,252205,查拉库迪,Chalakudy,phonetic_translation
IN,252239,昌纳塞里,Changanassery,phonetic_translation
IN,252181,查帕卡达,Chavakkad,phonetic_translation
IN,252249,切纳努尔,Chengannur,phonetic_translation
IN,272906,切普拉瑟里,Cherpulassery,phonetic_translation
IN,252242,切特拉拉,Cherthala,phonetic_translation
IN,252178,奇特-塔塔曼加拉姆,Chittur-Thathamangalam,phonetic_translation
IN,252218,埃,Eloor,phonetic_translation
IN,272892,埃拉特佩塔,Erattupetta,phonetic_translation
IN,272891,埃图曼诺尔,Ettumanoor,phonetic_translation
IN,272900,费罗克,Feroke,phonetic_translation
IN,252184,古鲁瓦耶尔,Guruvayoor,phonetic_translation
IN,272880,哈里帕德,Harippad,phonetic_translation
IN,252204,伊里贾拉库达,Irinjalakuda,phonetic_translation
IN,272890,伊里特,Iritty,phonetic_translation
IN,252224,卡拉马瑟里,Kalamassery,phonetic_translation
IN,252155,卡尔佩塔,Kalpetta,phonetic_translation
IN,252110,卡纳岗达,Kanhangad,phonetic_translation
IN,252125,坎努尔,Kannur,phonetic_translation
IN,259707,卡鲁纳加帕利,Karunagappally,phonetic_translation
IN,252108,卡萨拉戈德,Kasaragod,phonetic_translation
IN,272883,卡塔帕纳,Kattappana,phonetic_translation
IN,252248,凯,Kayamkulam,phonetic_translation
IN,252220,科钦,Kochi,phonetic_translation
IN,252200,科德,Kodungallur,phonetic_translation
IN,272897,科杜瓦利,Koduvally,phonetic_translation
IN,252255,科拉姆,Kollam,phonetic_translation
IN,272901,孔达蒂,Kondotty,phonetic_translation
IN,272881,库塔特库拉姆,Koothattukulam,phonetic_translation
IN,252144,库图帕尔班加,Koothuparamba,phonetic_translation
IN,252231,科塔姆甘格拉姆,Kothamangalam,phonetic_translation
IN,259709,科塔卡,Kottakkal,phonetic_translation
IN,272889,科塔拉卡拉,Kottarakkara,phonetic_translation
IN,252238,科塔亚姆,Kottayam,phonetic_translation
IN,252159,科伊兰迪,Koyilandy,phonetic_translation
IN,252160,科泽科德,Kozhikode,phonetic_translation
IN,252180,库纳姆库拉姆,Kunnamkulam,phonetic_translation
IN,252170,马拉普拉姆,Malappuram,phonetic_translation
IN,272910,曼坦瓦迪,Mananthavady,phonetic_translation
IN,252169,曼杰里,Manjeri,phonetic_translation
IN,272907,曼纳尔卡德,Mannarkad,phonetic_translation
IN,252226,马鲁迪,Maradu,phonetic_translation
IN,252139,马塔努尔,Mattannur,phonetic_translation
IN,252250,马韦尔克拉拉,Mavelikkara,phonetic_translation
IN,272898,穆库姆,Mukkom,phonetic_translation
IN,252230,穆瓦特普朱拉,Muvattupuzha,phonetic_translation
IN,252259,内杜芒加德,Nedumangad,phonetic_translation
IN,252261,内提廷卡拉,Neyyattinkara,phonetic_translation
IN,259710,尼拉姆布,Nilambur,phonetic_translation
IN,259711,尼勒什瓦,Nileshwar,phonetic_translation
IN,252175,奥塔普拉姆,Ottappalam,phonetic_translation
IN,252234,帕莱,Palai,phonetic_translation
IN,252176,帕拉卡德,Palakkad,phonetic_translation
IN,272908,帕纳拉姆,Pandalam,phonetic_translation
IN,272885,帕诺尔,Panoor,phonetic_translation
IN,272912,帕拉帕南加迪,Parappanangadi,phonetic_translation
IN,252256,帕拉沃,Paravoor,phonetic_translation
IN,252215,帕拉乌,Paravur,phonetic_translation
IN,252252,帕特南迪塔,Pathanamthitta,phonetic_translation
IN,272905,帕特,Pattambi,phonetic_translation
IN,252111,佩亚南努,Payyannur,phonetic_translation
IN,272896,佩亚利,Payyoli,phonetic_translation
IN,252171,佩林坦马拉纳,Perinthalmanna,phonetic_translation
IN,252207,佩鲁巴沃,Perumbavoor,phonetic_translation
IN,272882,皮拉沃姆,Piravom,phonetic_translation
IN,252173,帕纳尼,Ponnani,phonetic_translation
IN,252254,普纳卢尔,Punalur,manual
IN,272899,拉马纳特库拉里,Ramanattukara,phonetic_translation
IN,252174,沙罗努尔,Shoranur,phonetic_translation
IN,272884,斯里坎德普拉姆,Sreekandapuram,phonetic_translation
IN,272911,苏尔坦巴特里,Sulthanbathery,phonetic_translation
IN,252112,塔利帕尔马巴,Taliparamba,phonetic_translation
IN,272904,塔努尔,Tanur,phonetic_translation
IN,252149,塔利塞里,Thalassery,phonetic_translation
IN,252251,提鲁瓦拉,Thiruvalla,phonetic_translation
IN,252260,特里凡得琅,Thiruvananthapuram,phonetic_translation
IN,252233,托杜普扎,Thodupuzha,phonetic_translation
IN,259708,特里卡卡拉,Thrikkakara,phonetic_translation
IN,252227,特里普尼图拉,Thrippunithura,phonetic_translation
IN,252194,特里苏尔,Thrissur,phonetic_translation
IN,252172,提鲁尔,Tirur,phonetic_translation
IN,272903,提鲁朗加迪,Tirurangadi,phonetic_translation
IN,252236,瓦科姆,Vaikom,phonetic_translation
IN,272902,瓦兰奇里,Valanchery,phonetic_translation
IN,252257,瓦尔卡拉,Varkala,phonetic_translation
IN,252157,瓦塔卡拉,Vatakara,phonetic_translation
IN,272909,瓦达卡南奇里,Wadakkanchery,phonetic_translation
IN,248178,卡尔吉尔,Kargil,reference
IN,248177,莱镇,Leh,reference
IN,250858,阿加尔,Agar,reference
IN,250882,阿利拉杰普尔,Alirajpur,reference
IN,251008,阿马尔瓦拉,Amarwara,reference
IN,250675,阿姆巴,Ambah,reference
IN,248073,阿姆拉,Amla,phonetic_translation
IN,265847,安普尔普尔,Anuppur Np,phonetic_translation
IN,250715,阿绍格讷格尔,Ashoknagar,reference
IN,250949,阿斯赫塔,Ashta,reference
IN,250852,巴丹加里,Badnagar,phonetic_translation
IN,251040,巴拉卡德,Balaghat,reference
IN,250907,巴尔瓦哈,Barwaha,reference
IN,250914,伯尔瓦尼,Barwani,reference
IN,250957,贝加姆甘杰,Begamganj,reference
IN,250945,贝拉夏,Berasia,reference
IN,248072,贝图尔,Betul,reference
IN,250684,平德,Bhind,reference
IN,250946,博帕尔,Bhopal,reference
IN,250934,比亚奥拉,Biaora,reference
IN,253194,比朱里,Bijuri,phonetic_translation
IN,250755,比纳,Bina,phonetic_translation
IN,250925,布尔汉布尔,Burhanpur,reference
IN,250713,钱德里,Chanderi,reference
IN,251009,查拉伊,Chaurai,phonetic_translation
IN,250741,切德尔布尔,Chhatarpur,reference
IN,251026,钦德瓦拉,Chhindwara,reference
IN,250698,达布拉,Dabra,reference
IN,250774,达莫,Damoh,reference
IN,293808,达穆亚,Damua,phonetic_translation
IN,250703,达蒂亚,Datia,reference
IN,250770,德奥里,Deori,phonetic_translation
IN,250867,德瓦斯,Dewas,reference
IN,250809,丹普里,Dhanpuri,phonetic_translation
IN,250887,达尔,Dhar,reference
IN,251022,东格阿尔帕拉夏,Dongar Parasia,reference
IN,250999,加达尔瓦拉,Gadarwara,reference
IN,293809,甘贾巴索达,Ganjbasoda,phonetic_translation
IN,250768,加尔哈科塔,Garhakota,reference
IN,250688,戈哈德,Gohad,reference
IN,250998,戈特加恩,Gotegaon,phonetic_translation
IN,250714,古纳,Guna,reference
IN,250694,瓜廖尔,Gwalior,reference
IN,250967,赫尔达,Harda,reference
IN,250771,哈塔,Hatta,reference
IN,250901,印多尔,Indore,reference
IN,250970,伊塔尔斯,Itarsi,reference
IN,250995,贾巴尔普尔,Jabalpur,reference
IN,251010,贾梅伊,Jamai,phonetic_translation
IN,250837,嘉奥拉,Jaora,reference
IN,250879,贾布亚,Jhabua,phonetic_translation
IN,251002,卡雷利,Kareli,reference
IN,250845,卡奇罗德,Khacharod,reference
IN,250923,坎德瓦,Khandwa,phonetic_translation
IN,250913,卡尔戈内,Khargone,reference
IN,250758,库哈里,Khurai,phonetic_translation
IN,253193,科特马,Kotma,reference
IN,250691,拉哈尔,Lahar,reference
IN,250740,马哈拉吉普尔,Maharajpur,phonetic_translation
IN,250849,马希德普尔,Mahidpur,reference
IN,250787,麦伊哈尔,Maihar,reference
IN,250766,马克罗尼亚布兹尔格,Makronia Buzurg,phonetic_translation
IN,251042,马拉杰汗德,Malajkhand,phonetic_translation
IN,250892,马纳瓦尔,Manawar,reference
IN,250959,曼迪德埃普,Mandideep,reference
IN,289259,曼德拉,Mandla,reference
IN,250833,门德索尔,Mandsaur,reference
IN,250677,莫雷纳,Morena,reference
IN,248071,穆尔泰,Multai,reference
IN,250979,穆尔瓦拉-卡特尼,Murwara - Katni,phonetic_translation
IN,248075,奈恩普尔,"Nagar Palika, Nainpur",reference
IN,250846,纳格达,Nagda,reference
IN,250974,霍申加巴德,Narmadapuram,reference
IN,251001,纳尔西姆哈普尔,Narsimhapur,reference
IN,250937,纳辛嘎尔,Narsinghgarh,reference
IN,250823,尼姆乌奇,Neemuch,phonetic_translation
IN,250927,内帕纳加尔,Nepanagar,reference
IN,250738,诺沃加奥恩,Nowgong,reference
IN,250802,帕利,Pali,phonetic_translation
IN,250987,帕纳加尔,Panagar,reference
IN,251030,潘德赫纳,Pandhurna,phonetic_translation
IN,250750,潘纳,Panna,reference
IN,253197,帕萨恩,Pasan,phonetic_translation
IN,250977,皮帕里亚,Pipariya,phonetic_translation
IN,250888,皮塔姆普尔,Pithampur,phonetic_translation
IN,250676,波尔萨,Porsa,reference
IN,250716,拉霍加-维贾,Raghogarh-Vijaypur,phonetic_translation
IN,250955,赖森,Raisen,reference
IN,250885,拉杰加尔,Rajgarh,phonetic_translation
IN,250843,拉特兰,Ratlam,phonetic_translation
IN,250769,雷赫利,Rehli,reference
IN,250797,雷瓦,Rewa,reference
IN,250682,萨巴尔加尔,Sabalgarh,reference
IN,250764,萨格尔,Sagar,reference
IN,250908,萨纳瓦德,Sanawad,reference
IN,250936,萨朗格普尔,Sarangpur,reference
IN,248069,萨尔尼,Sarni,phonetic_translation
IN,250781,萨特纳,Satna,phonetic_translation
IN,251027,绍萨尔,Sausar,reference
IN,250947,塞霍尔,Sehore,reference
IN,250919,森德瓦,Sendhwa,reference
IN,251033,塞尼,Seoni,phonetic_translation
IN,250969,塞奥尼马尔瓦,Seoni-Malwa,reference
IN,250807,沙赫多尔,Shahdol,reference
IN,250860,沙贾布尔,Shajapur,reference
IN,250673,谢奥布尔,Sheopur,reference
IN,250705,希沃布里,Shivpuri,reference
IN,250862,斯胡贾尔普尔,Shujalpur,reference
IN,248065,西迪,Sidhi,phonetic_translation
IN,250983,西霍拉,Sihora,phonetic_translation
IN,248066,辛格劳利,Singrauli,reference
IN,250941,斯隆尼,Sironj,reference
IN,290285,蒂格姆格尔,Tikamgarh,reference
IN,250851,乌贾因,Ujjain,reference
IN,250801,乌马里亚,Umaria,reference
IN,250944,毗底沙,Vidisha,reference
IN,251037,瓦拉塞奥尼,Waraseoni,reference
IN,251323,阿恰尔普尔,Achalpur,reference
IN,251548,艾哈迈德讷格尔,Ahmadnagar,reference
IN,251562,阿赫马德普尔,Ahmadpur,reference
IN,251581,阿卡柯特,Akkalkot,reference
IN,300383,阿克卢杰,Akluj,phonetic_translation
IN,251312,阿科拉,Akola,reference
IN,251310,阿科特,Akot,reference
IN,251521,阿兰迪,Alandi,reference
IN,251503,阿利巴格,Alibag,reference
IN,251294,阿马尔内尔,Amalner,reference
IN,251424,阿姆巴德,Ambad,reference
IN,251560,阿姆贝乔盖,Ambajogai,reference
IN,251485,阿姆巴尔纳特,Ambarnath,reference
IN,276364,阿姆加翁,Amgaon,phonetic_translation
IN,251328,阿姆劳蒂,Amravati,reference
IN,251322,安贾冈,Anjangaon,phonetic_translation
IN,259703,阿尼,Arni,phonetic_translation
IN,251332,阿瑞维,Arvi,phonetic_translation
IN,251634,阿什塔,Ashta,phonetic_translation
IN,251428,奥兰加巴德,Aurangabad,phonetic_translation
IN,251563,奥萨,Ausa,reference
IN,251486,巴德拉普尔,Badlapur,reference
IN,251311,巴拉普尔,Balapur,phonetic_translation
IN,251381,巴尔拉普尔,Ballarpur,phonetic_translation
IN,251536,巴拉马蒂,Baramati,reference
IN,251576,巴尔斯希,Barshi,reference
IN,251413,巴斯马斯,Basmath,reference
IN,253140,巴德冈,Bhadgaon,phonetic_translation
IN,251375,巴德瓦蒂,Bhadravati,phonetic_translation
IN,251444,巴格尔,Bhagur,phonetic_translation
IN,248078,班达拉,Bhandara,reference
IN,251477,皮文迪,Bhiwandi,reference
IN,259697,博卡尔,Bhokar,reference
IN,251422,博卡尔丹,Bhokardan,reference
IN,251535,博尔,Bhor,reference
IN,251567,布姆,Bhum,reference
IN,251290,布萨瓦尔,Bhusawal,reference
IN,251557,比德,Bid,phonetic_translation
IN,251406,比洛利,Biloli,reference
IN,251373,布拉赫马普里,Brahmapuri,reference
IN,251305,布尔塔纳,Buldana,reference
IN,251520,恰坎,Chakan,reference
IN,251296,恰利斯加奥恩,Chalisgaon,reference
IN,248082,钱德拉布尔,Chandrapur,reference
IN,251330,昌杜尔,Chandur,phonetic_translation
IN,251324,钱杜尔巴扎尔,Chandurbazar,reference
IN,276281,昌瓦德,Chandwad,phonetic_translation
IN,276634,奇克拉达拉,Chikhaldara,phonetic_translation
IN,251304,奇赫利,Chikhli,phonetic_translation
IN,265713,奇穆尔,Chimur,reference
IN,251602,奇普伦,Chiplun,reference
IN,251283,乔普达,Chopda,reference
IN,251451,达哈努,Dahanu,reference
IN,251389,达尔沃哈,Darwha,reference
IN,251329,达里普班苏拉,Daryapur Banosa,phonetic_translation
IN,251331,达塔普达姆冈,Dattapur Dhamangaon,phonetic_translation
IN,251531,道恩德,Daund,reference
IN,251410,德格卢尔,Deglur,reference
IN,251552,德奥拉普拉瓦拉,Deolali Pravara,phonetic_translation
IN,251337,德奥利,Deoli,reference
IN,251306,德乌尔加奥恩拉贾,Deulgaon Raja,reference
IN,251293,达朗格阿奥恩,Dharangaon,reference
IN,251404,达尔马巴德,Dharmabad,reference
IN,251282,图莱,Dhule,reference
IN,303127,迪格多希维,Digdoh Devi Municipal Council,phonetic_translation
IN,251390,迪格拉斯,Digras,phonetic_translation
IN,251281,东代恰-瓦尔瓦德,Dondaicha-Warwade,reference
IN,251583,杜达尼,Dudhani,reference
IN,251292,埃兰多尔,Erandol,reference
IN,251285,法伊兹普尔,Faizpur,reference
IN,303134,富尔辛吉乌鲁迪瓦希,Fursungi Uruli Devachi,phonetic_translation
IN,265791,加德坎德,Gadchandur Nagar Parishad,phonetic_translation
IN,251631,加丁格拉杰,Gadhinglaj,reference
IN,251420,甘加赫德,Gangakhed,phonetic_translation
IN,251432,甘加普尔,Gangapur,phonetic_translation
IN,251555,盖奥赖,Georai,reference
IN,251394,加坦吉,Ghatanji,reference
IN,298902,古古斯,Ghugus,reference
IN,251371,贡迪耶,Gondiya,reference
IN,251488,大慕尼黑区,Greater Mumbai,phonetic_translation
IN,251399,哈德加奥恩,Hadgaon,reference
IN,251338,兴根卡德,Hinganghat,reference
IN,251411,欣戈利,Hingoli,reference
IN,303119,希瓦尔克赫德,Hiwarkhed,phonetic_translation
IN,276296,胡帕里,Hupari,phonetic_translation
IN,251619,伊切尔格伦吉,Ichalkaranji,reference
IN,251445,伊加特普里,Igatpuri,reference
IN,251537,伊恩达普尔,Indapur,reference
IN,276571,加尔冈,Jalgaon,reference
IN,251298,贾尔加昂-贾莫德,Jalgaon - Jamod,phonetic_translation
IN,251423,嘉纳,Jalna,reference
IN,251554,贾姆克赫德,Jamkhed,phonetic_translation
IN,253139,贾默尔,Jamner,phonetic_translation
IN,259699,嘉特,Jath,reference
IN,251453,贾沃哈尔,Jawhar,reference
IN,251621,贾伊辛格普尔,Jaysingpur,reference
IN,251533,杰久里,Jejuri,reference
IN,251415,金图尔,Jintur,reference
IN,251516,久纳尔,Junnar,reference
IN,251628,卡加尔,Kagal,reference
IN,251568,卡兰姆,Kalamb,phonetic_translation
IN,251342,卡拉梅斯赫瓦尔,Kalameshwar,reference
IN,251412,卡拉姆努里,Kalamnuri,reference
IN,251483,东比夫里,Kalyan-Dombivli,reference
IN,251356,加姆提,Kamptee,reference
IN,251408,坎达尔,Kandhar,phonetic_translation
IN,251350,卡万汉-皮普里,Kanhan - Pipri,phonetic_translation
IN,251426,坎纳德,Kannad,reference
IN,251598,卡拉德,Karad,reference
IN,251318,卡兰贾,Karanja,reference
IN,251498,卡尔贾特,Karjat,reference
IN,251574,卡尔马拉,Karmala,reference
IN,251341,卡托尔,Katol,reference
IN,251302,卡姆冈,Khamgaon,phonetic_translation
IN,251345,喀帕,Khapa,phonetic_translation
IN,251601,凯特,Khed,reference
IN,251501,科波利,Khopoli,reference
IN,251430,库尔达巴德,Khuldabad,reference
IN,251558,达鲁尔,Kille Dharur,reference
IN,251398,金瓦特,Kinwat,reference
IN,251625,戈尔哈布尔,Kolhapur,reference
IN,251540,科帕尔嘎安,Kopargaon,reference
IN,251405,昆达尔瓦迪,Kundalwadi,reference
IN,251575,库尔杜瓦迪,Kurduvadi,reference
IN,251622,库伦德瓦德,Kurundvad,reference
IN,251561,拉杜尔,Latur,reference
IN,251407,洛哈,Loha,phonetic_translation
IN,251308,朗纳尔,Lonar,reference
IN,251526,洛纳瓦拉,Lonavala,reference
IN,251584,默哈伯莱什沃尔,Mahabaleshwar,manual
IN,251513,马哈德,Mahad,reference
IN,298893,马哈隆·什里普尔,Mahalung Shripur,phonetic_translation
IN,251582,迈恩达尔吉,Maindargi,reference
IN,251556,曼杰莱加奥恩,Majalgaon,reference
IN,251438,马莱冈,Malegaon,reference
IN,251301,马尔喀普,Malkapur,phonetic_translation
IN,251614,马尔喀普,Malkapur-Kolhapur,phonetic_translation
IN,251610,马尔万,Malwan,reference
IN,251580,芒卡拉韦德他,Mangalvedhe,phonetic_translation
IN,251317,芒格鲁尔皮尔,Mangrulpir,reference
IN,251440,曼马德,Manmad,reference
IN,251417,曼瓦特,Manwath,reference
IN,251497,马泰兰,Matheran,reference
IN,251303,梅赫卡尔,Mehkar,reference
IN,251589,姆哈斯瓦德,Mhaswad,reference
IN,251470,米拉-比罕达尔,Mira-Bhayandar,phonetic_translation
IN,276301,摩侯,Mohol,reference
IN,251343,莫帕,Mohpa,phonetic_translation
IN,251325,莫尔斯希,Morshi,reference
IN,251339,莫瓦德,Mowad,reference
IN,251402,穆德凯德,Mudkhed,reference
IN,251409,穆赫德,Mukhed,phonetic_translation
IN,251382,姆尔,Mul,reference
IN,297866,阿莫里,Municipal Council Armori,phonetic_translation
IN,248081,德萨,Municipal Council Desaiganj ( Wadsa),phonetic_translation
IN,248080,加德奇罗利,Municipal Council Gadchiroli,phonetic_translation
IN,251629,穆尔古德,Murgud,reference
IN,251315,穆尔蒂贾普尔,Murtijapur,reference
IN,251504,穆鲁德,Murud,reference
IN,251572,穆鲁姆,Murum,phonetic_translation
IN,276361,纳格比德,Nagbhid Muncipal Council,phonetic_translation
IN,251362,那格浦尔,Nagpur,reference
IN,251571,纳尔杜尔格,Naldurg,reference
IN,251401,南德德-瓦加拉,Nanded-Waghala,manual
IN,251439,南冈,Nandgaon,phonetic_translation
IN,251300,南杜拉,Nandura,reference
IN,251278,嫩杜巴尔,Nandurbar,reference
IN,251340,纳尔卡德,Narkhed,reference
IN,251442,纳西克,Nashik,reference
IN,251472,新孟买,Navi Mumbai,reference
IN,251279,纳瓦普尔,Nawapur,phonetic_translation
IN,259704,内尔-纳巴普尔,Ner Nababpur,phonetic_translation
IN,251564,尼朗格阿,Nilanga,reference
IN,251569,奥斯马纳巴德,Osmanabad,reference
IN,251297,帕乔拉,Pachora,reference
IN,251433,帕伊,Paithan,phonetic_translation
IN,251460,帕尔加尔,Palghar,reference
IN,276350,帕卢斯,Palus,phonetic_translation
IN,251585,潘奇加尼,Panchgani,reference
IN,251395,潘达哈拉库达,Pandharkawda,phonetic_translation
IN,297006,本特尔布尔,Pandharpur,reference
IN,251615,潘哈拉,Panhala,reference
IN,251492,潘威,Panvel,reference
IN,251566,帕尔纳德,Paranda,phonetic_translation
IN,251416,伯尔珀尼,Parbhani,reference
IN,251559,帕里,Parli,phonetic_translation
IN,251295,帕罗拉,Parola,reference
IN,251425,帕尔图尔,Partur,reference
IN,251546,帕塔尔迪,Pathardi,reference
IN,251418,帕特里,Pathri,reference
IN,251316,帕图尔,Patur,reference
IN,248077,保尼,Pauni,reference
IN,251502,帕恩,Pen,reference
IN,251403,普提乌米里,Peth Umri,phonetic_translation
IN,251588,帕尔坦,Phaltan,reference
IN,303075,平普拉甘巴桑特·巴桑特集团,Pimpalgaon Baswant,phonetic_translation
IN,251528,宾布里-金杰沃德,Pimpri Chinchwad,reference
IN,251336,普尔加奥恩,Pulgaon,reference
IN,251530,浦那,Pune,reference
IN,251421,布尔纳,Purna,reference
IN,251391,普萨德,Pusad,reference
IN,251590,拉希马特普尔,Rahimatpur,reference
IN,251543,拉哈塔·普米拉斯,Rahta Pimplas,phonetic_translation
IN,251551,拉胡里,Rahuri,reference
IN,251608,拉雅普尔,Rajapur,reference
IN,296912,拉杰古鲁纳加尔,Rajgurunagar,reference
IN,251384,拉朱拉,Rajura,reference
IN,251353,拉姆泰克,Ramtek,reference
IN,251605,勒德纳吉里,Ratnagiri,reference
IN,251287,拉法尔,Raver,reference
IN,251320,里索德,Risod,reference
IN,251506,罗哈阿斯泰米,Roha Ashtami,phonetic_translation
IN,251414,赛卢,Sailu,reference
IN,276319,萨科里,Sakoli,reference
IN,251539,桑格阿姆内尔,Sangamner,reference
IN,251639,桑奇-米尔吉库浦瓦德,Sangli-Miraj Kupwad,phonetic_translation
IN,251579,桑戈勒,Sangole,phonetic_translation
IN,251532,萨斯瓦德,Sasvad,reference
IN,251435,萨塔纳,Satana,reference
IN,251593,萨达拉,Satara,reference
IN,251286,萨瓦达,Savda,phonetic_translation
IN,251344,萨沃内尔,Savner,reference
IN,251613,萨万特瓦迪,Sawantwadi,reference
IN,251277,沙哈德,Shahade,phonetic_translation
IN,251299,谢冈,Shegaon,reference
IN,251327,舍杜尔贾纳,Shendurjana,phonetic_translation
IN,276331,雪夫嘎安,Shevgaon,reference
IN,276635,希罗尔,Shirol,reference
IN,251280,诗普尔,Shirpur-Warwade,reference
IN,251518,希鲁尔,Shirur,reference
IN,251553,什里贡达,Shrigonda,reference
IN,251544,希里万普尔,Shrirampur,phonetic_translation
IN,251511,希里瓦尔丹,Shrivardhan,phonetic_translation
IN,297092,西洛德,Sillod Municipal Council,reference
IN,251333,辛迪,Sindi,phonetic_translation
IN,251307,辛赫德拉杰,Sindkhed Raja,phonetic_translation
IN,251447,西纳尔,Sinnar,reference
IN,251577,索拉布尔,Solapur,reference
IN,251419,索佩特,Sonpeth,phonetic_translation
IN,251522,塔莱加奥恩达巴德,Talegaon Dabhade,reference
IN,251275,塔罗德,Talode,reference
IN,251636,达斯冈,Tasgaon,reference
IN,251309,泰尔哈拉,Telhara,reference
IN,251471,塔那,Thane,reference
IN,251370,提罗拉,Tirora,phonetic_translation
IN,251441,特里姆巴克,Trimbak,reference
IN,251570,图尔贾普尔,Tuljapur,phonetic_translation
IN,248079,图姆萨尔,Tumsar,reference
IN,251565,乌德基尔,Udgir,reference
IN,251484,乌尔哈斯讷格尔,Ulhasnagar,reference
IN,251573,乌马尔加,Umarga,phonetic_translation
IN,251393,乌马尔凯德,Umarkhed,reference
IN,251366,乌姆雷德,Umred,reference
IN,251491,乌兰,Uran,reference
IN,251633,乌兰·伊斯,Uran Islampur,phonetic_translation
IN,251616,瓦德加恩·卡斯巴,Vadgaon Kasba,phonetic_translation
IN,251431,瓦伊贾普尔,Vaijapur,phonetic_translation
IN,276273,瓦朗加恩,Varangaon,phonetic_translation
IN,251463,瓦西-维拉,Vasai-Virar,phonetic_translation
IN,251611,文古尔拉,Vengurla,reference
IN,251635,维塔,Vita,phonetic_translation
IN,277475,瓦德加恩,Wadgaon,phonetic_translation
IN,251359,瓦迪,Wadi,phonetic_translation
IN,251586,瓦伊,Wai,reference
IN,251363,万多里格,Wanadongri,phonetic_translation
IN,251397,万尼,Wani,reference
IN,251334,瓦尔达,Wardha,phonetic_translation
IN,251376,沃拉拉,Warora,phonetic_translation
IN,251326,瓦鲁德,Warud,reference
IN,251319,瓦斯希姆,Washim,reference
IN,251386,亚瓦特玛,Yavatmal,reference
IN,251284,亚瓦,Yawal,reference
IN,251450,耶沃拉,Yevla,reference
IN,276527,安德罗,Andro,phonetic_translation
IN,276501,比什努普尔,Bishnupur,phonetic_translation
IN,276546,希罗克,Heirok,phonetic_translation
IN,276547,因帕尔,Imphal,reference
IN,276503,吉利巴姆,Jiribam,reference
IN,276500,卡克钦格,Kakching,reference
IN,276536,卡克钦格库诺乌,Kakching Khunou,reference
IN,276505,库姆比,Kumbi,reference
IN,276525,卡瓦塔,Kwakta,phonetic_translation
IN,276508,拉姆莱,Lamlai,phonetic_translation
IN,276545,拉姆桑,Lamsang,phonetic_translation
IN,276548,利龙,Lilong (Imphal West),phonetic_translation
IN,276502,利龙,Lilong (Thoubal),phonetic_translation
IN,276552,马英格伊姆帕尔,Mayang Imphal,reference
IN,276514,莫伊朗格,Moirang,reference
IN,276515,南波尔,Nambol,phonetic_translation
IN,276530,宁托孔,Ningthoukhong,phonetic_translation
IN,276506,奥南,Oinam,phonetic_translation
IN,276551,萨莫鲁,Samourou,phonetic_translation
IN,276553,塞迈,Sekmai,phonetic_translation
IN,276509,希孔-塞迈,Shikhong Sekmai,phonetic_translation
IN,276510,苏古努,Sugunu,phonetic_translation
IN,276550,通孔-拉克米,Thongkhong Laxmi,phonetic_translation
IN,276498,托乌巴尔,Thoubal,reference
IN,276511,旺格京格,Wangjing Lamding,reference
IN,276549,旺格伊,Wangoi,phonetic_translation
IN,276513,耶里波克,Yairipok,reference
IN,249809,巴格马里,Baghmara,phonetic_translation
IN,249820,贾瓦伊,Jowai,reference
IN,249807,瑞苏贝拉帕拉,Resubelpara,phonetic_translation
IN,249814,西隆,Shillong,reference
IN,249806,图拉,Tura Municipal Board,phonetic_translation
IN,249808,维利亚姆纳加尔,Williamnagar,reference
IN,277318,佐尔,Aizawl Municipal Co-Operation,phonetic_translation
IN,249720,迪马布尔,Dimapur Municipal Council,reference
IN,249722,科希马,Kohima Municipal Council,reference
IN,249717,莫戈格琼,Mokokchung Municipal Council,reference
IN,250476,安纳达普尔,Anandapur,phonetic_translation
IN,248140,安古尔,Anugola,reference
IN,250529,阿西卡,Asika,reference
IN,250555,巴朗格伊尔,Balangir,reference
IN,250486,巴拉索尔,Baleshwar,reference
IN,250469,巴尔比勒,Barbil,phonetic_translation
IN,250448,伯尔格尔,Bargarh,reference
IN,250481,巴里帕达,Baripada,reference
IN,250489,巴苏德布普尔,Basudebpur,reference
IN,250450,贝尔帕哈尔,Belpahar,phonetic_translation
IN,250543,布拉赫马普尔,Berhampur,reference
IN,250487,巴德拉克,Bhadrak,reference
IN,250526,班贾纳加尔,Bhanjanagar,reference
IN,250558,巴瓦尼帕特纳,Bhawanipatna,reference
IN,250520,布巴内什瓦尔,Bhubaneswar,reference
IN,250462,比拉米特拉普尔,Biramitrapur,reference
IN,250548,包特,Boudhgarh,reference
IN,250451,布拉贾拉杰纳加尔,Brajarajnagar,reference
IN,250537,查赫特拉普,Chhatrapur,reference
IN,250494,乔杜瓦尔,Choudwar,phonetic_translation
IN,250501,克塔克,Cuttack,reference
IN,250457,德巴加尔,Debagarh,reference
IN,248060,登卡纳尔,Dhenkanal,reference
IN,250564,古努普尔,Gunupur,reference
IN,250542,欣吉利丘特,Hinjilicut,reference
IN,263336,贾加特辛格阿普尔,Jagatsinghpur,reference
IN,250503,贾贾普尔,Jajapur,reference
IN,250482,贾莱斯瓦尔,Jaleswar,reference
IN,250516,贾塔尼,Jatani,reference
IN,250574,杰伊普尔,Jeypur,reference
IN,250452,贾尔苏古达,Jharsuguda,reference
IN,250471,乔达,Joda,reference
IN,250532,卡维苏尔吉扬纳加尔,Kavisurjyanagar,phonetic_translation
IN,250491,肯德拉帕拉,Kendrapara,reference
IN,250474,肯杜嘉尔,Kendujhar,reference
IN,250514,科尔达,Khordha,reference
IN,250571,戈拉布德,Koraput,reference
IN,263345,玛坎基里,Malkangiri,reference
IN,250569,纳巴朗格阿普尔,Nabarangapur,reference
IN,250512,纳亚加尔,Nayagarh,phonetic_translation
IN,263324,帕拉迪普,Paradeep,reference
IN,250544,帕拉拉克梅,Paralakhemundi,phonetic_translation
IN,250490,帕塔蒙代,Pattamundai,reference
IN,250546,普拉巴尼,Phulabani,reference
IN,250533,波拉萨拉,Polasara,reference
IN,250524,布里,Puri,reference
IN,250478,赖朗格普尔,Rairangpur,reference
IN,250459,拉杰冈帕尔,Rajagangapur,phonetic_translation
IN,250467,鲁吉拉,Raurkela,reference
IN,250565,拉耶加达,Rayagada,reference
IN,253100,森伯尔布尔,Sambalpur,reference
IN,250550,索纳普尔,Sonapur,reference
IN,250485,索罗,Soro,phonetic_translation
IN,250573,孙贝达,Sunabeda,phonetic_translation
IN,250458,孙达尔加尔,Sundargarh,reference
IN,248141,塔尔切尔,Talcher,reference
IN,250553,提拉嘎尔,Titlagarh,reference
IN,250567,乌马科特,Umarkote,phonetic_translation
IN,250502,维萨南加,Vyasanagar,phonetic_translation
IN,253096,卡莱凯,Karaikal,reference
IN,253095,马,Mahe,phonetic_translation
IN,253093,奥朱卡赖,Ozhukarai,phonetic_translation
IN,253094,本地治里市,Pondicherry,reference
IN,253092,扬南,Yanam,phonetic_translation
IN,248355,阿博赫尔,Abohar,reference
IN,248294,阿达姆普尔,Adampur,reference
IN,248382,艾哈迈德加尔,Ahmedgarh,phonetic_translation
IN,248269,阿杰纳拉,Ajnala,reference
IN,248295,阿拉瓦尔普尔,Alawalpur,reference
IN,248330,阿姆洛,Amloh,reference
IN,248273,阿姆利则,Amritsar,reference
IN,248317,阿南德普尔萨希布,Anandpur Sahib,reference
IN,248315,巴拉乔尔,Balachaur,reference
IN,248312,邦格阿,Banga,reference
IN,248404,巴瑙尔,Banur,reference
IN,248374,巴雷塔,Bareta,phonetic_translation
IN,248378,巴尔纳拉,Barnala,reference
IN,248327,巴西帕塔纳,Bassi Pathana,reference
IN,248264,巴塔拉,Batala,reference
IN,248367,巴廷达,Bathinda,reference
IN,248377,巴道尔,Bhadaur,reference
IN,248345,巴加普拉纳,Bhagha Purana,reference
IN,248387,巴瓦尼加尔,Bhawanigarh,reference
IN,248298,博格普尔,Bhogpur,reference
IN,248366,布赫乔曼迪,Bhucho Mandi,phonetic_translation
IN,248373,布德拉达,Budhlada,reference
IN,248300,达苏阿,Dasua,reference
IN,248267,德拉巴巴纳纳克,Dera Baba Nanak,reference
IN,248405,德拉巴西,Dera Bassi,reference
IN,248381,达瑙拉,Dhanaula,reference
IN,248346,达尔霍克,Dharamkot,phonetic_translation
IN,248262,达尔瓦尔,Dhariwal,phonetic_translation
IN,248384,杜里,Dhuri,reference
IN,248259,迪纳纳加尔,Dinanagar,reference
IN,248337,达罗哈,Doraha,reference
IN,248360,法里德科特,Faridkot,reference
IN,248263,法泰赫加尔赫丘里亚恩,Fatehgarh Churian,reference
IN,248354,法济尔加,Fazilka,reference
IN,248351,菲罗兹布尔,Firozpur,reference
IN,248301,加尔迪瓦拉,Gardhiwala,reference
IN,248311,加尔赫斯汉凯尔,Garhshankar,reference
IN,248357,吉德尔巴哈,Giddarbaha,reference
IN,248329,戈宾德加尔,Gobindgarh,phonetic_translation
IN,248364,贡尼亚,Goniana,phonetic_translation
IN,248292,戈拉亚,Goraya,phonetic_translation
IN,248260,古尔达斯布尔,Gurdaspur,reference
IN,248352,古鲁哈尔萨海,Guru Har Sahai,reference
IN,248306,哈里亚纳,Hariana,phonetic_translation
IN,248308,霍希亚布尔,Hoshiarpur,reference
IN,248343,贾格拉奥恩,Jagraon,reference
IN,248362,贾伊图,Jaitu,reference
IN,248353,嘉拉拉巴特,Jalalabad,reference
IN,248296,贾朗达尔,Jalandhar,reference
IN,248272,詹迪亚古鲁,Jandiala Guru,phonetic_translation
IN,248283,卡普尔塔拉,Kapurthala,reference
IN,248299,卡尔塔尔普尔,Kartarpur,reference
IN,248334,卡纳,Khanna,reference
IN,248324,克勒尔,Kharar,reference
IN,248369,科特法塔,Kot Fatta,phonetic_translation
IN,248361,科特卡普拉,Kot Kapura,reference
IN,248321,库拉利,Kurali,reference
IN,277203,拉尔鲁,Lalru,phonetic_translation
IN,248391,勒拉加加,Lehragaga,phonetic_translation
IN,248385,隆格奥瓦尔,Longowal,reference
IN,248338,卢迪亚纳,Ludhiana,reference
IN,248333,马奇瓦拉,Machhiwara,reference
IN,248383,马莱尔科特拉,Malerkotla,reference
IN,248356,马洛乌特,Malout,reference
IN,248376,曼萨,Mansa,phonetic_translation
IN,248371,毛尔,Maur,reference
IN,248347,莫加,Moga,reference
IN,248320,莫林达,Morinda,reference
IN,248303,穆凯里亚恩,Mukerian,reference
IN,248359,穆克特萨尔,Muktsar,reference
IN,248340,穆尔兰普尔达卡,Mullanpur Dakha,phonetic_translation
IN,248397,纳巴,Nabha,reference
IN,248289,纳科达尔,Nakodar,reference
IN,277196,纳甘,Nangal,phonetic_translation
IN,248313,纳万斯哈赫尔,Nawanshahr,reference
IN,277194,纳亚冈,Nayan Gaon,phonetic_translation
IN,248291,诺奥尔马哈尔,Nurmahal,reference
IN,248256,伯坦果德,Pathankot,reference
IN,248399,伯蒂亚拉,Patiala,reference
IN,248395,帕特兰,Patran,reference
IN,248277,帕缇,Patti,reference
IN,248336,佩雅尔,Payal,phonetic_translation
IN,248286,帕格瓦拉,Phagwara,reference
IN,248293,皮劳尔,Phillaur,reference
IN,248266,卡迪亚恩,Qadian,reference
IN,248314,朗镇,Rahon,reference
IN,248342,赖科特,Raikot,reference
IN,248403,拉贾普拉,Rajpura,phonetic_translation
IN,248370,拉曼,Raman,phonetic_translation
IN,248363,拉姆普拉普尔,Rampura Phul,phonetic_translation
IN,248278,雷亚,Rayya,phonetic_translation
IN,248319,鲁普纳加尔,Rupnagar,reference
IN,248325,莫哈利,S.A.S.Nagar - Mohali,manual
IN,248339,沙内瓦尔,Sahnewal,phonetic_translation
IN,248396,萨玛纳,Samana,reference
IN,248332,萨姆拉拉,Samrala,reference
IN,248398,萨瑙尔,Sanaur,reference
IN,248368,桑加特,Sangat,phonetic_translation
IN,248386,森格鲁尔,Sangrur,reference
IN,248309,沙姆焦拉西,Sham Chaurasi,reference
IN,248328,锡尔欣-费塔赫加尔赫-沙伊布,Sirhind Fatehgarh Sahib,phonetic_translation
IN,248265,锡里哈戈宾德普尔,Sri Hargobindpur,phonetic_translation
IN,248254,苏贾内普尔,Sujanpur,phonetic_translation
IN,248285,苏尔坦普尔洛迪,Sultanpur Lodhi,reference
IN,248390,苏纳姆,Sunam,reference
IN,248350,塔尔万迪拜,Talwandi Bhai,reference
IN,248380,塔帕,Tapa,phonetic_translation
IN,248274,塔尔恩塔兰,Tarn-Taran,reference
IN,248302,乌尔马尔坦达,Urmar Tanda,phonetic_translation
IN,248349,兹拉,Zira,reference
IN,248407,齐拉克普尔,Zirakpur,reference
IN,248788,阿杰梅尔,Ajmer,reference
IN,248699,阿尔瓦尔,Alwar,reference
IN,302889,阿诺德,Arnod,phonetic_translation
IN,248765,巴洛特拉,Balotra,reference
IN,248722,班迪库伊,Bandikui,reference
IN,302924,班埃拉,Banera,phonetic_translation
IN,248835,班斯瓦拉,Banswara,reference
IN,248858,巴兰,Baran,reference
IN,248766,巴尔梅尔,Barmer,reference
IN,248790,贝瓦尔,Beawar,phonetic_translation
IN,248666,帕德拉,Bhadra,reference
IN,248708,婆罗多布尔,Bharatpur,reference
IN,248812,皮尔瓦拉,Bhilwara,reference
IN,248695,比瓦迪,Bhiwadi,reference
IN,248678,比达萨尔,Bidasar,reference
IN,302998,比戈德,Bigod,phonetic_translation
IN,301915,贝埃乔利耶卡兰,Bijoliya,reference
IN,248667,比卡内尔,Bikaner,reference
IN,302876,布哈纳,Buhana,phonetic_translation
IN,248806,本迪,Bundi,reference
IN,248839,吉多尔格尔,Chittorgarh,reference
IN,302181,楚坦,Chohtan,reference
IN,248673,久鲁,Churu,reference
IN,302855,达格,Dag,phonetic_translation
IN,248725,道萨,Dausa,reference
IN,248705,德埃格,Deeg,reference
IN,248799,代奥利,Deoli,reference
IN,248713,托尔布尔,Dhaulpur,reference
IN,301914,迪吉,Diggi,phonetic_translation
IN,301438,杜杜,Dudu,phonetic_translation
IN,301913,敦德洛德,Dundlod,reference
IN,248831,栋格尔布尔,Dungarpur,reference
IN,248718,甘加普尔,Gangapur City,phonetic_translation
IN,299536,戈文德加尔,Govindgarh,phonetic_translation
IN,248662,赫努曼格尔,Hanumangarh,reference
IN,248716,欣道恩,Hindaun City,reference
IN,303088,斋浦尔,Jaipur,reference
IN,248763,杰伊瑟尔梅尔,Jaisalmer,reference
IN,301912,贾克,Jakhal,phonetic_translation
IN,248767,贾洛尔,Jalore,reference
IN,301911,嘉姆瓦拉姆嘎尔,Jamwa Ramgarh,reference
IN,302984,贾索尔,Jasol,phonetic_translation
IN,248862,恰拉瓦尔,Jhalawar,reference
IN,248863,嘉拉帕坦,Jhalrapatan,reference
IN,248683,琼丘农,Jhunjhunun,reference
IN,303089,焦特布尔,Jodhpur,reference
IN,302800,卡尔达德尔,Kaladera,phonetic_translation
IN,302921,堪陶,Kanota,phonetic_translation
IN,248717,格劳利,Karauli,reference
IN,301415,喀塔姆尔,Kathumar,phonetic_translation
IN,248698,开尔塔尔-蒂哈拉,Khairthal-Tijara,phonetic_translation
IN,248743,汗德拉岛,Khandela,phonetic_translation
IN,302856,克,Khanpur,phonetic_translation
IN,302919,卡图·胡尔德,Khatu Khurd,phonetic_translation
IN,302813,黑杰罗利,Khejroli,phonetic_translation
IN,248702,克尔里,Kherli,phonetic_translation
IN,248690,凯特里,Khetri,reference
IN,248786,基尚加尔,Kishangarh,phonetic_translation
IN,303090,科塔,Kota,reference
IN,248727,科特普特利,Kotputli,reference
IN,248740,拉奇芒格阿尔,Lachhmangarh,reference
IN,248726,拉尔索特,Lalsot,reference
IN,301909,拉马哈里森格·萨尔甘杰尔市集团,Lambaharising,phonetic_translation
IN,301406,拉万,Lawan,phonetic_translation
IN,248742,洛萨尔,Losal,reference
IN,302182,伦卡兰萨尔,Lunkaransar,reference
IN,275691,马赫瓦,Mahwa,reference
IN,248756,默格拉纳,Makrana,reference
IN,301407,马尔哈德卡,Malakheda,phonetic_translation
IN,248794,马尔普拉,Malpura,reference
IN,302612,马尔西萨尔,Malsisar,phonetic_translation
IN,302890,普通话,Mandar,phonetic_translation
IN,302222,曼德汉,Mandhan,phonetic_translation
IN,301413,曼德赖尔,Mandrayal,phonetic_translation
IN,302896,曼尼扬,Maniyan,phonetic_translation
IN,302858,马诺哈尔塔纳,Manoharthana,reference
IN,301445,马瓦利,Mawali,phonetic_translation
IN,248706,纳德拜,Nadbai,reference
IN,248749,纳高尔,Nagaur,reference
IN,302180,纳帕萨尔,Napasar,phonetic_translation
IN,301905,纳拉扬普尔,Narayanpur,phonetic_translation
IN,277232,纳斯拉巴特,Nasirabad,reference
IN,248746,尼姆加塔纳,Neem-Ka-Thana,reference
IN,299935,尼姆拉纳,Neemrana,phonetic_translation
IN,248665,诺哈尔,Nohar,reference
IN,302206,帕哈里,Pahari,phonetic_translation
IN,248778,巴利,Pali,reference
IN,302948,帕尔萨纳,Palsana,phonetic_translation
IN,296922,帕奥塔-普拉格普拉,Paota-Pragpura,phonetic_translation
IN,302909,皮桑,Pisangan,phonetic_translation
IN,248844,帕拉塔普嘎尔,Pratapgarh,reference
IN,248787,普斯赫卡尔,Pushkar,reference
IN,302860,雷加普尔,Raipur,phonetic_translation
IN,248671,拉贾加尔,Rajgarh (Alwar),phonetic_translation
IN,248818,拉杰萨曼德,Rajsamand,reference
IN,301410,拉马加尔普查瓦拉,Ramgarh Pachwara,phonetic_translation
IN,248676,拉坦嘎尔,Ratangarh,reference
IN,248838,拉瓦特巴塔,Rawatbhata,reference
IN,248664,拉瓦斯塔尔,Rawatsar,reference
IN,302942,里亚恩巴里,Riyan Bari,phonetic_translation
IN,302861,沙赫瓦,Sahwa,phonetic_translation
IN,302862,赛普瓦,Saipau,phonetic_translation
IN,248826,萨卢姆巴尔,Salumbar,reference
IN,302863,萨马达里,Samadari,phonetic_translation
IN,296932,萨波特拉,Sapotra,phonetic_translation
IN,248720,瑟瓦伊马托布尔,Sawai Madhopur,reference
IN,301417,萨瓦尔,Sawar,phonetic_translation
IN,248729,沙赫布尔,Shahpura,reference
IN,248741,锡格尔,Sikar,reference
IN,301451,西卡瑞,Sikaray,phonetic_translation
IN,301409,辛甘哈,Singhana,phonetic_translation
IN,248771,锡罗希,Sirohi,reference
IN,302249,索贾特路,Sojat Road,phonetic_translation
IN,248651,斯里根加讷格尔,Sri Ganganagar,reference
IN,248744,斯里马托布尔,Sri Madhopur,reference
IN,248680,苏坚格尔,Sujangarh,reference
IN,248783,苏梅尔普尔,Sumerpur,reference
IN,302962,苏罗特,Suroth,phonetic_translation
IN,301901,塔尔托蒂,Tantoti,phonetic_translation
IN,248715,托达比姆,Todabhim,reference
IN,248797,栋格,Tonk,reference
IN,248822,乌代布尔,Udaipur,reference
IN,301408,瓦拉布讷加尔,Vallabhnagar,phonetic_translation
IN,301455,瓦蒂卡,Vatika,phonetic_translation
IN,248791,维贾伊讷加尔,Vijainagar,phonetic_translation
IN,249694,甘托克,Gangtok (M Corp.),phonetic_translation
IN,249692,纳姆奇,Namchi Municipal Council,reference
IN,252840,阿蒂兰伯蒂讷姆,Adiramapattinam,reference
IN,253014,阿姆巴萨穆德兰,Ambasamudram,phonetic_translation
IN,252391,安布尔,Ambur,reference
IN,252367,阿拉科纳姆,Arakkonam,reference
IN,252422,阿拉尼,Arani,reference
IN,252854,阿兰唐格伊,Aranthangi,reference
IN,252373,阿尔果德,Arcot,reference
IN,252767,阿里耶卢尔,Ariyalur,reference
IN,252947,阿鲁普科泰,Aruppukkottai,reference
IN,252491,阿图尔,Attur,reference
IN,252276,阿瓦迪,Avadi,reference
IN,252615,阿温纳诗,Avinashi,reference
IN,252539,巴凡尼,Bhavani,reference
IN,252897,博迪纳耶卡努尔,Bodinayakanur,reference
IN,252333,琴格阿尔帕图,Chengalpattu,reference
IN,252432,琴格阿姆,Chengam,reference
IN,252781,吉登伯勒姆,Chidambaram,reference
IN,252913,奇纳马努尔,Chinnamanur,reference
IN,252653,哥印拜陀,Coimbatore,reference
IN,253068,科拉恰尔,Colachel,reference
IN,252605,古努尔,Coonoor,reference
IN,252773,古德洛尔,Cuddalore,reference
IN,252918,卡姆巴姆,Cumbum,reference
IN,252864,德瓦科泰,Devakottai,reference
IN,252592,达拉普兰姆,Dharapuram,reference
IN,252417,达尔玛普利,Dharmapuri,reference
IN,252707,丁迪古尔,Dindigul,reference
IN,252470,埃达甘纳斯莱,Edanganasalai,phonetic_translation
IN,252468,埃达皮迪,Edappadi,phonetic_translation
IN,252568,埃罗德,Erode,reference
IN,252547,戈比杰蒂巴勒耶姆,Gobichettipalayam,reference
IN,252294,钦奈,Greater Chennai Corporation,phonetic_translation
IN,252596,古达勒尔,Gudalur,phonetic_translation
IN,252639,古达鲁尔,Gudalur,reference
IN,252920,古达卢尔,Gudalur-Cbe,manual
IN,252351,古迪耶塔姆,Gudiyatham,reference
IN,252413,哈鲁尔,Harur,reference
IN,252399,霍苏,Hosur,phonetic_translation
IN,252765,贾延孔达姆,Jayankondam,reference
IN,252397,乔拉佩特,Jolarpet,phonetic_translation
IN,252994,卡达耶纳卢尔,Kadayanallur,reference
IN,300593,卡拉卡德,Kalakadu,reference
IN,252451,卡拉库奇,Kallakurichi,phonetic_translation
IN,252336,甘吉布勒姆,Kancheepuram,reference
IN,290455,坎杰伊姆,Kangeyam,phonetic_translation
IN,253091,科摩林角,Kanniyakumari,reference
IN,252863,卡赖库迪,Karaikudi,reference
IN,252613,卡拉马代,Karamadai,reference
IN,252628,卡鲁马特帕蒂,Karumathampatti,phonetic_translation
IN,252725,卡鲁尔,Karur,reference
IN,252980,卡耶尔帕蒂纳姆,Kayalpattinam,reference
IN,252958,基拉卡瑞,Keelakarai,phonetic_translation
IN,252713,科戴卡纳尔,Kodaikanal,reference
IN,253042,科兰坎德,Kollancode,phonetic_translation
IN,252499,库马拉帕拉耶姆,Komarapalayam,reference
IN,252810,科乌塔纳卢尔,Koothanallur,reference
IN,252601,柯塔基利,Kotagiri,reference
IN,252440,科塔库帕姆,Kottakuppam,phonetic_translation
IN,252962,科维尔帕蒂,Kovilpatti,reference
IN,252402,克里希纳吉里,Krishnagiri,reference
IN,252731,库利塔莱,Kulithalai,reference
IN,252823,库姆巴科纳姆,Kumbakonam,reference
IN,252298,昆德拉,Kundrathur,phonetic_translation
IN,253038,库齐图赖,Kuzhithurai,reference
IN,252747,拉尔古迪,Lalgudi,reference
IN,252665,马杜卡赖,Madukkarai,reference
IN,252889,马杜赖,Madurai,reference
IN,252347,马杜兰塔卡姆,Madurantakam,reference
IN,252344,马马拉普拉姆,Mamallapuram,reference
IN,252868,马纳马杜赖,Manamadurai,reference
IN,252757,马纳帕赖,Manapparai,reference
IN,252295,芒加杜,Mangadu,phonetic_translation
IN,252811,马纳尔古迪,Mannargudi,reference
IN,252330,马莱马莱纳加尔,Maraimalainagar,phonetic_translation
IN,252794,马伊拉杜图赖,Mayiladuthurai,reference
IN,252871,梅卢尔,Melur,reference
IN,252366,梅尔维沙拉姆,Melvisharam,phonetic_translation
IN,252612,梅图帕莱亚姆,Mettupalayam,reference
IN,252457,梅特尔,Mettur,phonetic_translation
IN,252738,穆西里,Musiri,reference
IN,299500,纳加帕蒂南,Nagapattinam,reference
IN,253079,纳盖科伊尔,Nagercoil,reference
IN,252518,南玛卡尔,Namakkal,reference
IN,252329,南迪瓦拉姆-古杜万契里,Nandivaram - Guduvancheri,phonetic_translation
IN,252363,纳拉森加尔姆,Narasingapuram,phonetic_translation
IN,252769,内利库帕姆,Nellikuppam,phonetic_translation
IN,252594,内利亚拉姆,Nelliyalam,phonetic_translation
IN,252695,奥达查特拉姆,Oddanchatram,phonetic_translation
IN,253061,帕德马纳巴普拉姆,Padmanabhapuram,reference
IN,252692,帕兰尼,Palani,reference
IN,252636,帕拉达姆,Palladam,reference
IN,252720,帕拉帕蒂,Pallapatti,reference
IN,252506,帕利帕拉耶姆,Pallipalayam,reference
IN,252770,潘鲁蒂,Panruti,reference
IN,252952,帕拉马基迪,Paramakudi,phonetic_translation
IN,252839,帕图科泰,Pattukkottai,reference
IN,252762,佩拉姆巴卢尔,Perambalur,reference
IN,252902,佩里亚库拉姆,Periyakulam,phonetic_translation
IN,252350,佩尔纳姆帕图,Pernambut,reference
IN,252558,佩伦杜拉伊,Perundurai,reference
IN,252674,坡拉奇,Pollachi,reference
IN,252429,坡鲁尔,Polur,reference
IN,252264,庞内利,Ponneri,reference
IN,252278,波奥纳马莱埃,Poonamallee,reference
IN,252848,布杜戈代,Pudukkottai,reference
IN,300381,普尔加卢尔,Pugalur,phonetic_translation
IN,252990,普利延库迪,Puliangudi,reference
IN,252531,蓬贾伊普利亚姆帕蒂,Punjaipuliampatti,reference
IN,252923,拉贾帕拉耶姆,Rajapalayam,reference
IN,252957,拉默纳特布勒姆,Ramanathapuram,reference
IN,290447,拉美斯瓦兰,Rameswaram,reference
IN,252364,拉尼贝德,Ranipet,reference
IN,252512,拉西普拉姆,Rasipuram,reference
IN,252474,萨兰姆,Salem,reference
IN,252992,桑卡兰科维尔,Sankarankovil,phonetic_translation
IN,252473,三卡基利,Sankari,reference
IN,252528,瑟蒂耶门格勒姆,Sathyamangalam,reference
IN,252948,萨图尔,Sattur,reference
IN,253006,森戈泰,Sengottai,phonetic_translation
IN,252360,绍灵库尔,Sholingur,reference
IN,252791,锡尔格济,Sirkali,reference
IN,252866,西瓦冈格阿,Sivagangai,reference
IN,252938,西瓦卡西,Sivakasi,reference
IN,252299,斯里佩鲁姆布杜尔,Sriperumbudur,reference
IN,252932,斯里维利普图尔,Srivilliputhur,reference
IN,252993,苏兰代,Surandai,reference
IN,252319,塔姆巴拉姆,Tambaram,reference
IN,252997,坦卡希,Tenkasi,reference
IN,252833,坦贾武尔,Thanjavur,reference
IN,252466,塔拉芒格阿拉姆,Tharamangalam,reference
IN,252905,泰尼-阿林加拉姆,Theni-Allinagaram,phonetic_translation
IN,252616,提鲁马鲁格潘迪,Thirumuruganpoondi,phonetic_translation
IN,252275,蒂鲁宁德拉武尔,Thirunindravur,reference
IN,252398,提鲁帕图尔,Thirupathur,phonetic_translation
IN,252812,蒂鲁图赖波奥恩迪,Thiruthuraipoondi,reference
IN,252830,蒂鲁瓦伊耶鲁,Thiruvaiyaru,reference
IN,252434,提鲁凡纳马拉,Thiruvannamalai,reference
IN,252424,提鲁阿迪普乌拉姆,Thiruvathipuram,phonetic_translation
IN,252277,提鲁韦卡杜,Thiruverkadu,phonetic_translation
IN,252970,杜蒂戈林,Thoothukudi,reference
IN,252741,图瑞尤尔,Thuraiyur,phonetic_translation
IN,252754,图瓦古迪,Thuvakudi,phonetic_translation
IN,252438,廷迪瓦纳姆,Tindivanam,reference
IN,252984,缇鲁晨杜尔,Tiruchendur,reference
IN,252502,蒂鲁琴格奥德,Tiruchengode,reference
IN,252749,蒂鲁吉拉帕利,Tiruchirappalli,reference
IN,252446,提鲁科伊鲁尔,Tirukkoyilur,reference
IN,252888,蒂鲁曼加拉姆,Tirumangalam,phonetic_translation
IN,253011,蒂鲁内尔维利,Tirunelveli,reference
IN,252621,蒂鲁布尔,Tiruppur,reference
IN,252269,提如坦尼,Tiruttani,reference
IN,252273,蒂鲁沃卢尔,Tiruvallur,reference
IN,252808,蒂鲁瓦鲁尔,Tiruvarur,reference
IN,252789,提塔库迪,Tittakudi,phonetic_translation
IN,252600,乌塔卡蒙德,Udhagamandalam,reference
IN,252683,乌杜马尔佩特,Udumalpet,phonetic_translation
IN,252453,乌卢尔佩泰,Ulundurpettai,phonetic_translation
IN,252884,乌西兰帕蒂,Usilampatti,phonetic_translation
IN,252776,库林吉帕迪,Vadalur,reference
IN,252689,瓦尔巴赖,Valparai,reference
IN,252426,万达瓦西,Vandavasi,reference
IN,252394,凡尼亚姆巴迪,Vaniyambadi,reference
IN,252802,韦达兰耶姆,Vedaranyam,reference
IN,252587,韦拉科伊,Vellakoil,phonetic_translation
IN,252381,韦洛尔,Vellore,reference
IN,253015,维克拉马辛格阿普拉姆,Vikramasingapuram,reference
IN,252442,维卢布勒姆,Villupuram,reference
IN,252787,维鲁达恰拉姆,Virudhachalam,reference
IN,252943,维鲁杜纳加尔,Virudhunagar,reference
IN,252365,瓦拉贾佩特,Walajapet,reference
IN,263214,阿查佩特,Achampet,phonetic_translation
IN,248083,阿迪拉巴德,Adilabad,reference
IN,290144,阿莱尔,Alair,phonetic_translation
IN,290062,阿兰布尔,Alampur,phonetic_translation
IN,302811,阿里亚达布德,Aliyadbad,phonetic_translation
IN,290104,阿芒加尔,Amangal,phonetic_translation
IN,290142,阿马钦塔,Amarchinta,phonetic_translation
IN,260558,安多尔约皮特,Andole Jogipet,phonetic_translation
IN,248090,阿莫尔,Armoor,phonetic_translation
IN,301596,阿斯法巴德,Asifabad,reference
IN,302289,阿斯瓦罗佩塔,Aswaraopeta,phonetic_translation
IN,290140,阿特马库尔,Atmakur,phonetic_translation
IN,290201,班斯瓦达,Banswada,reference
IN,248084,贝尔拉姆帕尔莱,Bellampalli,reference
IN,248085,拜恩萨,Bhainsa,reference
IN,290093,贝姆加尔,Bheemgal,phonetic_translation
IN,251682,邦格伊尔,Bhongir,reference
IN,290073,布霍特普尔,Bhootpur,phonetic_translation
IN,253291,布帕尔帕莱,Bhupalpalle,phonetic_translation
IN,302728,比奇库纳达,Bichkunda,phonetic_translation
IN,248092,博丹,Bodhan,reference
IN,290091,昌都尔,Chandur,phonetic_translation
IN,290075,陈努尔,Chennur,phonetic_translation
IN,290132,切里尔,Cherial,phonetic_translation
IN,302290,彻法拉,Chevella,reference
IN,290089,奇提尔,Chityal,phonetic_translation
IN,290063,乔普南迪,Choppandandi,phonetic_translation
IN,290143,丘图帕尔,Choutuppal,phonetic_translation
IN,305330,会泡达,Cyberabad Municipal Corporation,phonetic_translation
IN,302291,德瓦拉卡达拉,Devarakadara,phonetic_translation
IN,251686,德瓦拉科恩达,Devarakonda,reference
IN,290061,达摩浦里,Dharmapuri,phonetic_translation
IN,290069,多纳卡尔,Dornakal,phonetic_translation
IN,260709,杜巴克,Dubbak,phonetic_translation
IN,302293,埃杜拉普拉姆,Edulapuram,phonetic_translation
IN,302294,加达波塔拉姆,Gaddapotharam,phonetic_translation
IN,248103,加德瓦尔,Gadwal,reference
IN,254930,嘎伊维,Gajwel,reference
IN,302324,古玛迪达拉,Gummadidala,phonetic_translation
IN,290090,哈利亚,Haliya,phonetic_translation
IN,253267,胡森巴德,Husnabad,phonetic_translation
IN,253265,胡祖拉巴德,Huzurabad,reference
IN,253257,胡祖尔讷格尔,Huzurnagar,reference
IN,251664,海得拉巴,Hyderabad,reference
IN,258044,伊布拉黑马帕特南,Ibrahimpatnam,phonetic_translation
IN,257993,伊耶贾,Ieeja,phonetic_translation
IN,302732,因德雷什姆,Indresham,phonetic_translation
IN,302304,伊萨普尔,Isnapur,phonetic_translation
IN,263216,贾德切拉,Jadcherla,phonetic_translation
IN,251651,杰格蒂亚尔,Jagtial,reference
IN,253266,贾米库纳,Jammikunta,phonetic_translation
IN,251690,金冈,Jangaon,reference
IN,302736,吉纳拉姆,Jinnaram,phonetic_translation
IN,248086,卡加兹纳加尔,Kagaz Nagar,reference
IN,302727,卡拉鲁,Kalluru,phonetic_translation
IN,258029,卡拉瓦库尔,Kalwakurthy,phonetic_translation
IN,248093,卡马雷迪,Kamareddy,phonetic_translation
IN,251653,格里姆讷格尔,Karimnagar,reference
IN,302303,基沙穆德拉姆,Kesamudram,phonetic_translation
IN,248105,卡姆马姆,Khammam,reference
IN,290092,汗,Khanapur,phonetic_translation
IN,253255,科达德,Kodad,phonetic_translation
IN,290136,可丹高,Kodangal,reference
IN,302302,科,Kohir,phonetic_translation
IN,257989,科拉帕尔,Kollapur,phonetic_translation
IN,251652,库鲁特拉,Korutla,phonetic_translation
IN,290074,科斯吉,Kosgi,phonetic_translation
IN,248109,科塔格德姆,Kothagudem,phonetic_translation
IN,290138,科塔卡塔,Kothakota,phonetic_translation
IN,290064,科塔帕利,Kothapally,phonetic_translation
IN,297017,科特尔,Kothur,phonetic_translation
IN,290076,基亚坦帕利,Kyathanpally,phonetic_translation
IN,290077,卢克塞提佩特,Luxettipet,phonetic_translation
IN,302301,马杜尔,Maddur,phonetic_translation
IN,257876,玛迪拉,Madhira,reference
IN,257971,马哈布巴巴德,Mahabubabad,phonetic_translation
IN,248101,马赫布卜讷格尔,Mahabubnagar,reference
IN,290072,马克塔尔,Makthal,phonetic_translation
IN,305331,马尔卡杰吉里,Malkajgiri Municipal Corporation,reference
IN,248087,曼切里亚尔,Mancherial,reference
IN,248088,马恩达马尔里,Mandamarri,reference
IN,290094,曼坦尼,Manthani,reference
IN,248107,马努古尔,Manugur,reference
IN,290070,马里佩达,Maripeda,phonetic_translation
IN,248095,梅德格,Medak,reference
IN,253104,梅特帕利,Metpalli,phonetic_translation
IN,251689,密亚拉古达,Miryalaguda,reference
IN,302299,莫因阿巴德,Moinabad,phonetic_translation
IN,290141,莫库尔,Mothkur,phonetic_translation
IN,302710,穆杜钦塔拉帕利,Muduchinthalapally,phonetic_translation
IN,302731,穆卢古,Mulugu,phonetic_translation
IN,251680,纳尔卡库纳尔,Nagarkurnool,phonetic_translation
IN,297095,纳克雷卡尔,Nakrekal,phonetic_translation
IN,251685,纳尔戈恩达,Nalgonda,reference
IN,294879,南迪孔达,Nandikonda,phonetic_translation
IN,290131,纳拉亚恩柯,Narayankhed,reference
IN,248102,纳拉耶恩佩特,Narayanpet,reference
IN,253275,纳尔萨姆帕特,Narsampet,reference
IN,290080,纳尔萨普尔,Narsapur,phonetic_translation
IN,290147,纳斯普尔,Naspur,reference
IN,290133,内雷楚尔查拉,Nereducharla,phonetic_translation
IN,248089,尼尔马尔,Nirmal,reference
IN,248091,尼扎马巴德,Nizamabad,reference
IN,248110,帕卢万查,Palwancha,phonetic_translation
IN,290135,帕利基,Parigi,reference
IN,257970,帕尔卡,Parkal,reference
IN,290139,佩巴尔,Pebbair,phonetic_translation
IN,253268,佩达帕利,Peddapalli,phonetic_translation
IN,290145,波查马普利,Pochamapally,phonetic_translation
IN,289549,拉卡伊尔,Raikal,phonetic_translation
IN,251648,拉马古恩达姆,Ramagundam,reference
IN,290078,拉马扬佩特,Ramayampet,phonetic_translation
IN,248098,萨达西沃佩特,Sadasivpet,reference
IN,248094,森加雷迪,Sangareddy,reference
IN,248108,萨图尔帕利,Sathupally,phonetic_translation
IN,254925,沙德纳加尔,Shadnagar,phonetic_translation
IN,290100,桑卡尔帕利,Shankarpally,phonetic_translation
IN,248096,斯迪佩特,Siddipet,reference
IN,251654,西里拉,Sircilla,phonetic_translation
IN,302292,斯泰申加纳普尔,Station Ghanpur,manual
IN,290095,苏尔坦巴德,Sulthanabad,phonetic_translation
IN,251684,苏里亚佩特,Suryapet,reference
IN,248099,坦杜尔,Tandur,reference
IN,290134,提鲁马拉吉里,Thirumalagiri,phonetic_translation
IN,290071,托鲁尔,Thorrur,phonetic_translation
IN,290079,图普兰,Toopran,phonetic_translation
IN,253269,韦穆拉瓦达,Vemulawada,phonetic_translation
IN,248100,维卡拉巴德,Vikarabad,reference
IN,290060,瓦德佩莱,Waddepalle,phonetic_translation
IN,248104,瓦纳帕尔蒂,Wanaparthy,reference
IN,251691,瓦朗加尔,Warangal,reference
IN,290137,瓦尔达纳佩特,Wardhannapet,phonetic_translation
IN,290068,维拉,Wyra,phonetic_translation
IN,290146,雅达吉古塔,Yadagirigutta,phonetic_translation
IN,248106,耶兰杜,Yellandu,reference
IN,302809,耶拉佩特,Yellapet,phonetic_translation
IN,290067,耶拉雷迪,Yellareddy,phonetic_translation
IN,248097,扎希拉巴德,Zaheerabad,phonetic_translation
IN,251272,达曼,Daman,reference
IN,251271,迪乌,Diu,reference
IN,251273,锡尔瓦斯萨,Silvassa,reference
IN,249785,阿加尔塔拉,Agartala Municipal Corporation,reference
IN,249802,安巴萨,Ambassa Municipal Council,reference
IN,249798,贝洛尼亚,Belonia Municipal Council,reference
IN,261690,比沙尔加尔,Bishalgarh Municipal Council,phonetic_translation
IN,249803,达尔马纳加尔,Dharmanagar Municipal Council,reference
IN,249804,凯拉萨哈尔,Kailashahar Municipal Council,reference
IN,249783,柯瓦伊,Khowai Municipal Council,reference
IN,249805,库马格哈特,Kumarghat Municipal Council,phonetic_translation
IN,261691,梅拉加尔,Melaghar Municipal Council,phonetic_translation
IN,261692,莫罕普尔,Mohanpur Municipal Council,phonetic_translation
IN,249786,拉尼尔巴扎尔,Ranirbazar Municipal Council,reference
IN,261689,桑蒂尔巴扎尔,Santirbazar Municipal Council,phonetic_translation
IN,249784,泰利马拉,Teliamura Municipal Council,phonetic_translation
IN,249796,乌戴普尔,Udaipur Municipal Council,reference
IN,249066,阿奇内拉,Achhnera,reference
IN,248917,阿夫扎尔加尔,Afzalgarh,reference
IN,249062,阿格拉,Agra,reference
IN,249545,阿赫劳拉,Ahraura,reference
IN,249400,阿克巴普尔,Akbarpur,phonetic_translation
IN,249095,阿利甘杰,Aliganj,reference
IN,249025,阿里格尔,Aligarh,reference
IN,248950,阿姆罗哈,Amroha,reference
IN,249011,阿努普斯哈赫尔,Anupshahr,reference
IN,249145,阿奥恩拉,Aonla,reference
IN,249339,阿塔拉,Atarra,reference
IN,249022,阿特劳利,Atrauli,reference
IN,249273,奥赖耶,Auraiya,reference
IN,249391,曹妃甸,Ayodhya,reference
IN,249477,阿泽姆格尔,Azamgarh,reference
IN,249428,班西,Baansi,reference
IN,248947,巴奇拉奥恩,Bachhraon,reference
IN,248973,巴格帕特,Baghpat,reference
IN,249074,巴镇,Bah,reference
IN,249135,巴赫里,Bahedi,reference
IN,248935,巴赫乔伊,Bahjoi,reference
IN,249410,巴赫赖奇,Bahraich,reference
IN,249497,巴里亚,Ballia,reference
IN,249414,伯尔拉姆布尔,Balrampur,reference
IN,249334,班达,Banda,reference
IN,249212,邦格尔毛,Bangarmau,reference
IN,248972,巴劳特,Baraut,reference
IN,249149,巴雷利,Bareilly,reference
IN,249311,巴鲁亚萨格尔,Barua Sagar,phonetic_translation
IN,249430,巴蒂施,Basti,phonetic_translation
IN,249353,贝尔哈,Belha,phonetic_translation
IN,249535,巴多希,Bhadohi,reference
IN,249264,巴尔塔纳,Bharthana,phonetic_translation
IN,249361,巴尔瓦里,Bharwari(Kaushambi),phonetic_translation
IN,297025,宾格阿,Bhinga,reference
IN,248910,比杰诺尔,Bijnor,reference
IN,248931,比拉里,Bilari,reference
IN,249470,比拉里亚甘杰,Bilariaganj,reference
IN,248941,比拉斯布尔,Bilaspur,reference
IN,249203,比尔格拉姆,Bilgram,reference
IN,249282,比尔豪尔,Bilhaur,reference
IN,249122,比尔西,Bilsi,reference
IN,249345,宾德基,Bindki,reference
IN,249162,比瑟尔布尔,Bisalpur,reference
IN,249118,比绍利,Bisauli,reference
IN,249193,比斯万,Biswan,phonetic_translation
IN,249126,布道恩,Budaun,reference
IN,249005,布兰德舍赫尔,Bulandshahr,reference
IN,248937,钱道西,Chandausi,reference
IN,248924,昌德普尔,Chandpur,phonetic_translation
IN,249330,恰尔卡里,Charkhari,reference
IN,249256,奇布拉毛,Chhibramau,reference
IN,249303,奇尔嘎安,Chirgaon,reference
IN,249342,奇特拉库特神庙-卡尔维,Chitrakoot Dham - Karwi,phonetic_translation
IN,249543,丘纳尔,Chunar,reference
IN,249421,乔洛内尔甘杰,Colonelganj,reference
IN,248996,达德里,Dadri,reference
IN,297026,达塔甘杰,Dataganj,reference
IN,249013,德贝伊,Debai,phonetic_translation
IN,248882,代奥班德,Deoband,reference
IN,249460,德奥里亚,Deoria,reference
IN,248919,坦布尔,Dhampur,reference
IN,248946,丹哈乌拉,Dhanaura,phonetic_translation
IN,249098,伊塔,Etah,reference
IN,249262,埃达沃,Etawah,reference
IN,249059,埃特马德普尔,Etmadpur,reference
IN,249156,法里德普尔,Faridpur,phonetic_translation
IN,249250,法鲁卡巴德-丘姆-法泰赫加尔,Farrukhabad,reference
IN,249068,法塔赫布尔西格里,Fatehpur Sikri,reference
IN,249347,法塔赫普尔,Fatehpur(Fatehpur),phonetic_translation
IN,249079,菲罗扎巴德,Firozabad,reference
IN,297027,加杰劳拉,Gajralua,reference
IN,297022,甘加格哈特,Gangaghat,phonetic_translation
IN,248878,冈格奥,Gangoh,reference
IN,249090,甘杰敦达瓦拉,Ganj Dundwara,reference
IN,248993,加姆穆克特什瓦尔,Garhmukteshwar,phonetic_translation
IN,249462,古拉巴尔哈贾,Gaura Barhaj,phonetic_translation
IN,276425,高利甘尼,Gauriganj,reference
IN,249290,加塔姆普尔,Ghatampur,reference
IN,248988,加济阿巴德,Ghaziabad,reference
IN,249512,加齐普尔,Ghazipur,reference
IN,249179,戈拉戈卡拉纳特,Gola Gokarannath,reference
IN,249419,贡达,Gonda,reference
IN,249537,戈皮甘杰,Gopi Ganj,phonetic_translation
IN,249444,戈勒克布尔,Gorakhpur,reference
IN,249006,古劳提,Gulaothi,reference
IN,249254,古尔萨海甘杰,Gursahaiganj,reference
IN,249305,古尔萨赖,Gursarai,reference
IN,248914,哈尔道尔,Haldaur,reference
IN,249322,赫米尔布尔,Hamirpur,reference
IN,248991,哈普尔,Hapur,reference
IN,249201,赫尔多伊,Hardoi,reference
IN,248952,哈桑普尔,Hasanpur,reference
IN,297020,哈塔,Hata,phonetic_translation
IN,249037,哈特勒斯,Hathras,reference
IN,249012,贾杭格伊拉巴德,Jahangirabad,reference
IN,249240,贾伊斯,Jais,reference
IN,249174,贾拉拉巴德,Jalalabad,phonetic_translation
IN,249399,贾拉普尔,Jalalpur,phonetic_translation
IN,249294,贾劳恩,Jalaun,reference
IN,249101,贾莱萨尔,Jalesar,reference
IN,249261,杰斯文德讷格尔,Jaswantnagar,reference
IN,249505,朱纳普尔,Jaunpur,phonetic_translation
IN,249314,占西,Jhansi,reference
IN,263354,金贾克,Jhinjhak,reference
IN,249086,卡斯甘杰,Kaasganj,reference
IN,249248,凯姆甘杰,Kaimganj,reference
IN,248885,凯拉纳,Kairana,reference
IN,249130,卡克拉拉,Kakrala,phonetic_translation
IN,249295,卡尔皮,Kalpi,reference
IN,248886,坎德拉,Kandhla,phonetic_translation
IN,249259,卡纳乌杰,Kannauj,phonetic_translation
IN,249286,坎普尔,Kanpur,reference
IN,249020,考尔,Khair,reference
IN,249188,凯拉巴德,Khairabad,phonetic_translation
IN,249433,卡利拉巴德,Khalilabad,reference
IN,248899,克道利,Khatauli,reference
IN,297023,赫卡达达,Khekada,phonetic_translation
IN,274820,霍达马坎普尔,Khoda Makanpur,phonetic_translation
IN,249018,库尔贾,Khurja,reference
IN,248908,基拉特普尔,Kiratpur,phonetic_translation
IN,249299,科恩彻,Konch,reference
IN,249041,科西卡兰,Kosi Kalan,phonetic_translation
IN,297024,库希纳加尔,Kushinagar,phonetic_translation
IN,249191,拉赫尔布尔,Laharpur,reference
IN,249182,勒金布尔,Lakhimpur,reference
IN,249318,勒利德布尔,Lalitpur,reference
IN,248985,洛尼 (印度),Loni,reference
IN,249234,勒克瑙,Lucknow,reference
IN,249441,玛哈拉吉甘杰,Maharajganj,phonetic_translation
IN,249194,马赫穆达巴德,Mahmudabad,reference
IN,249331,马霍巴,Mahoba,reference
IN,249106,迈恩布里,Mainpuri,reference
IN,249205,马拉万,Mallawan,phonetic_translation
IN,249359,曼詹普尔,Manjhanpur,reference
IN,249099,马尔赫拉,Marehra,phonetic_translation
IN,249052,马图拉-弗林达万,Mathura-Vrindavan,phonetic_translation
IN,249327,毛德哈,Maudaha,reference
IN,249488,毛纳特班詹,Maunath Bhanjan,reference
IN,249308,莫拉尼普尔,Mauranipur,phonetic_translation
IN,248961,马瓦纳,Mawana,reference
IN,248964,密拉特,Meerut,reference
IN,248945,米拉克,Milak,phonetic_translation
IN,249540,米尔扎普尔-丘姆-温迪亚恰尔,Mirzapur-Cum-Vindhyachal,reference
IN,249187,米斯里克-丘姆-内埃姆萨尔,Misrikh Cum Neemsar,reference
IN,248981,莫迪纳加尔,Modinagar,phonetic_translation
IN,249514,穆罕默德阿巴德,Mohammadabad(Gazipur),phonetic_translation
IN,249180,穆哈马迪,Mohammadi,phonetic_translation
IN,248929,莫拉达巴德,Moradabad,reference
IN,249474,穆巴克拉普尔,Mubarakpur,phonetic_translation
IN,249503,莫格拉巴德斯哈赫普尔,Mungra Badshahpur,reference
IN,248983,穆拉德纳格尔,Muradnagar,phonetic_translation
IN,248895,穆扎法尔讷格尔,Muzaffarnagar,reference
IN,248915,纳吉纳,Nagina,reference
IN,248905,纳吉巴巴德,Najibabad,reference
IN,248876,纳库尔,Nakur,reference
IN,249408,南帕拉,Nanpara,reference
IN,249436,瑙坦瓦,Nautanwa,reference
IN,301389,纳瓦布甘杰,Nawabganj (Bara Banki),phonetic_translation
IN,249154,纳瓦布甘杰,Nawabganj(Bareilly),phonetic_translation
IN,249422,纳瓦布甘杰,Nawabganj(Gonda),phonetic_translation
IN,248920,内赫陶尔,Nehtaur,reference
IN,248923,努尔普尔,Noorpur,phonetic_translation
IN,249297,奥莱伊,Orai,reference
IN,249452,伯德劳纳,Padrauna,reference
IN,249176,帕利亚卡兰,Palia Kalan,reference
IN,249198,皮哈尼,Pihani,reference
IN,249160,比利皮德,Pilibhit,reference
IN,248990,皮尔库瓦,Pilkhuwa,reference
IN,249167,波瓦扬,Powayan,phonetic_translation
IN,249369,普拉亚格拉吉,Prayagraj,reference
IN,249518,穆加尔萨赖,Pt Deen Dayal Nagar(Mughalsarai),reference
IN,249279,普克拉延,Pukhrayan,reference
IN,249165,普兰普尔,Puranpur,reference
IN,249241,拉埃巴雷利,Rae Bareli,reference
IN,248943,兰布尔,Rampur,reference
IN,249495,拉斯拉,Rasra,reference
IN,249326,拉斯,Rath,reference
IN,249547,罗伯特甘杰,Robertsganj,phonetic_translation
IN,249388,鲁道利,Rudauli,reference
IN,248873,萨哈兰普尔,Saharanpur,reference
IN,249123,萨哈斯万,Sahaswan,reference
IN,248934,萨巴哈尔,Sambhal,reference
IN,249301,萨姆塔尔,Samthar,reference
IN,249202,桑迪,Sandi,reference
IN,249209,桑迪拉,Sandila,reference
IN,248955,萨尔达纳,Sardhana,reference
IN,248875,萨尔萨万,Sarsawan,phonetic_translation
IN,248921,塞奥哈拉,Seohara,reference
IN,249197,沙哈巴德,Shahabad,phonetic_translation
IN,249501,沙赫根杰,Shahganj,reference
IN,297802,沙哈贾汗普尔,Shahjahanpur,phonetic_translation
IN,248888,沙姆利,Shamli,reference
IN,249071,沙姆斯巴德,Shamsabad,phonetic_translation
IN,248918,谢尔果德,Sherkot,reference
IN,249015,希卡普尔,Shikarpur,phonetic_translation
IN,249082,希戈哈巴德,Shikohabad,reference
IN,249008,西亚纳,Siana,phonetic_translation
IN,249427,瑙嘎尔,Siddharth Nagar (Tetri Bazar),reference
IN,249033,西坎德拉拉奥,Sikandra Rao,reference
IN,249003,西坎德拉巴德,Sikandrabad,reference
IN,249083,西尔萨甘杰,Sirsaganj,reference
IN,249438,西斯瓦巴扎尔,Siswa Bazar,reference
IN,249189,希塔布尔,Sitapur,phonetic_translation
IN,249084,索龙,Soron,reference
IN,248939,苏拉,Suar,phonetic_translation
IN,249404,苏丹普尔,Sultanpur,phonetic_translation
IN,248940,塔纳,Tanda,phonetic_translation
IN,249396,塔纳,Tanda (Ambedkar Nagar),phonetic_translation
IN,248925,塔库尔德瓦拉,Thakurdwara,reference
IN,249170,蒂尔哈尔,Tilhar,reference
IN,249075,通德拉,Tundla,reference
IN,249125,乌贾尼,Ujhani,reference
IN,249223,乌瑙,Unnao,reference
IN,249417,乌特劳拉,Utraula,reference
IN,249531,瓦拉纳西,Varanasi,reference
IN,249516,赞玛尼雅,Zamania,reference
IN,248449,阿尔莫拉,Almora,reference
IN,248447,巴盖什沃尔,Bageshwar,reference
IN,248467,巴杰普尔,Bajpur,phonetic_translation
IN,248410,巴拉哈特-乌塔尔卡什,Barahat-Uttarkashi,phonetic_translation
IN,248409,伯尔果德,Barkot,reference
IN,259826,贝林加,Berinag,phonetic_translation
IN,248456,比姆塔尔,Bhimtal,phonetic_translation
IN,248455,布瓦利,Bhowali,phonetic_translation
IN,248423,昌巴,Chamba,phonetic_translation
IN,248414,昌利戈什瓦尔,Chamoli Gopeshwar,phonetic_translation
IN,248451,金巴沃德,Champawat,reference
IN,262842,钦尼亚利索尔,Chiniyalisaur,phonetic_translation
IN,248430,德拉敦,Dehradun,reference
IN,248421,德沃普拉耶格,Devprayag,reference
IN,248444,达尔楚拉,Dharchula,reference
IN,248445,迪希哈特,Didihat,phonetic_translation
IN,248440,多加达,Dogadda,reference
IN,248433,多伊瓦拉,Doiwala,reference
IN,248469,加达普尔,Gadarpur,phonetic_translation
IN,262883,甘戈利哈特,Gangolihat,phonetic_translation
IN,248416,戈查尔,Gochar,phonetic_translation
IN,248459,哈尔德瓦尼,Haldwani-Cumkathgodam,reference
IN,248485,赫里德瓦尔,Haridwar,reference
IN,248428,赫尔贝尔特普尔,Herbertpur,reference
IN,248462,贾斯普尔,Jaspur,phonetic_translation
IN,248413,乔斯希马特,Joshimath,reference
IN,248458,卡拉东格伊,Kaladhungi,reference
IN,248441,科特德瓦拉,Kanvnagri Kotdwar,reference
IN,248417,卡尔恩普拉耶格,Karnaprayag,reference
IN,248463,卡希普尔,Kashipur,phonetic_translation
IN,248477,卡缇玛,Khatima,reference
IN,248474,基恰,Kichha,reference
IN,248486,拉克萨尔,Laksar,reference
IN,248450,洛哈加特,Lohaghat,reference
IN,248465,玛乌卡赫冈杰,Mahua Kheraganj,phonetic_translation
IN,248482,芒格劳尔,Manglaur,reference
IN,248426,穆尼基雷蒂-达尔瓦拉,Munikireti-Dhalwala,phonetic_translation
IN,248429,穆索里,Mussoorie,reference
IN,299528,纳格拉,Nagla,phonetic_translation
IN,248424,纳伦德拉纳加尔,Narendranagar,reference
IN,248438,包里,Pauri,reference
IN,248446,比托拉格尔,Pithoragarh,reference
IN,262841,普罗拉,Purola,phonetic_translation
IN,248457,兰姆纳嘎尔,Ramnagar,reference
IN,277190,拉尼凯特,Ranikhet Chiliyanaula,reference
IN,248434,里希盖什,Rishikesh,reference
IN,248478,罗奥尔凯埃,Roorkee,reference
IN,248419,鲁德拉普拉耶格,Rudraprayag,reference
IN,248471,鲁德拉普尔,Rudrapur,reference
IN,262858,谢里瓦克纳格尔,Shivalik Nagar,phonetic_translation
IN,305322,西鲁阿利卡尔兰,Sirauli Kalan,phonetic_translation
IN,248476,西塔尔甘杰,Sitarganj,reference
IN,248437,斯利那加,Srinagar,reference
IN,248452,塔纳克普尔,Tanakpur,reference
IN,248422,特赫里,Tehri,reference
IN,248427,维卡斯纳加尔,Vikasnagar,reference
IN,249958,阿利普尔杜阿尔,Alipurduar,manual
IN,250168,阿拉姆巴格,Arambag,reference
IN,250032,阿散索尔,Asansol,reference
IN,250128,阿斯霍克纳加尔卡尔英格阿尔,Ashokenagar Kalyangarh,reference
IN,250134,巴杜里亚,Baduria,reference
IN,250175,拜迪亚巴蒂,Baidyabati,reference
IN,250246,巴尔伊,Bally,reference
IN,249989,巴卢尔加特,Balurghat,reference
IN,250209,班库拉,Bankura,reference
IN,250170,班斯贝里亚,Bansberia,reference
IN,250141,伯勒讷格尔,Baranagar,reference
IN,250135,巴拉斯特,Barasat,phonetic_translation
IN,250132,巴克拉普尔,Barrackpur,phonetic_translation
IN,250304,巴鲁伊普尔,Baruipur,reference
IN,250147,巴西尔哈特,Basirhat,reference
IN,250001,贝尔达加,Beldanga,phonetic_translation
IN,249999,巴哈拉姆普尔,Berhampore,reference
IN,250173,巴德雷斯瓦尔,Bhadreswar,reference
IN,250125,帕德巴拉,Bhatpara,reference
IN,250145,比丹纳格尔,Bidhannagar,phonetic_translation
IN,250100,比尔纳格尔,Birnagar,phonetic_translation
IN,250210,比什诺普尔,Bishnupur,phonetic_translation
IN,250028,博尔布尔,Bolpur,reference
IN,250121,邦格阿奥恩,Bongaon,reference
IN,250301,布德盖布德盖,Budge Budge,reference
IN,289244,布尼亚德普尔,Buniadpur,phonetic_translation
IN,250038,巴尔达曼,Burdwan,reference
IN,250103,恰克达哈,Chakdaha,reference
IN,250174,恰姆普达尼,Champdany,reference
IN,250172,金德讷格尔,Chandannagar,reference
IN,250226,钱德拉科纳,Chandrakona,reference
IN,250236,琼泰,Contai,reference
IN,249975,库奇贝哈尔,Cooch Behar,reference
IN,250036,戴纳哈特,Dainhat,phonetic_translation
IN,249985,达尔科拉,Dalkhola,phonetic_translation
IN,298972,丹孔尼,Dankuni,phonetic_translation
IN,249946,大吉岭,Darjeeling,reference
IN,249995,杜利亚恩,Dhulian,reference
IN,249970,杜普古里,Dhupguri,reference
IN,250305,迪亚蒙德哈尔博乌尔,Diamond Harbour,reference
IN,249977,丁哈塔,Dinhata,reference
IN,273007,多姆卡尔,Domkal,phonetic_translation
IN,250027,杜布拉杰普尔,Dubrajpur,reference
IN,250143,杜姆杜姆,Dum Dum,reference
IN,250034,杜尔加布尔,Durgapur,reference
IN,250235,埃格拉,Egra,reference
IN,249991,埃恩格利斯赫巴扎尔,English Bazar,reference
IN,299774,法拉卡塔,Falakata,reference
IN,249988,冈格阿拉姆普尔,Gangarampore,reference
IN,250129,加鲁利亚,Garulia,reference
IN,250105,盖耶什普尔,Gayeshpur,phonetic_translation
IN,250229,加塔尔,Ghatal,reference
IN,250126,戈巴尔当格阿,Gobardanga,reference
IN,250037,古斯卡拉,Guskara,reference
IN,250127,哈布拉,Habra,reference
IN,250234,霍尔迪亚,Haldia,reference
IN,249972,哈尔迪巴里,Haldibari,reference
IN,250123,哈利萨哈尔,Halisahar,reference
IN,273006,哈林加塔,Haringhata,phonetic_translation
IN,250171,胡格利-钦苏拉,Hooghly Chinsurah,reference
IN,250247,豪拉,Howrah,reference
IN,249982,伊斯兰普尔,Islampore,reference
IN,249956,杰尔拜古里,Jalpaiguri,reference
IN,249996,江格尔普尔,Jangipur,phonetic_translation
IN,250306,杰纳格尔马希尔普尔,Jaynagar Mazilpur,phonetic_translation
IN,250214,贾尔达,Jhalda,phonetic_translation
IN,250231,贾尔格拉姆,Jhargram,reference
IN,249997,贾加甘杰阿齐姆甘杰,Jiaganj Azimganj,phonetic_translation
IN,249984,卡利亚甘杰,Kaliaganj,reference
IN,249947,噶伦堡,Kalimpong,reference
IN,250040,加尔纳,Kalna,reference
IN,250104,卡利亚尼,Kalyani,reference
IN,250140,卡马尔哈蒂,Kamarhati,reference
IN,250122,坎奇拉帕拉,Kanchrapara,reference
IN,250000,坎迪,Kandi,reference
IN,250035,卡特瓦,Katwa,reference
IN,250232,克勒格布尔,Kharagpur,reference
IN,250228,卡哈尔,Kharar,phonetic_translation
IN,250137,卡尔达哈,Khardah,reference
IN,250227,克斯希尔派,Khirpai,reference
IN,250299,加尔各答,Kolkata,phonetic_translation
IN,250178,科纳加尔,Konnagar,reference
IN,250096,克里斯赫纳纳加尔,Krishnanagar,reference
IN,249949,库尔塞奥恩格,Kurseong,reference
IN,250136,马迪亚姆格拉姆,Madhyamgram,reference
IN,250300,马赫斯赫塔拉,Maheshtala,reference
IN,249955,马尔,Mal,phonetic_translation
IN,249974,马塔邦格阿,Mathabhanga,reference
IN,301103,梅纳古里,Maynaguri,phonetic_translation
IN,249973,梅克利甘杰,Mekliganj,phonetic_translation
IN,250039,梅马里,Memari,reference
IN,250230,梅迪尼布尔,Midnapore,reference
IN,249998,穆尔希达巴德,Murshidabad,reference
IN,250097,纳巴德维普,Nabadwip,reference
IN,250124,奈哈蒂,Naihati,reference
IN,253250,纳拉哈提,Nalhati,phonetic_translation
IN,250139,新巴克拉普尔,New Barrackpore,phonetic_translation
IN,250131,巴拉克普尔,North Barrackpore,reference
IN,250142,北杜姆杜姆,North Dum Dum,phonetic_translation
IN,249990,老马尔达,Old Malda,phonetic_translation
IN,250138,帕尼哈蒂,Panihati,reference
IN,253229,帕斯库拉,Panskura,phonetic_translation
IN,250302,普贾利,Pujali,reference
IN,250215,普鲁里亚,Purulia,reference
IN,250213,拉古纳普尔,Raghunathpur,phonetic_translation
IN,249983,赖根杰,Raiganj,reference
IN,250303,拉杰普尔索纳尔普尔,Rajpur Sonarpur,reference
IN,250225,拉姆吉邦布尔,Ramjibanpur,reference
IN,250024,拉姆普尔哈特,Rampurhat,reference
IN,250101,拉纳加特,Ranaghat,reference
IN,250177,里斯赫拉,Rishra,reference
IN,250025,赛恩蒂亚,Sainthia,reference
IN,250099,桑蒂普尔,Santipur,phonetic_translation
IN,250176,塞兰坡,Serampore,reference
IN,249957,西里古里,Siliguri,reference
IN,250208,索纳穆基,Sonamukhi,reference
IN,250144,南杜姆杜姆,South Dum Dum,phonetic_translation
IN,250026,苏里,Suri,reference
IN,250148,塔基,Taki,phonetic_translation
IN,250233,塔尔马利帕特,Tamralipta,phonetic_translation
IN,250169,塔拉凯斯瓦尔,Tarakeswar,reference
IN,250133,蒂塔加尔,Titagarh,reference
IN,249976,图方格阿恩杰,Tufanganj,reference
IN,250248,乌卢贝里亚,Uluberia,reference
IN,250179,乌塔帕拉科特隆,Uttarpara Kotrung,phonetic_translation
KZ,103620100,阿亚古兹,Ayagoz,reference
KZ,101810000,库尔恰托夫市,Kurchatov,reference
KZ,101010000,塞米伊,Semey,reference
KZ,104221100,恰尔斯克,Shar,reference
KZ,113220100,阿科尔,Akkol',phonetic_translation
KZ,113820100,阿特巴萨尔,Atbasar,reference
KZ,115420100,克涅萨热,Derzhavinsk,reference
KZ,114820100,埃西尔,Esil,reference
KZ,111010000,科克舍套,Kokshetau,reference
KZ,114020100,马金斯克,Makinsk,reference
KZ,111610000,科什,Qosshy,phonetic_translation
KZ,117020100,休钦斯克,Shchuchinsk,reference
KZ,111810000,斯捷普诺戈尔斯克,Stepnogorsk,reference
KZ,114520100,斯捷普尼亚克,Stepnyak,reference
KZ,114620100,叶里门多,Yereymentau,reference
KZ,151010000,阿克托别,Aktobe,reference
KZ,153220100,阿尔加,Algha,reference
KZ,154823100,埃姆比,Embi,phonetic_translation
KZ,154820100,坎德阿加什,Kandyagash,reference
KZ,156020100,克罗姆塔乌,Khromtau,phonetic_translation
KZ,156420100,沙尔卡尔,Shalqar,reference
KZ,155621100,铁米尔,Temir,reference
KZ,154825100,热姆,Zhem,phonetic_translation
KZ,750000000,阿拉木图,Almaty,reference
KZ,191810000,阿拉套,Alatau,phonetic_translation
KZ,194020100,伊塞克,Esik,reference
KZ,195220100,卡斯克连,Kaskelen,reference
KZ,191010000,卡普恰盖,Konayev,reference
KZ,196220100,塔尔加尔,Talghar,reference
KZ,710000000,阿斯塔纳,Astana,reference
KZ,231010000,阿特劳,Atyrau,reference
KZ,233620100,库利萨雷,Qulsary,reference
KZ,634820100,阿勒泰,Altay,reference
KZ,632410000,里德,Ridder,reference
KZ,634821100,谢列布良斯克,Serebryansk,reference
KZ,636820100,舍莫奈哈,Shemonaikha,reference
KZ,631010000,厄斯克门,Ust-Kamenogorsk,reference
KZ,634620100,斋桑,Zaysan,reference
KZ,316220100,卡拉套,Karatau,reference
KZ,316621100,楚城,Shu,reference
KZ,311010000,塔拉兹,Taraz,reference
KZ,316020100,扎纳塔斯,Zhangatas,reference
KZ,334820100,萨尔坎德,Sarqan,reference
KZ,331010000,塔尔迪库尔干,Taldykorgan,reference
KZ,331810000,铁克利,Tekeli,reference
KZ,333420100,乌沙拉尔,Usharal,reference
KZ,334420100,乌什托别,Ushtobe,reference
KZ,334620100,扎尔肯特,Zharkent,reference
KZ,353220100,阿拜 (哈萨克),Abay,reference
KZ,351610000,巴尔喀什,Balqash,reference
KZ,351010000,卡拉干达,Karagandy,reference
KZ,352110000,普里奥焦尔斯克,Priozersk,reference
KZ,354820100,卡拉盖雷,Qarqaraly,reference
KZ,352210000,萨兰,Saran,reference
KZ,352810000,沙赫特,Shakhtinsk,phonetic_translation
KZ,352410000,铁米尔套,Temirtau,reference
KZ,391610000,阿尔卡雷克,Arkalyk,reference
KZ,391010000,库斯塔奈,Kostanay,reference
KZ,392010000,利萨科夫斯克,Lisakovsk,reference
KZ,392410000,鲁德内,Rudnyy,reference
KZ,395420100,托博尔,Tobol,phonetic_translation
KZ,394420100,杰特加拉,Zhitikara,reference
KZ,433220100,阿拉尔斯克,Aral,reference
KZ,431910000,拜科努,Baikonur,reference
KZ,434423100,卡札林斯克,Kazalinsk,reference
KZ,431010000,克孜勒奥尔达,Kyzylorda,reference
KZ,471010000,阿克套,Aktau,reference
KZ,475220100,舍甫琴柯堡,Fort-Shevchenko,reference
KZ,471810000,扎瑙津,Zhanaozen,reference
KZ,593620100,布拉耶沃,Bulayevo,reference
KZ,595220100,马姆柳特卡,Mamlyutka,reference
KZ,591010000,彼得罗巴甫尔,Petropavl,reference
KZ,595620100,谢尔盖耶夫卡,Sergeyevka,reference
KZ,596020100,泰恩沙,Taiynsha,reference
KZ,551610000,阿克苏 (哈萨克),Aksu,reference
KZ,552210000,埃基巴斯图兹,Ekibastuz,reference
KZ,551010000,巴甫洛达尔,Pavlodar,reference
KZ,790000000,希姆肯特,Shymkent,reference
KZ,611610000,阿雷西,Arys,reference
KZ,612010000,肯套,Kentau,reference
KZ,615820100,连格尔,Lenger,reference
KZ,615420100,萨雷阿加什,Saryaghash,reference
KZ,616420100,沙尔达拉,Shardara,reference
KZ,611010000,图尔克斯坦,Turkistan,reference
KZ,613820100,热孜拜,Zhetysay,phonetic_translation
KZ,621810000,卡拉扎尔,Qarazhal,reference
KZ,622010000,萨特帕耶夫,Satpayev,reference
KZ,621010000,杰兹卡兹甘,Zhezqazghan,reference
KZ,273620100,阿克赛,Aqsay,reference
KZ,271010000,乌拉尔,Oral,reference
KG,41705258600010,艾达尔肯,Aydarken,phonetic_translation
KG,41705410000010,巴特肯,Batken,reference
KG,41705258610020,卡达吉亚,Kadamjay,phonetic_translation
KG,41705430000010,克孜勒基亚,Kyzyl-Kyya,reference
KG,41705236610010,伊斯法纳,Razzakov,reference
KG,41705420000010,苏柳克塔,Suluktu,reference
KG,41711000000000,比什凯克,Bishkek,reference
KG,41708410000010,坎特,Kant,reference
KG,41708420000010,卡拉巴尔塔,Kara-Balta,reference
KG,41708219600010,凯因迪,Kayyngdy,phonetic_translation
KG,41708213610020,凯明,Kemin,reference
KG,41708213600010,奥洛夫卡,Orlovka,phonetic_translation
KG,41708222600010,绍波科夫,Shopokov,reference
KG,41708400000010,托克马克,Tokmok,reference
KG,41702420000010,巴雷克奇,Balykchy,reference
KG,41702215600010,乔尔蓬阿塔,Cholpon-Ata,reference
KG,41702410000010,卡拉科尔,Karakol,reference
KG,41703207600010,巴扎尔库尔干,Bazar-Korgon,reference
KG,41703440000010,卡拉库尔,Kara-Kul,reference
KG,41703211610010,凯尔本,Kerben,reference
KG,41703215600010,科奇科尔阿塔,Kochkor-Ata,reference
KG,41703220600010,科克扬加克,Kok-Jangak,reference
KG,41703430000010,梅卢苏,Mailuu-Suu,phonetic_translation
KG,41703410000010,贾拉拉巴德,Manas,reference
KG,41703215600020,沙马尔迪-赛,Shamaldy-Say,phonetic_translation
KG,41703420000010,塔什库梅尔,Tash-Kumyr,reference
KG,41703225600010,托克托古尔,Toktogul,reference
KG,41704400000010,纳伦,Naryn,reference
KG,41721000000000,奥什,Osh,reference
KG,41706207600010,古尔乔,Gulcho,phonetic_translation
KG,41706226600010,卡拉苏,Kara-Suu,reference
KG,41706242600010,诺库特,Nookat,phonetic_translation
KG,41706255600010,乌兹根,Uzgen,reference
KG,41707400000010,塔拉斯,Talas,reference
TJ,1221714,希萨尔,Hisor,reference
TJ,1220701,鲁贡,Roghun,phonetic_translation
TJ,1282601,图尔孙扎德,Tursunzoda,reference
TJ,1220855,瓦赫达特,Vahdat,reference
TJ,1221874,杜尚别,Dushanbe,reference
TJ,1221328,霍罗格,Khorugh,reference
TJ,1220747,博赫塔尔,Bokhtar,reference
TJ,1221194,库洛布,Kulob,reference
TJ,1221549,列瓦坎特,Levakant,phonetic_translation
TJ,1220905,努雷克,Norak,reference
TJ,1538311,布斯通,Buston,reference
TJ,1514883,古利斯通,Guliston,reference
TJ,1514896,伊斯法拉,Isfara,reference
TJ,1220253,伊斯塔拉夫尚,Istaravshan,reference
TJ,1514829,伊斯蒂克洛尔,Istiqlol,reference
TJ,1514879,苦盏,Khujand,reference
TJ,1514891,科尼博多姆,Konibodom,reference
TJ,1220798,彭吉肯特,Panjakent,reference
UZ,1703401,安集延,Andijon,reference
UZ,1703224501,阿萨卡,Asaka,reference
UZ,1703211501,贾洛库杜格,Jalolquduq,phonetic_translation
UZ,1703227501,马哈马特,Marhamat,phonetic_translation
UZ,1703232501,帕斯塔布,Paxtaobod,phonetic_translation
UZ,1703214501,波图格,Poytug,phonetic_translation
UZ,1703220501,库尔贡特佩,Qo`rg`ontepa,phonetic_translation
UZ,1703220505,库拉索夫,Qorasuv,phonetic_translation
UZ,1703230501,沙赫里汉,Shahrixon,reference
UZ,1703236501,霍贾布多,Xo`jaobod,phonetic_translation
UZ,1703408,左诺波德,Xonobod,phonetic_translation
UZ,1706401,布哈拉,Buxoro,reference
UZ,1706215501,吉日杜万,G'ijduvon,reference
UZ,1706207501,加拉奥斯约诺,Galaosiyo,phonetic_translation
UZ,1706242505,加兹里,Gazli,phonetic_translation
UZ,1706230501,卡拉库尔,Karakul,reference
UZ,1706403,科贡,Kogon,reference
UZ,1706204501,阿拉特,Olot,reference
UZ,1706232501,科罗武尔博佐尔,Qorovulbozor,phonetic_translation
UZ,1706242501,罗曼坦,Romitan,phonetic_translation
UZ,1706258501,索弗克翁,Shofirkon,phonetic_translation
UZ,1706212501,沃布肯特,Vobkent,reference
UZ,1730215501,比沙里克,Beshariq,phonetic_translation
UZ,1730401,费尔干纳,Fargʻona,reference
UZ,1730412,马尔吉兰,Margʻilon,reference
UZ,1730405,浩罕,Qoʻqon,reference
UZ,1730218501,库瓦,Quva,phonetic_translation
UZ,1730408,库瓦索尔,Quvasoy,phonetic_translation
UZ,1730224501,里什顿,Rishton,reference
UZ,1730203508,廷奇克,Tinchlik,phonetic_translation
UZ,1730230501,贾伊潘,Yaypan,phonetic_translation
UZ,1708218503,达什托博德,Dashtobod,phonetic_translation
UZ,1708215501,友谊,Do'stlik,phonetic_translation
UZ,1708209501,加拉奥罗尔,G'allaorol,phonetic_translation
UZ,1708223501,加加林,Gagarin,phonetic_translation
UZ,1708401,吉扎克,Jizzax,reference
UZ,1708228501,帕克托拉克,Paxtakor,phonetic_translation
UZ,1735207501,白露倪,Beruniy,reference
UZ,1735250501,波士顿,Bo`ston,phonetic_translation
UZ,1735240501,奇姆博伊,Chimboy,phonetic_translation
UZ,1735204501,曼吉特,Manghit,phonetic_translation
UZ,1735222501,木伊那克,Muynoq,reference
UZ,1735401,努库斯,Nukus,reference
UZ,1735215501,昆格勒,Qunghirot,reference
UZ,1735243501,舒曼纳伊,Shumanay,phonetic_translation
UZ,1735228501,塔希阿托什市,Taxiatosh,reference
UZ,1735233501,图尔特库尔,Turtkul,reference
UZ,1735212505,哈里奥布德,Xalqobod,phonetic_translation
UZ,1735236501,霍杰伊利,Xo'jayli,reference
UZ,1714236501,乔尔乔戈拉,Chortoq,phonetic_translation
UZ,1714237501,丘斯特,Chust,reference
UZ,1714216501,哈拉巴图尔,Haqqulobod,phonetic_translation
UZ,1714207501,卡桑赛,Kosonsoy,reference
UZ,1714401,纳曼干,Namangan,reference
UZ,1714219501,帕普,Pop,reference
UZ,1714224501,图拉库尔干,To`raqo`rg`on,reference
UZ,1714234501,乌奇库尔干,Uchqurghon,reference
UZ,1712412,戈兹根,Gʻozgʻon,phonetic_translation
UZ,1712401,纳沃伊,Navoiy,reference
UZ,1712238501,努罗塔,Nurota,reference
UZ,1712216501,齐齐尔特佩,Qiziltepa,phonetic_translation
UZ,1712248501,乌斯昆布,Uchquduq,phonetic_translation
UZ,1712251501,杨里阿特,Yangirabot,phonetic_translation
UZ,1712408,扎拉夫尚,Zarafshon,reference
UZ,1710224501,比什凯克,Beshkent,phonetic_translation
UZ,1710242501,奇罗基,Chiroqchi,phonetic_translation
UZ,1710207501,古佐尔,G'uzor,reference
UZ,1710232501,基托布,Kitob,phonetic_translation
UZ,1710229501,科松,Koson,phonetic_translation
UZ,1710234501,穆博拉克,Muborak,phonetic_translation
UZ,1710220501,卡马什,Qamashi,phonetic_translation
UZ,1710401,卡尔希,Qarshi,reference
UZ,1710405,沙赫里萨布兹,Shahrisabz,reference
UZ,1710235505,塔利马尔乔恩,Tallimarjon,phonetic_translation
UZ,1710250501,雅克博格,Yakkabog`,phonetic_translation
UZ,1710235501,阳吉诺什,Yangi-Nishon,phonetic_translation
UZ,1718206501,布伦古尔,Bulung'ur,reference
UZ,1718224502,切拉克,Chelak,phonetic_translation
UZ,1718212501,伊什蒂克辛,Ishtixon,phonetic_translation
UZ,1718209501,乔姆博伊,Jomboy,phonetic_translation
UZ,1718227501,朱马,Juma,reference
UZ,1718406,卡塔库尔干,Kattaqoʻrgʻon,reference
UZ,1718235501,纳鲁博德,Nurobod,phonetic_translation
UZ,1718218501,奥克托什,Oqtosh,phonetic_translation
UZ,1718224501,帕亚里奇,Payariq,phonetic_translation
UZ,1718401,撒马尔罕,Samarqand,reference
UZ,1718236501,乌尔古特,Urgut,reference
UZ,1724231503,巴赫特,Baxt,phonetic_translation
UZ,1724401,古利斯坦,Guliston,reference
UZ,1724410,希林,Shirin,phonetic_translation
UZ,1724231501,锡尔达利亚,Sirdaryo,reference
UZ,1724413,扬吉耶尔,Yangiyer,reference
UZ,1722204501,柏伊森,Boysun,reference
UZ,1722210501,德诺夫,Denov,reference
UZ,1722212501,贾尔乔贡,Jarqo`rg`on,phonetic_translation
UZ,1722214501,库姆乔贡,Qumqo`rg`on,phonetic_translation
UZ,1722217505,沙尔贡,Sharg`un,phonetic_translation
UZ,1722223501,谢罗布德,Sherobod,phonetic_translation
UZ,1722226501,肖尔奇,Sho'rchi,phonetic_translation
UZ,1722401,铁尔米兹,Termiz,reference
UZ,1726,塔什干,Tashkent,reference
UZ,1727407,安格连,Angren,reference
UZ,1727413,贝科博德,Bekobod,reference
UZ,1727228501,博卡,Bo`ka,phonetic_translation
UZ,1727256501,奇诺兹,Chinoz,phonetic_translation
UZ,1727419,奇尔奇克,Chirchiq,reference
UZ,1727233501,杜斯特博德,Do`stobod,phonetic_translation
UZ,1727224501,加扎尔肯特市,G'azalkent,reference
UZ,1727265501,克勒斯,Keles,phonetic_translation
UZ,1727401,努拉夫尚,Nurafshon,reference
UZ,1727415,阿汉加兰,Ohangaron,reference
UZ,1727404,阿尔马雷克,Olmaliq,reference
UZ,1727206501,奥科尔贡,Oqqo'rg'on,manual
UZ,1727249501,帕尔肯特,Parkent,reference
UZ,1727250501,皮斯肯特,Piskent,reference
UZ,1727407505,杨贾巴德,Yangiobod,reference
UZ,1727424,扬吉尤利,Yangiyoʻl,reference
UZ,1733220505,皮塔克,Pitnak,phonetic_translation
UZ,1733401,乌尔根奇,Urganch,reference
UZ,1733406,希瓦,Xiva,reference
TM,13562212,金兹河,Altyn asyr,phonetic_translation
TM,1219812,巴达伊汗,Babadaýhan,phonetic_translation
TM,162158,巴哈尔登,Bäherden,reference
TM,161950,格奥克捷佩,Gökdepe,reference
TM,161901,卡赫卡,Kaka,reference
TM,1218456,谢拉赫斯,Sarahs,reference
TM,1218239,捷詹,Tejen,reference
TM,162199,安纳乌,Änew,reference
TM,13526673,阿卡达格,Arkadag,reference
TM,162183,阿什哈巴德,Ashgabat,reference
TM,161616,巴尔坎纳巴德,Balkanabat,reference
TM,161974,卡赞吉克,Bereket,reference
TM,161371,埃森古利,Esenguly,phonetic_translation
TM,161370,埃特列克,Etrek,reference
TM,601758,卡拉博加兹,Garabogaz,reference
TM,161931,克孜勒阿尔巴特,Gyzylarbat,reference
TM,161980,马格廷古利,Magtymguly,phonetic_translation
TM,601594,土库曼巴希,Türkmenbaşy,reference
TM,601551,阿克代佩,Akdepe,reference
TM,601432,安达勒普,Andalyp,phonetic_translation
TM,601661,博尔图姆萨兹,Boldumsaz,phonetic_translation
TM,601734,达沙古兹,Daşoguz,reference
TM,601460,古巴达格,Gubadag,phonetic_translation
TM,601475,古罗格利,Görogly,phonetic_translation
TM,601608,库尼亚乌尔根奇,Köneürgenç,reference
TM,601532,突尔肯别,Saparmyrat Türkmenbaşy,phonetic_translation
TM,1514745,沙巴特,Şabat,phonetic_translation
TM,1514801,达甘塔,Darganata,phonetic_translation
TM,1219513,友谊,Dostluk,phonetic_translation
TM,1219525,达内韦,Dänew,phonetic_translation
TM,1219431,法拉普,Farap,reference
TM,1219148,加拉贝克乌尔,Garabekewül,phonetic_translation
TM,1514792,加佐伊克,Gazojak,phonetic_translation
TM,1218987,哈拉恰,Halaç,phonetic_translation
TM,1218928,霍贾巴兹,Hojambaz,phonetic_translation
TM,1219002,阿塔穆拉特,Kerki,reference
TM,1219647,科伊腾达格,Köýtendag,phonetic_translation
TM,1219392,高尔达克,Magdanly,reference
TM,1218477,萨卡尔,Sakar,phonetic_translation
TM,1218436,萨雅特,Saýat,phonetic_translation
TM,1218420,赛迪,Seýdi,phonetic_translation
TM,1219649,土库曼纳巴德,Türkmenabat,reference
TM,1219762,巴伊拉姆阿里,Baýramaly,reference
TM,1218667,马雷,Mary,reference
TM,1218612,穆尔加布,Murgap,reference
TM,1218472,萨卡尔哲格,Sakarçäge,phonetic_translation
TM,1219377,库什卡,Serhetabat,reference
TM,1218195,土库姆巴拉,Türkmengala,phonetic_translation
TM,1218021,约洛坦,Ýolöten,reference
TM,1218401,沙特力克,Şatlyk,phonetic_translation
AM,616953,阿帕兰,Aparan,reference
AM,616877,阿什塔拉克,Ashtarak,reference
AM,616187,塔林,Talin,phonetic_translation
AM,174991,亚拉腊,Ararat,reference
AM,174979,阿尔塔沙特,Artashat,reference
AM,616435,马西斯,Masis,reference
AM,174725,韦迪,Vedi,reference
AM,616631,阿尔马维尔,Armavir,reference
AM,823807,梅茨马霍尔,Metsamor,phonetic_translation
AM,616062,瓦加尔沙帕特,Vagharshapat,reference
AM,616786,昌巴拉克,Chambarak,reference
AM,616599,加瓦尔,Gavar,reference
AM,616438,马特尼,Martuni,phonetic_translation
AM,616250,塞凡,Sevan,reference
AM,616108,瓦尔代尼斯,Vardenis,reference
AM,617026,阿博维扬,Abovyan,reference
AM,616790,比尤雷加万,Byureghavan,reference
AM,616785,恰伦察万,Charentsavan,reference
AM,616629,赫拉兹丹,Hrazdan,reference
AM,616362,新阿钦,Nor Hachn,reference
AM,616160,察赫卡佐尔,Tsaghkadzor,reference
AM,616065,耶格瓦尔德,Yeghvard,reference
AM,616995,阿克塔拉,Akhtala,phonetic_translation
AM,616974,阿拉韦尔迪,Alaverdi,reference
AM,616239,沙姆卢格,Shamlugh,reference
AM,616199,斯皮塔克,Spitak,reference
AM,616194,斯捷潘纳万,Stepanavan,reference
AM,616178,塔希尔,Tashir,reference
AM,616742,图马尼扬,Tumanyan,reference
AM,616530,瓦纳佐尔,Vanadzor,reference
AM,616887,阿尔蒂克,Artik,reference
AM,616635,久姆里,Gyumri,reference
AM,616446,马拉利克,Maralik,reference
AM,175008,阿加拉克,Agarak,reference
AM,174927,达斯塔凯特,Dastakert,reference
AM,174895,戈里斯,Goris,reference
AM,174880,卡贾兰,Kajaran,reference
AM,174875,卡潘,Kapan,reference
AM,174823,梅格里,Meghri,reference
AM,174763,锡西安,Sisian,reference
AM,616840,艾鲁姆,Ayrum,reference
AM,616802,贝尔德,Berd,reference
AM,616752,迪利然,Dilijan,reference
AM,616627,伊杰万,Ijevan,reference
AM,616333,诺延贝良,Noyemberyan,reference
AM,174884,杰尔穆克,Jermuk,reference
AM,174726,瓦伊克,Vayk,reference
AM,174710,耶盖格纳佐尔,Yeghegnadzor,reference
AM,616052,叶里温,Yerevan,reference
AZ,585915,黑尔达兰,Khirdalan,reference
AZ,587378,阿格达什,Agdash,reference
AZ,148619,阿格达姆,Aghdam,reference
AZ,587379,阿格达拉,Aghdara,reference
AZ,587384,阿格贾贝迪,Aghjabadi,reference
AZ,587362,阿格斯塔法,Aghstafa,reference
AZ,587361,阿赫苏,Aghsu,reference
AZ,148445,阿斯塔拉,Astara,reference
AZ,148413,巴贝克,Babek,reference
AZ,587084,巴库,Baku,reference
AZ,587070,巴拉肯,Balakan,reference
AZ,587057,巴尔达,Barda,reference
AZ,148354,贝拉甘,Beylagan,reference
AZ,148340,比拉亚苏瓦尔,Bilasuvar,reference
AZ,586765,达什凯桑,Dashkasan,reference
AZ,148106,菲祖利,Fuzuli,reference
AZ,148003,霍拉迪兹,Horadiz,reference
AZ,586573,凯达贝克,Gadabay,reference
AZ,586523,占贾,Ganja,reference
AZ,585570,古布斯坦,Gobustan,phonetic_translation
AZ,586794,达利姆马德利,Dalimammadli,phonetic_translation
AZ,586430,戈兰博伊,Goranboy,reference
AZ,586427,盖奥克恰伊,Goychay,reference
AZ,584716,汉拉尔,Goygol,reference
AZ,585225,卡齐穆罕默德,Hajigabul,reference
AZ,147982,伊米什利,Imishli,reference
AZ,586318,伊斯梅尔雷,Ismayilli,reference
AZ,148141,杰布拉伊尔,Jabrayil,reference
AZ,146862,盖特佩,Goytepe,reference
AZ,148290,希尔堡,Jalilabad,reference
AZ,148251,朱利法,Julfa,reference
AZ,586268,克尔巴贾尔,Kalbajar,reference
AZ,584717,哈奇马斯,Khachmaz,reference
AZ,584715,胡达特,Khudat,reference
AZ,146970,汉肯德,Khankendi,reference
AZ,585909,希济,Khizi,phonetic_translation
AZ,147774,霍贾雷,Khojaly,reference
AZ,146969,霍贾文德,Khojavend,reference
AZ,585763,丘尔达米尔,Kurdamir,reference
AZ,147625,拉钦,Lachin,reference
AZ,147622,连科兰,Lankaran,reference
AZ,147316,利曼,Liman,phonetic_translation
AZ,147611,勒里克,Lerik,phonetic_translation
AZ,147552,马萨雷,Masalli,reference
AZ,585514,明盖恰乌尔,Mingachevir,reference
AZ,585400,纳夫塔兰,Naftalan,reference
AZ,147429,纳希切万,Nakhchivan,reference
AZ,147425,涅夫捷恰拉,Neftchala,reference
AZ,585333,奥古兹,Oghuz,reference
AZ,147368,奥尔杜巴德,Ordubad,reference
AZ,585231,盖贝莱,Qabala,reference
AZ,585227,卡希,Qakh,reference
AZ,585226,哈萨克,Qazakh,reference
AZ,585221,库巴,Quba,reference
AZ,147305,库巴特雷,Qubadli,reference
AZ,585220,库萨雷,Qusar,reference
AZ,147288,萨特雷,Saatli,reference
AZ,585187,萨比拉巴德,Sabirabad,reference
AZ,147271,萨利亚内,Salyan,reference
AZ,585177,萨姆克,Samukh,phonetic_translation
AZ,586763,迪维奇,Shabran,reference
AZ,147278,沙赫布兹,Shahbuz,reference
AZ,585156,沙马基,Shamakhi,reference
AZ,585152,沙姆基尔,Shamkir,reference
AZ,146858,沙鲁尔,Sharur,reference
AZ,585170,舍基,Sheki,reference
AZ,148565,希尔万,Shirvan,reference
AZ,147105,舒沙,Shusha,reference
AZ,584954,锡阿赞,Siyazan,reference
AZ,584923,苏姆盖特,Sumgayit,reference
AZ,584871,泰尔泰尔,Tartar,reference
AZ,585802,科瓦尔,Qovlar,phonetic_translation
AZ,584821,塔乌兹,Tovuz,reference
AZ,584791,乌贾雷,Ujar,reference
AZ,146961,亚尔德姆雷,Yardimli,reference
AZ,584649,叶夫拉赫,Yevlakh,reference
AZ,146901,赞格兰,Zangilan,reference
AZ,584596,扎卡塔雷,Zaqatala,reference
AZ,584586,扎尔达布,Zardab,phonetic_translation
GE,614622,加格拉,Gagra,reference
GE,614613,加利,Gali,reference
GE,614409,古达乌塔,Gudauta,reference
GE,612660,新阿索斯,New Athos,phonetic_translation
GE,612652,奥恰姆奇拉,Ochamchire,reference
GE,611847,苏呼米,Sokhumi,reference
GE,611583,特克瓦尔切利,Tkvarcheli,reference
GE,615532,巴统,Batumi,reference
GE,613762,科布莱蒂,Kobuleti,reference
GE,613311,兰奇胡蒂,Lanchkhuti,reference
GE,612536,奥祖尔盖蒂,Ozurgeti,reference
GE,615607,巴格达蒂,Baghdati,reference
GE,615211,奇阿图拉,Chiatura,reference
GE,613902,霍尼,Khoni,reference
GE,613607,库塔伊西,Kutaisi,phonetic_translation
GE,612256,萨奇海雷,Sachkhere,reference
GE,612126,萨姆特雷迪亚,Samtredia,reference
GE,611682,泰尔焦拉,Terjola,reference
GE,611584,特基布利市镇,Tkibuli,reference
GE,824288,茨卡尔图博,Tskaltubo,reference
GE,611219,瓦尼,Vani,reference
GE,610864,泽斯塔波尼,Zestaponi,reference
GE,615844,阿赫玛塔,Akhmeta,phonetic_translation
GE,615005,德杜普利斯特卡罗,Dedoplistskaro,phonetic_translation
GE,614351,古尔贾阿尼,Gurjaani,reference
GE,612338,克瓦雷利,Kvareli,reference
GE,613342,拉戈代希,Lagodekhi,reference
GE,612230,萨加雷焦,Sagarejo,reference
GE,611902,锡格纳希,Sighnaghi,reference
GE,611694,泰拉维,Telavi,reference
GE,611373,茨诺里,Tsnori,reference
GE,615419,博尔尼西,Bolnisi,reference
GE,614891,杜马尼西,Dmanisi,phonetic_translation
GE,614575,加尔达巴尼,Gardabani,reference
GE,613074,马尔内乌利,Marneuli,phonetic_translation
GE,612287,鲁斯塔维,Rustavi,reference
GE,611674,泰特里茨卡罗,Tetritskaro,reference
GE,611548,察尔卡,Tsalka,reference
GE,614843,杜舍蒂,Dusheti,reference
GE,612890,姆茨赫塔,Mtskheta,reference
GE,615776,安布罗劳里,Ambrolauri,reference
GE,612592,奥尼,Oni,reference
GE,611566,茨杰里,Tsageri,phonetic_translation
GE,616022,阿巴沙,Abasha,reference
GE,615140,奇霍罗特库,Chkhorotsku,phonetic_translation
GE,614740,季瓦里,Jvari,reference
GE,613918,霍比,Khobi,reference
GE,613065,马尔特维利,Martvili,reference
GE,612366,波蒂,Poti,reference
GE,612053,塞纳基,Senaki,reference
GE,611551,察伦吉哈,Tsalenjikha,reference
GE,610824,祖格迪迪,Zugdidi,reference
GE,615893,阿哈尔卡拉基,Akhalkalaki,reference
GE,615860,阿哈尔齐赫,Akhaltsikhe,reference
GE,615403,博尔若米,Borjomi,reference
GE,612691,尼诺茨明达,Ninotsminda,reference
GE,611230,瓦莱,Vale,reference
GE,614455,哥里,Gori,reference
GE,7669163,卡雷利,Kareli,phonetic_translation
GE,614104,卡斯皮,Kaspi,reference
GE,613988,哈舒里,Khashuri,reference
GE,611717,第比利斯,Tbilisi,reference
GE,611403,茨欣瓦利,Tskhinvali,reference
IR,3007,查赫巴格,Chaharbagh,phonetic_translation
IR,3005,埃什泰哈德,Eshtehard,reference
IR,3006,法尔迪斯,Fardis,reference
IR,3002,哈什特盖尔德,Hashtgerd,reference
IR,3001,卡拉季,Karaj,reference
IR,3003,纳扎拉巴德,Nazarabad,reference
IR,3004,塔莱甘,Taleghan,reference
IR,2412,阿古特,Angut,phonetic_translation
IR,2401,阿尔达比勒,Ardabil,reference
IR,2411,阿斯兰杜兹,Aslan Duz,phonetic_translation
IR,2402,比勒苏瓦尔,Bilesuvar,phonetic_translation
IR,2405,盖尔米,Germi,phonetic_translation
IR,2407,基维,Givi,reference
IR,2403,哈勒哈勒,Khalkhal,reference
IR,2404,梅什金沙赫尔,Meshginshahr,reference
IR,2408,纳明,Namin,phonetic_translation
IR,2409,尼尔,Nir,reference
IR,2406,帕尔萨巴德,Parsabad,reference
IR,2410,萨雷因,Sareyn,phonetic_translation
IR,1802,阿赫拉姆,Ahram,reference
IR,1810,阿萨卢耶,Asaluyeh,reference
IR,1808,代拉姆港,Bandar Deylam,reference
IR,1805,代耶尔港,Bandar Deyr,reference
IR,1807,加纳韦,Bandar Ganaveh,reference
IR,1806,坎甘,Bandar Kangan,reference
IR,1803,博拉兹詹,Borazjan,reference
IR,1801,布什尔,Bushehr,reference
IR,1809,贾姆,Jam,reference
IR,1804,霍尔穆季,Khormoj,reference
IR,1410,阿拉尼,Aluni,phonetic_translation
IR,1405,阿尔达勒,Ardal,reference
IR,1409,本,Ben,phonetic_translation
IR,1401,博鲁真,Borujen,reference
IR,1406,切尔加德,Chelgard,phonetic_translation
IR,1412,法罗克沙赫,Farrokh Shahr,phonetic_translation
IR,1403,法萨兰,Farsan,phonetic_translation
IR,1404,洛尔代甘,Lordegan,reference
IR,1411,哈利夫马尔,Mal-e Khalifeh,phonetic_translation
IR,1408,萨曼,Saman,reference
IR,1402,沙赫尔库尔德,Shahr-e Kord,reference
IR,1407,沙拉姆扎尔,Shalamzar,reference
IR,0302,阿哈尔,Ahar,reference
IR,0325,阿贾布希尔,Ajab Shir,phonetic_translation
IR,0321,阿扎尔沙赫,Azarshahr,phonetic_translation
IR,0312,博纳卜,Bonab,reference
IR,0313,博斯坦阿巴德,Bostanabad,phonetic_translation
IR,0311,哈什特鲁德,Hashtrud,reference
IR,0316,赫里斯,Heris,phonetic_translation
IR,0327,胡兰德,Hurand,phonetic_translation
IR,0319,焦勒法,Jolfa,reference
IR,0315,卡莱巴尔,Kaleybar,reference
IR,0326,霍马尔卢,Khomarlu,reference
IR,0328,莱利安,Leylan,phonetic_translation
IR,0320,马莱坎,Malekan,reference
IR,0306,马拉盖,Maragheh,reference
IR,0307,马兰德,Marand,reference
IR,0310,米亚内,Mianeh,reference
IR,0322,奥斯库,Osku,reference
IR,0323,卡拉阿加贾,Qarah Aghaj,phonetic_translation
IR,0305,萨拉卜,Sarab,reference
IR,0314,沙贝斯塔尔,Shabestar,reference
IR,0303,大不里士,Tabriz,reference
IR,0329,托尔坎彻亚,Torkamanchay,phonetic_translation
IR,0324,瓦尔扎甘,Varzaqan,reference
IR,0701,阿巴代,Abadeh,reference
IR,0735,阿巴代赫塔什克,Abadeh Tashk,reference
IR,0706,阿达卡坎,Ardakan,phonetic_translation
IR,0717,阿肯色,Arsanjan,reference
IR,0734,巴布安纳,Bab Anar,phonetic_translation
IR,0731,贝泽,Beyza,phonetic_translation
IR,0705,达拉卜,Darab,reference
IR,0703,埃格利德,Eqlid,reference
IR,0702,埃斯塔赫巴纳特,Estahban,reference
IR,0736,埃瓦兹,Evaz,reference
IR,0722,法拉什班德,Farashband,phonetic_translation
IR,0708,法萨,Fasa,reference
IR,0709,法拉什班德,Firuzabad,reference
IR,0727,盖拉什,Gerash,reference
IR,0719,哈吉阿巴德,Hajjiabad,reference
IR,0704,贾赫罗姆,Jahrom,reference
IR,0737,朱约姆,Juyom,reference
IR,0728,卡瓦尔,Kavar,reference
IR,0710,卡泽伦,Kazerun,reference
IR,0729,卡拉米,Kharameh,reference
IR,0724,洪季,Khonj,reference
IR,0732,科尔希,Korehi,phonetic_translation
IR,0715,拉默尔德,Lamerd,reference
IR,0711,拉尔,Lar,reference
IR,0712,马夫达沙特,Marvdasht,reference
IR,0726,马西里,Masiri,reference
IR,0721,莫尔,Mohr,phonetic_translation
IR,0714,内里兹,Neyriz,reference
IR,0713,努拉巴德,Nurabad,reference
IR,0733,凯米耶,Qaemiyeh,phonetic_translation
IR,0720,吉尔,Qir,reference
IR,0723,萨阿达特沙赫尔,Saadat Shahr,phonetic_translation
IR,0718,代比德,Safashahr,reference
IR,0725,萨尔韦斯坦,Sarvestan,reference
IR,0707,设拉子,Shiraz,reference
IR,0716,巴瓦纳特,Surian,reference
IR,0730,扎尔甘,Zarqan,reference
IR,0113,阿姆拉什,Amlash,reference
IR,0102,阿斯塔内耶阿什拉菲耶,Astaneh-ye Ashrafiyeh,reference
IR,0101,阿斯塔拉,Astara,reference
IR,0103,安扎利港,Bandar-e Anzali,reference
IR,0109,富曼,Fuman,reference
IR,0117,霍姆姆,Khomam,phonetic_translation
IR,0111,拉希詹,Lahijan,reference
IR,0110,兰加鲁德,Langarud,reference
IR,0116,马萨尔,Masal,phonetic_translation
IR,0105,拉什特,Rasht,reference
IR,0114,日万沙,Rezvanshahr,reference
IR,0106,鲁德巴尔,Rudbar,reference
IR,0107,鲁德萨尔,Rudsar,reference
IR,0112,沙夫特,Shaft,reference
IR,0115,西哈卡尔,Siahkal,phonetic_translation
IR,0108,苏梅埃萨拉,Sowme'eh Sara,reference
IR,0104,哈什特帕尔,Talesh,reference
IR,2703,阿里阿巴德-卡图尔,Aliabad-e Katul,phonetic_translation
IR,2708,阿克拉拉,Aqqala,phonetic_translation
IR,2710,阿扎德沙赫,Azadshahr,reference
IR,2701,班德·加兹,Bandar Gaz,phonetic_translation
IR,2702,托尔卡曼港,Bandar Torkaman,reference
IR,2714,加利卡什,Galikash,phonetic_translation
IR,2713,戈米,Gomishan,phonetic_translation
IR,2706,贡巴德卡武斯,Gonbad-e Kavus,reference
IR,2705,戈尔甘,Gorgan,reference
IR,2709,卡拉勒,Kalaleh,phonetic_translation
IR,2704,科尔德库伊,Kordkuy,reference
IR,2712,马腊韦·塔佩赫,Maraveh Tappeh,phonetic_translation
IR,2707,明达什特,Minudasht,phonetic_translation
IR,2711,拉迈安,Ramian,phonetic_translation
IR,1306,阿萨达巴德,Asadabad,reference
IR,1307,巴哈尔,Bahar,reference
IR,1309,法曼因,Famenin,phonetic_translation
IR,1304,哈马丹,Hamadan,reference
IR,1305,卡布达拉杭,Kabudarahang,reference
IR,1302,马拉耶尔,Malayer,reference
IR,1303,纳哈万德,Nahavand,reference
IR,1310,哥韦-达尔加津,Qorveh-e Dargazin,phonetic_translation
IR,1308,拉赞,Razan,reference
IR,1301,图伊萨尔坎,Tuyserkan,reference
IR,2201,阿布穆萨,Abu Musa,reference
IR,2202,阿巴斯港,Bandar Abbas,reference
IR,2210,班达尔哈米尔,Bandar Khamir,reference
IR,2203,伦格港,Bandar Lengeh,reference
IR,2209,巴斯塔克,Bastak,reference
IR,2208,哈吉阿巴德,Hajjiabad,phonetic_translation
IR,2206,贾斯克,Jask,reference
IR,2205,米纳卜,Minab,reference
IR,2211,帕尔希安,Parsian,phonetic_translation
IR,2204,格什姆,Qeshm,reference
IR,2207,代赫巴雷兹,Rudan,reference
IR,2213,萨尔达什,Sardasht,phonetic_translation
IR,2212,锡里克港,Sirik,reference
IR,1606,阿卜达南,Abdanan,reference
IR,1608,阿拉克瓦兹,Arakvaz,phonetic_translation
IR,1610,巴德雷,Badreh,phonetic_translation
IR,1612,恰瓦尔,Chavar,reference
IR,1602,达尔希哈,Darreh Shahr,phonetic_translation
IR,1603,代赫洛兰,Dehloran,reference
IR,1607,巴格沙,Eyvan-gharb,reference
IR,1601,伊拉姆,Ilam,reference
IR,1609,卢马尔,Lumar,phonetic_translation
IR,1605,梅赫兰,Mehran,reference
IR,1604,萨拉贝赫,Sarableh,phonetic_translation
IR,1611,托威赫,Towhid,phonetic_translation
IR,1018,阿兰·瓦比格霍,Aran va Bidgol,phonetic_translation
IR,1001,阿雷斯坦,Ardestan,phonetic_translation
IR,1024,比因·瓦·米安达什,Buin va Miandasht,phonetic_translation
IR,1020,查德根,Chadegan,phonetic_translation
IR,1006,达兰,Daran,phonetic_translation
IR,1021,德哈干,Dehaqan,phonetic_translation
IR,1022,杜瓦巴德,Dowlatabad,phonetic_translation
IR,1008,法拉瓦吉安,Falavarjan,phonetic_translation
IR,1007,费雷敦沙赫尔,Fereydunshahr,reference
IR,1011,戈勒派耶甘,Golpayegan,reference
IR,1028,哈兰德,Harand,phonetic_translation
IR,1002,伊斯法罕,Isfahan,reference
IR,1010,卡尚,Kashan,reference
IR,1003,霍梅尼沙赫尔,Khomeyni Shahr,reference
IR,1023,库尔,Khur,phonetic_translation
IR,1004,霍万萨尔,Khvansar,phonetic_translation
IR,1025,库帕耶,Kuhpayeh,phonetic_translation
IR,1017,莫巴雷克,Mobarakeh,phonetic_translation
IR,1013,纳因,Nain,reference
IR,1014,纳杰法巴德,Najafabad,reference
IR,1015,纳坦兹,Natanz,reference
IR,1026,尼卡巴德,Nikabad,phonetic_translation
IR,1005,塞米罗姆,Semirom,reference
IR,1016,萨因沙赫尔,Shahin Shahr,reference
IR,1009,沙阿礼萨,Shahreza,reference
IR,1019,提尔安,Tiran,phonetic_translation
IR,1027,瓦尔扎,Varzaneh,reference
IR,1012,扎林沙赫尔,Zarrin Shahr,reference
IR,0820,阿纳尔,Anar,reference
IR,0812,安巴拉巴德,Anbarabad,phonetic_translation
IR,0823,阿鲁齐耶,Arzuiyeh,phonetic_translation
IR,0801,巴夫特,Baft,phonetic_translation
IR,0802,巴姆,Bam,reference
IR,0810,巴尔德西,Bardsir,phonetic_translation
IR,0819,法赫拉杰,Fahraj,phonetic_translation
IR,0822,法拉拜,Faryab,phonetic_translation
IR,0824,贡巴基,Gonbaki,phonetic_translation
IR,0803,吉罗夫特,Jiroft,reference
IR,0809,卡努吉,Kahnuj,phonetic_translation
IR,0808,克尔曼,Kerman,reference
IR,0814,库班南,Kuhbanan,phonetic_translation
IR,0813,曼朱,Manujan,phonetic_translation
IR,0817,穆罕默德阿巴德,Mohammadabad,phonetic_translation
IR,0821,纳尔马希尔,Narmashir,phonetic_translation
IR,0816,加吉勒,Qaleh Ganj,phonetic_translation
IR,0818,拉博尔,Rabor,reference
IR,0804,拉夫桑詹,Rafsanjan,reference
IR,0811,拉瓦尔,Ravar,phonetic_translation
IR,0815,鲁德巴尔,Rudbar,phonetic_translation
IR,0807,沙赫拉-埃-巴巴克,Shahr-e Babak,phonetic_translation
IR,0806,锡尔詹,Sirjan,reference
IR,0805,扎兰德,Zarand,reference
IR,0825,泽-埃-卡尔乌特,Zeh-e Kalut,phonetic_translation
IR,0501,哈鲁纳巴德,Eslamabad-e Gharb,reference
IR,0508,西吉兰,Gilan-e Gharb,reference
IR,0511,哈尔辛,Harsin,reference
IR,0509,贾万鲁德,Javanrud,reference
IR,0507,坎加瓦尔,Kangavar,reference
IR,0513,盖伦-埃-加尔布,Kerend-e Gharb,phonetic_translation
IR,0502,克尔曼沙阿,Kermanshah,reference
IR,0503,帕韦,Paveh,reference
IR,0506,席林堡,Qasr-e Shirin,reference
IR,0514,拉万萨尔,Ravansar,reference
IR,0510,萨赫内,Sahneh,reference
IR,0504,萨尔波勒扎哈卜,Sarpol-e Zahab,reference
IR,0505,松戈尔,Sonqor,reference
IR,0512,塔泽哈巴德,Tazehabad,reference
IR,0601,阿巴丹,Abadan,reference
IR,0626,阿加贾里,Aghajari,reference
IR,0603,阿瓦士,Ahvaz,reference
IR,0628,阿尔万,Alvan,reference
IR,0602,安迪梅什克,Andimeshk,reference
IR,0615,巴赫·马列克,Bagh-e Malek,reference
IR,0605,马赫沙赫尔港,Bandar-e Mahshahr,reference
IR,0606,贝赫贝汉,Behbahan,reference
IR,0629,德赫代兹,Dehdez,manual
IR,0608,迪兹富勒,Dezful,reference
IR,0620,戈特万德,Gotvand,manual
IR,0622,哈夫特盖勒,Haftkel,reference
IR,0625,哈米迪耶,Hamidiyeh,reference
IR,0618,亨迪詹,Hendijan,reference
IR,0623,霍韦伊泽,Hoveyzeh,reference
IR,0604,伊泽,Izeh,reference
IR,0607,霍拉姆沙赫尔,Khorramshahr,reference
IR,0627,阿卜杜拉-埃-库特,Kut-e Abdollah,phonetic_translation
IR,0617,拉利,Lali,reference
IR,0613,马斯吉德苏莱曼,Masjed Soleyman,reference
IR,0624,拉明,Mollasani,reference
IR,0616,欧米迪耶,Omidiyeh,reference
IR,0621,哈利-耶-克哈吉,Qaleh-ye Khvajeh,phonetic_translation
IR,0610,拉姆霍尔木兹,Ramhormoz,reference
IR,0619,拉姆希尔,Ramshir,reference
IR,0630,赛杜恩,Seydun,phonetic_translation
IR,0611,沙代甘,Shadegan,reference
IR,0614,舒什,Shush,reference
IR,0612,舒什塔尔,Shushtar,reference
IR,0609,苏桑盖尔德,Susangerd,reference
IR,1707,巴什特,Basht,reference
IR,1706,查拉姆,Choram,reference
IR,1702,库赫吉卢耶,Dehdasht,reference
IR,1703,加奇萨兰,Dogonbadan,reference
IR,1708,伦代,Landeh,reference
IR,1705,利卡克,Likak,phonetic_translation
IR,1709,马戈温,Margown,phonetic_translation
IR,1704,锡萨赫特,Sisakht,reference
IR,1701,亚苏季,Yasuj,reference
IR,1201,巴内,Baneh,reference
IR,1202,比贾尔,Bijar,reference
IR,1210,代赫戈兰,Dehgolan,reference
IR,1207,迪万达雷,Divandarreh,reference
IR,1208,卡米亚兰,Kamyaran,reference
IR,1206,马里万,Marivan,reference
IR,1205,戈尔韦,Qorveh,reference
IR,1204,萨南达季,Sanandaj,reference
IR,1203,萨盖兹,Saqqez,reference
IR,1209,萨尔瓦巴德,Sarvabad,reference
IR,1509,阿拉什塔尔,Aleshtar,reference
IR,1501,阿里古达尔兹,Aligudarz,reference
IR,1507,阿兹纳,Azna,phonetic_translation
IR,1502,博鲁杰尔德,Borujerd,reference
IR,1511,查加博尔,Chaqabol,phonetic_translation
IR,1505,道鲁德,Dorud,reference
IR,1503,霍拉马巴德,Khorramabad,reference
IR,1506,库赫达什特,Kuhdasht,reference
IR,1512,马穆兰,Mamulan,phonetic_translation
IR,1504,努拉巴德,Nurabad,reference
IR,1508,多克塔尔河口,Pol-e Dokhtar,phonetic_translation
IR,1510,道勒赫尔沙巴,Sarab-e Dowreh,phonetic_translation
IR,0001,阿拉克,Arak,reference
IR,0002,阿什提扬,Ashtian,reference
IR,0005,代利詹,Delijan,reference
IR,0013,法尔马欣,Farmahin,reference
IR,0004,霍梅恩,Khomein,reference
IR,0012,洪达卜,Khondab,reference
IR,0011,科米,Komijan,phonetic_translation
IR,0009,马哈拉特,Mahallat,reference
IR,0010,马穆尼耶,Mamuniyeh,reference
IR,0006,萨韦,Saveh,reference
IR,0007,沙赞德,Shazand,reference
IR,0003,塔夫雷什,Tafresh,reference
IR,0224,阿巴萨巴德,Abbasabad,reference
IR,0201,阿莫勒,Amol,reference
IR,0202,巴博勒,Babol,reference
IR,0216,巴博勒萨尔,Babolsar,reference
IR,0204,贝赫沙赫尔,Behshahr,reference
IR,0220,恰卢斯,Chalus,reference
IR,0223,费雷杜克纳尔,Fereydunkenar,reference
IR,0222,伽卢伽,Galugah,reference
IR,0221,朱伊巴尔,Juybar,reference
IR,0228,卡拉达斯特,Kelardasht,reference
IR,0226,基亚科拉,Kiakola,reference
IR,0218,马哈茂达巴德,Mahmudabad,reference
IR,0219,内卡,Neka,reference
IR,0215,瑙沙赫尔,Nowshahr,reference
IR,0214,努尔,Nur,reference
IR,0208,坡·雪菲德,Pol-e Sefid,reference
IR,0210,加埃姆沙赫尔,Qaem Shahr,reference
IR,0206,拉姆萨尔,Ramsar,reference
IR,0207,萨里,Sari,reference
IR,0227,希尔加,Shirgah,phonetic_translation
IR,0225,苏拉克,Surak,phonetic_translation
IR,0205,通卡邦,Tonekabon,reference
IR,2806,阿什汗,Ashkhaneh,phonetic_translation
IR,2802,博季努尔德,Bojnord,reference
IR,2801,埃斯法拉延,Esfarayen,reference
IR,2805,法鲁吉,Faruj,phonetic_translation
IR,2807,加姆赫,Garmeh,phonetic_translation
IR,2803,贾贾尔姆,Jajram,reference
IR,2810,皮什加勒,Pish Qaleh,phonetic_translation
IR,2808,拉兹,Raz,phonetic_translation
IR,2809,萨菲阿巴德,"Safiabad, North Khorasan",phonetic_translation
IR,2804,希尔凡,Shirvan,reference
IR,2604,阿卜耶克,Abyek,reference
IR,2605,阿尔万德,Alvand,phonetic_translation
IR,2606,阿瓦吉,Avaj,phonetic_translation
IR,2601,比因扎赫拉,Buin Zahra,phonetic_translation
IR,2603,加兹温,Qazvin,reference
IR,2602,塔凯斯坦,Takestan,reference
IR,2502,贾法里耶,Jafariyeh,phonetic_translation
IR,2503,卡哈克,Kahak,reference
IR,2501,库姆,Qom,reference
IR,0931,贝,Bajestan,phonetic_translation
IR,0937,巴赫拉兹,Bakharz,phonetic_translation
IR,0923,巴尔达斯坎,Bardaskan,reference
IR,0918,恰纳兰,Chenaran,phonetic_translation
IR,0907,达尔加兹,Dargaz,reference
IR,0939,达瓦尔赞,Davarzan,phonetic_translation
IR,0935,杜瓦塔巴德,"Dowlatabad, Razavi Khorasan",phonetic_translation
IR,0945,埃什哈巴德,Eshqabad,phonetic_translation
IR,0922,法里曼,Fariman,reference
IR,0930,费兹,Feyzabad,phonetic_translation
IR,0933,菲鲁泽,Firuzeh,phonetic_translation
IR,0944,戈尔巴哈尔,Golbahar,phonetic_translation
IR,0915,戈纳巴德,Gonabad,reference
IR,0934,约格塔伊,Joghatai,phonetic_translation
IR,0928,卡尔特,Kalat,phonetic_translation
IR,0914,卡什马尔,Kashmar,reference
IR,0919,卡夫,Khaf,reference
IR,0929,哈利勒阿巴德,Khalilabad,phonetic_translation
IR,0916,马什哈德,Mashhad,reference
IR,0936,内卡布,Neqab,phonetic_translation
IR,0917,尼沙普尔,Nishapur,reference
IR,0942,加德马格赫,Qadamgah,phonetic_translation
IR,0913,古昌,Quchan,reference
IR,0941,里瓦什,Rivash,phonetic_translation
IR,0927,罗斯赫卡尔,Roshtkhar,phonetic_translation
IR,0908,萨卜泽瓦尔,Sabzevar,reference
IR,0940,萨勒哈巴德,Salehabad,phonetic_translation
IR,0920,萨拉赫斯,Sarakhs,reference
IR,0943,谢斯塔马德,Sheshtamad,phonetic_translation
IR,0938,索尔坦阿巴德,Soltanabad,phonetic_translation
IR,0904,泰巴德,Taybad,reference
IR,0905,托尔巴特海达里耶,Torbat-e Heydarieh,reference
IR,0906,托尔巴特贾姆,Torbat-e Jam,reference
IR,0932,托尔卡贝,Torqabeh,phonetic_translation
IR,2006,阿拉丹,Aradan,reference
IR,2001,达姆甘,Damghan,reference
IR,2004,加姆萨尔,Garmsar,reference
IR,2005,桑格萨尔,Mahdishahr,reference
IR,2007,梅亚米,Meyami,phonetic_translation
IR,2002,塞姆南,Semnan,reference
IR,2003,沙赫鲁德,Shahrud,reference
IR,2008,索尔赫市,Sorkheh,reference
IR,1115,阿迪米,Adimi,phonetic_translation
IR,1120,班布尔,Bampur,reference
IR,1102,恰巴哈尔,Chabahar,reference
IR,1111,杜斯穆罕默德,Dust Mohammad,phonetic_translation
IR,1125,埃斯帕克赫,Espakeh,phonetic_translation
IR,1119,法努吉,Fanuj,phonetic_translation
IR,1112,加尔穆尔蒂,Galmurti,phonetic_translation
IR,1101,伊朗沙赫尔,Iranshahr,reference
IR,1124,贾拉克,Jaleq,reference
IR,1103,哈什,Khash,reference
IR,1109,康拉克,Konarak,phonetic_translation
IR,1113,梅赫拉斯坦,Mehrestan,phonetic_translation
IR,1117,米尔贾韦,Mirjaveh,reference
IR,1116,穆罕默德阿巴德,Mohammadabad,phonetic_translation
IR,1122,内古尔,Negur,phonetic_translation
IR,1107,聂赫尔,Nik Shahr,reference
IR,1121,努卡巴德,Nukabad,phonetic_translation
IR,1118,甘德堡,Qasr-e Qand,reference
IR,1108,拉萨克,Rask,phonetic_translation
IR,1106,萨拉万,Saravan,reference
IR,1123,萨尔巴兹,Sarbaz,phonetic_translation
IR,1114,苏兰,Suran,phonetic_translation
IR,1104,扎博勒,Zabol,reference
IR,1105,扎黑丹,Zahedan,reference
IR,1126,扎拉巴德,Zarabad,phonetic_translation
IR,1110,泽哈克,Zehak,phonetic_translation
IR,2902,阿萨迪耶,Asadiyeh,phonetic_translation
IR,2901,比尔詹德,Birjand,reference
IR,2908,博什鲁耶,Boshruyeh,phonetic_translation
IR,2912,埃什巴德,Eshqabad,phonetic_translation
IR,2907,费尔道斯,Ferdows,reference
IR,2909,哈吉阿巴德,Hajjiabad,phonetic_translation
IR,2910,库斯夫,Khusf,phonetic_translation
IR,2905,内赫班丹,Nehbandan,reference
IR,2904,加延,Qaen,reference
IR,2906,萨拉亚恩,Sarayan,phonetic_translation
IR,2903,萨尔比谢赫,Sarbisheh,phonetic_translation
IR,2911,塔巴斯,Tabas,reference
IR,2302,达马万德,Damavand,reference
IR,2310,埃斯兰夏尔,Eslamshahr,reference
IR,2314,菲鲁兹库,Firuzkuh,reference
IR,2317,马拉德,Malard,reference
IR,2319,纳西姆沙赫,Nasimshahr,phonetic_translation
IR,2313,帕克达什特,Pakdasht,reference
IR,2320,帕尔迪斯,Pardis,phonetic_translation
IR,2318,皮什瓦,Pishva,reference
IR,2321,卡尔恰克,Qarchak,reference
IR,2316,戈德斯,Qods,reference
IR,2303,拉格斯,Ray,reference
IR,2312,罗巴特卡里姆,Robat Karim,reference
IR,2309,沙赫黎亚,Shahriar,reference
IR,2304,谢米兰,Shemiran,reference
IR,2301,德黑兰,Tehran,reference
IR,2306,瓦拉明,Varamin,reference
IR,0419,巴鲁格,Baruq,reference
IR,0410,博坎,Bukan,reference
IR,0418,四堡,Chahar Borj,phonetic_translation
IR,0403,霍伊,Khoy,reference
IR,0407,马哈巴德,Mahabad,reference
IR,0406,马库,Maku,reference
IR,0408,米扬道阿卜,Miandoab,reference
IR,0420,米拉巴德,Mirabad,phonetic_translation
IR,0409,纳加代,Naqadeh,reference
IR,0413,奥什诺维耶,Oshnavieh,reference
IR,0402,皮兰沙赫尔,Piranshahr,reference
IR,0415,波勒达什特,Poldasht,reference
IR,0416,加雷齐亚丁,Qarah Zia od Din,reference
IR,0405,萨勒马斯,Salmas,reference
IR,0404,萨尔达什特,Sardasht,reference
IR,0411,萨因代日,Shahin Dezh,reference
IR,0417,肖特,Showt,phonetic_translation
IR,0414,黑眼,Siah Cheshmeh,phonetic_translation
IR,0412,塔卡卜,Takab,reference
IR,0401,乌尔米耶,Urmia,reference
IR,2107,阿巴尔古,Abarkuh,reference
IR,2101,阿尔达坎,Ardakan,reference
IR,2108,阿什卡扎尔,Ashkezar,reference
IR,2102,巴法克,Bafq,reference
IR,2111,贝哈巴德,Behabad,phonetic_translation
IR,2109,赫拉特,Herat,phonetic_translation
IR,2112,马瓦斯特,Marvast,phonetic_translation
IR,2104,梅赫里兹,Mehriz,reference
IR,2106,梅博德,Meybod,reference
IR,2103,塔夫特,Taft,reference
IR,2105,亚兹德,Yazd,reference
IR,2113,扎尔赫,Zarch,phonetic_translation
IR,1908,阿巴尔,Ab Bar,reference
IR,1901,阿卜哈尔,Abhar,reference
IR,1907,霍拉姆达雷,Khorramdarreh,reference
IR,1909,马纳什安,Mah Neshan,phonetic_translation
IR,1903,盖达尔,Qeydar,reference
IR,1910,苏丹尼耶,Soltaniyeh,reference
IR,1904,赞詹,Zanjan,reference
IR,1906,扎里纳巴德,Zarrinabad,reference
IQ,99344,阿林迪亚,Al Hindīyah,phonetic_translation
IQ,90831,阿因塔姆尔,‘Ayn Tamr,phonetic_translation
IQ,94824,卡尔巴拉,Karbala,manual
IQ,99375,哈姆扎,Al Ḩamzah,phonetic_translation
IQ,98629,沙米亚,Ash Shāmīyah,reference
IQ,99738,阿法克,‘Afak,reference
IQ,99762,迪瓦尼耶,Al Diwaniyah,manual
IQ,99434,加马斯,Nahiyat Ghammas,manual
IQ,98589,希纳菲耶,Nāḩiyat ash Shināfīyah,manual
IQ,96205,哈拉卜贾,Halabja,manual
IQ,447741,乔曼,Choman,phonetic_translation
IQ,94220,科伊桑贾克,Koysinceq,manual
IQ,93818,迈赫穆尔,Mexmur,reference
IQ,93455,梅尔加瑟,Mêrgasur,phonetic_translation
IQ,91083,舍格拉沃,Shaqlāwah,reference
IQ,96961,苏拉恩,Soran,phonetic_translation
IQ,96833,赫巴特,Xebat,phonetic_translation
IQ,92002,拉万迪兹,Ṟuwandiz,reference
IQ,95446,埃尔比勒,Erbil,manual
IQ,446732,哈里法恩,Khalīfān,phonetic_translation
IQ,91696,皮尔马姆,Pīrmām,phonetic_translation
IQ,96046,哈里尔,Ḩarir,phonetic_translation
IQ,98156,巴赫拉卡,Baḥarkah,phonetic_translation
IQ,446185,达雷图,Dare Tû,phonetic_translation
IQ,95804,希拉恩,Hīrān,phonetic_translation
IQ,446208,哈斯纳赞,Khasnahzān,phonetic_translation
IQ,446174,库什特佩,Qushtepe,phonetic_translation
IQ,98304,阿因卡瓦赫,‘Aynkāwah,phonetic_translation
IQ,390188,哈维贾,Al Ḩawījah,phonetic_translation
IQ,97001,迪比斯,Dibis,phonetic_translation
IQ,90220,达古克,Dāqūq,phonetic_translation
IQ,94787,基尔库克,Kirkuk,manual
IQ,90199,塔扎赫库尔马图,Tāzah Khūrmātū,phonetic_translation
IQ,95224,阿巴西,Al ‘Abbāsī,manual
IQ,98697,里亚德,Ar Riyāḑ,manual
IQ,99454,费卢杰,Al Fallūjah,manual
IQ,92138,卡伊姆,Al Qā’im,manual
IQ,98677,鲁特拜,Ar Ruţbah,reference
IQ,95788,希特,Hīt,reference
IQ,92004,拉瓦,Rāwah,reference
IQ,96309,哈迪塞,Ḩadīthah,reference
IQ,6765385,阿纳赫,‘Anah,phonetic_translation
IQ,98717,拉马迪,Ramadi,manual
IQ,95886,哈克拉尼耶,Al Ḩaqlānīyah,phonetic_translation
IQ,99524,巴阿贾,Al Ba‘āj,phonetic_translation
IQ,99413,哈达尔,Al Ḩaḑar,phonetic_translation
IQ,98293,艾因锡夫尼,Ash Shaykhān,reference
IQ,448149,辛贾尔,Sinjār,reference
IQ,90393,泰勒阿费尔,Tall ‘Afar,reference
IQ,90353,特勒科普,Tallkayf,reference
IQ,98822,阿格拉,‘Aqrah,reference
IQ,99072,摩苏尔,Mosul,manual
IQ,92430,加拉格什,Al-Hamdaniya,reference
IQ,97890,巴尔塔拉,Barţalah,phonetic_translation
IQ,6999619,凯斯盖拉,Kays Qal‘ah,manual
IQ,99003,盖亚拉,Al Qayyārah,reference
IQ,100050,阿比·阿尔·卡西布,Abī al Khaşīb,phonetic_translation
IQ,99446,法奥,Al Fāw,reference
IQ,99106,麦地那,Al Madīnah,phonetic_translation
IQ,98993,古尔奈,Al Qurnah,reference
IQ,98245,祖拜尔,Az Zubayr,reference
IQ,99532,巴士拉,Basrah,manual
IQ,89824,乌姆盖萨尔,Umm Qaşr,reference
IQ,91772,萨夫万,Şafwān,reference
IQ,7326104,巴哈尔,Nāḩiyat Baḩār,manual
IQ,7326105,阿特巴,Nāḩiyat ‘Atbah,manual
IQ,98182,巴格达,Baghdad,manual
IQ,100077,阿布格莱布,Abū Ghurayb,reference
IQ,99100,马赫穆迪亚,Al Maḩmūdīyah,phonetic_translation
IQ,98403,塔尔米耶,Aţ Ţārmīyah,reference
IQ,99357,哈希米亚,Al Hāshimīyah,phonetic_translation
IQ,99103,马哈威尔,Al Maḩāwīl,phonetic_translation
IQ,99039,穆赛伊卜,Al-Musayab,reference
IQ,99347,希拉,Al Hillah,manual
IQ,387345,阿布·盖拉格,Abu Gharaq,phonetic_translation
IQ,99010,卡西姆,Al-Qāsim,manual
IQ,99226,伊斯坎德里耶,Nāḩiyat al Iskandarīyah,reference
IQ,91812,萨达特印迪耶,Saddat al Hindīyah,manual
IQ,99611,阿马迪耶,Al ‘Amādīyah,reference
IQ,97825,巴提法,Batifa,phonetic_translation
IQ,90532,苏迈勒,Sumayl,phonetic_translation
IQ,89570,扎胡,Zaxo,reference
IQ,96994,杜胡克,Dihok,manual
IQ,97788,贝戈瓦,Begova,phonetic_translation
IQ,9253107,代雷卢克,Dêrelûk Devera Nihêliya,manual
IQ,13680586,舍拉迪兹,Shelādiz,phonetic_translation
IQ,90708,西纳,Sīnah,phonetic_translation
IQ,98069,巴阿马尼,Bāmarnī,phonetic_translation
IQ,97145,德卡尔,Derkar,phonetic_translation
IQ,6998238,伊布拉希姆·哈利勒,Ibrāhīm al Khalīl,phonetic_translation
IQ,94911,卡尼·马西,Kānī Māsī,phonetic_translation
IQ,89482,扎威塔,Zāwītah,phonetic_translation
IQ,97478,贾巴伊什,Al Jabāyish,phonetic_translation
IQ,98699,里法伊,Ar Rifā‘ī,phonetic_translation
IQ,98622,沙特拉,Ash Shaţrah,reference
IQ,90510,苏格舒尤赫,Sūq ash Shuyūkh,manual
IQ,98854,纳西里耶,Nasiriyah,manual
IQ,99439,富胡德,Nāḩiyat al Fuhūd,manual
IQ,92511,盖拉特苏卡尔,Qal‘at Sukkar,manual
IQ,99350,哈伊,Al Ḩayy,manual
IQ,99548,阿齐济耶,Al ‘Azīzīyah,manual
IQ,98846,努马尼耶,An Nu‘mānīyah,manual
IQ,98459,苏韦拉,Aş Şuwayrah,manual
IQ,98198,巴德拉,Badrah,phonetic_translation
IQ,99131,库特,Al-Kut,manual
IQ,98685,鲁迈萨,Ar Rumaythah,phonetic_translation
IQ,98533,萨尔曼,As Salmān,phonetic_translation
IQ,98530,萨迈沃,As Samawah,manual
IQ,99182,卡赫拉,Al Kaḩlā’,phonetic_translation
IQ,99070,迈穆纳,Al Maymūnah,phonetic_translation
IQ,92537,盖拉特萨利赫,Qal‘at Şāliḩ,manual
IQ,99306,阿里加尔比,‘Alī al Gharbī,manual
IQ,99608,阿马拉,Al ‘Amārah,manual
IQ,7374646,阿里沙尔基,Nāḩiyat Alī ash Sharqī,manual
IQ,99834,曼达赫里耶,Al Manādhirah,phonetic_translation
IQ,98860,纳杰夫,Najaf,manual
IQ,99060,米什卡布,Al Mishkhāb,phonetic_translation
IQ,99135,库费,Kufa,manual
IQ,98012,贝尼吉温,Baynjiwayn,phonetic_translation
IQ,97329,赫瓦特,Chwarta,phonetic_translation
IQ,384945,达尔班迪汉,Derbendîxan,manual
IQ,96953,杜坎,Dukan,manual
IQ,97417,恰姆恰马勒,Jamjamāl,reference
IQ,95005,凯拉尔,Kelar,phonetic_translation
IQ,93562,马瓦特,Mawet,reference
IQ,92436,盖瑞达格,Qeredagh,phonetic_translation
IQ,92615,克勒迪兹,Qeładizê,phonetic_translation
IQ,92052,拉尼耶,Rānyah,reference
IQ,91283,赛义德萨迪克,Seyid Sadiq,phonetic_translation
IQ,98463,苏莱曼尼亚,Sulaymaniyah,manual
IQ,447022,哈吉阿瓦,Hajiawa,phonetic_translation
IQ,13631406,舒拉什,Shūrash,phonetic_translation
IQ,6676920,哈尔沙瓦,Halshaw,phonetic_translation
IQ,7377819,海拉瓦,Hayraw,phonetic_translation
IQ,99768,道尔,Ad Dawr,reference
IQ,91057,什尔卡特,Ash Sharqāt,phonetic_translation
IQ,98112,巴拉德,Balad,reference
IQ,97783,拜伊吉,Bayjī,reference
IQ,90026,图兹胡尔马图,Ţūz Khūrmātū,reference
IQ,90150,提克里特,Tikrīt,manual
IQ,12494059,阿尔祖亚,AlZwya,phonetic_translation
IQ,99759,杜贾伊勒,Ad Dujayl,manual
IQ,6871926,阿尔拉姆,Al-'Alam,phonetic_translation
IQ,91597,萨迈拉,Sāmarrā’,manual
IQ,99560,奥吉,Al ‘Awjah,phonetic_translation
IQ,99168,哈利斯,Al Khāliş,manual
IQ,99062,米格达迪耶,Al Miqdādīyah,reference
IQ,98109,巴拉德鲁兹,Baladrūz,phonetic_translation
IQ,94591,哈奈根,Khānaqīn,reference
IQ,94298,基夫里,Kifrī,manual
IQ,97990,巴古拜,Baqubah,manual
IQ,92362,哈布哈布,Habhab,phonetic_translation
IQ,93709,满德里,Mandalī,reference
IQ,91546,萨拉吉克,Sarājīq,phonetic_translation
SY,173480,迈亚丁,Al Mayādīn,reference
SY,174448,阿布凯马勒,Ālbū Kamāl,reference
SY,170794,代尔祖尔,Deir ez-Zor,manual
SY,164025,苏巴伊汗,Subaykhān,phonetic_translation
SY,173927,布赛拉,Al Buşayrah,manual
SY,166597,贾拉,Al Jalā’,phonetic_translation
SY,8308210,卡斯拉,Al Kasrah,phonetic_translation
SY,174036,阿什拉,Al ‘Ashārah,phonetic_translation
SY,172415,苏萨,As Sūsah,phonetic_translation
SY,172327,提布尼,At Tibnī,phonetic_translation
SY,170691,迪巴恩,Dhībān,phonetic_translation
SY,174506,哈金,Hajīn,reference
SY,167899,库什罕,Khushām,phonetic_translation
SY,162284,穆赫哈桑,Mūḩ Ḩasan,manual
SY,172994,埃里哈,Arīḩā,manual
SY,169023,吉斯尔舒古尔,Jisr ash Shughūr,reference
SY,167611,马雷特努曼,Ma‘arrat an Nu‘mān,manual
SY,169866,哈里姆,Ḩārim,phonetic_translation
SY,169389,伊德利卜,Idlib,manual
SY,174191,阿菲斯,Afis,phonetic_translation
SY,174611,阿布·祖赫勒,Abū az̧ Z̧uhūr,phonetic_translation
SY,174259,达纳,Ad Dānā,phonetic_translation
SY,173715,贾努迪亚,Al Jānūdīyah,phonetic_translation
SY,172988,阿鲁马兹,Armanāz,phonetic_translation
SY,172347,塔马尼阿,At Tamāni‘ah,phonetic_translation
SY,171494,巴达马,Bdāmā,phonetic_translation
SY,171451,宾尼斯,Binnish,phonetic_translation
SY,170865,达鲁什,Darkūsh,phonetic_translation
SY,174144,伊希姆,Iḩsim,phonetic_translation
SY,168629,凯夫特哈里姆,Kafr Takhārīm,phonetic_translation
SY,168661,凯弗安贝勒,Kafranbel,phonetic_translation
SY,168325,汗谢洪,Khān Shaykhūn,reference
SY,167605,马阿瑞特米什里恩,Ma‘arratmişrīn,phonetic_translation
SY,166757,穆罕巴勒,Muḩambal,phonetic_translation
SY,165672,库尔因纳,Qūrqīnā,phonetic_translation
SY,164898,沙勒钦,Salqīn,reference
SY,164816,萨拉基卜,Saraqib,manual
SY,164782,萨尔明,Sarmīn,manual
SY,164094,辛贾尔,Sinjār,phonetic_translation
SY,163799,塔夫塔纳兹,Taftanāz,reference
SY,169563,希什,Ḩīsh,phonetic_translation
SY,173530,马利基耶,Al Mālikīyah,reference
SY,173377,卡米什利,Al Qāmishlī,reference
SY,165509,拉斯艾因,Ra’s al ‘Ayn,phonetic_translation
SY,173811,哈塞克,Al Ḩasakah,manual
SY,170887,代尔巴西耶,Ad Darbāsīyah,reference
SY,173711,贾瓦迪亚,Al Jawādīyah,phonetic_translation
SY,165757,卡赫坦亚,Al Qaḩţānīyah,phonetic_translation
SY,383661,雅鲁比亚,Al Ya‘rubīyah,phonetic_translation
SY,173797,哈瓦尔,Al Ḩawl,phonetic_translation
SY,172837,沙达达,Ash Shaddādah,phonetic_translation
SY,171410,比尔哈尔沃尔迪耶,Bi’r al Ḩulw al Wardīyah,manual
SY,167208,马克达哈,Markadah,phonetic_translation
SY,163434,泰勒塔米尔,Tall Tamr,reference
SY,163568,塔尔哈米斯,Tall Ḩamīs,phonetic_translation
SY,421015,阿里沙赫,‘Arīshah,phonetic_translation
SY,173230,阿穆达,‘Āmūdā,reference
SY,164947,塞莱米耶,As Salamīyah,reference
SY,163921,苏凯利比耶,As Suqaylibīyah,phonetic_translation
SY,166742,马赫达,Maharda,phonetic_translation
SY,167046,迈斯亚夫,Maşyāf,reference
SY,170017,哈马,Ḩamāh,manual
SY,168708,凯夫布胡姆,Kafr Buhum,phonetic_translation
SY,166640,穆拉克,Mūrak,phonetic_translation
SY,9847679,特列伊穆斯,Tremseh,reference
SY,163270,塔伊耶特艾哈迈姆,Ţayyibat al Imām,phonetic_translation
SY,170044,哈夫亚,Ḩalfāyā,phonetic_translation
SY,173830,阿勒哈姆拉,Al Ḩamrā’,phonetic_translation
SY,172515,苏伊辛,As Si‘in,phonetic_translation
SY,2960,阿因哈拉基姆,Ayn Halaqim,manual
SY,172027,齐亚拉,Az Ziyārah,manual
SY,171757,巴里沙尔基,Barrī ash Sharqī,manual
SY,168917,朱卜拉姆拉,Jubb Ramlah,manual
SY,168620,凯夫扎伊塔,Kafr Zaytā,phonetic_translation
SY,167739,库尔纳兹,Kurnāz,phonetic_translation
SY,166227,盖拉特穆迪格,Qal‘at al Maḑīq,manual
SY,164398,沙提哈,Shaţḩah,phonetic_translation
SY,163470,泰勒萨勒哈卜,Tall Salḩab,manual
SY,162706,瓦迪欧云,Wādī al ‘Uyūn,manual
SY,165143,沙布拉拉,Şabbūrah,phonetic_translation
SY,163915,舒拉恩,Şūrān,phonetic_translation
SY,169886,哈里布纳夫萨赫,Ḩarbinafsah,phonetic_translation
SY,172308,阿瓦吉,‘Awaj,phonetic_translation
SY,162803,乌凯里巴特,‘Uqayribāt,phonetic_translation
SY,170572,阿德杜赖基什,Ad Duraykīsh,phonetic_translation
SY,172743,阿什谢伊赫巴德,Ash Shaykh Badr,phonetic_translation
SY,171830,巴尼亚斯,Bāniyās,reference
SY,165060,萨菲泰,Şāfītā,reference
SY,163345,塔尔图斯,Ţarţūs,manual
SY,173991,阿尔巴里基亚,Al Bāriqīyah,phonetic_translation
SY,168541,阿尔卡里玛,Al Karīmah,phonetic_translation
SY,173389,阿尔卡杜姆斯,Al Qadmūs,phonetic_translation
SY,166158,阿尔卡姆西亚,Al Qamşīyah,phonetic_translation
SY,173842,阿尔哈米迪亚,Al Ḩamīdīyah,phonetic_translation
SY,174057,阿尔阿纳扎赫,Al ‘Annāzah,phonetic_translation
SY,171501,阿勒罗德,Ar Rawḑah,phonetic_translation
SY,172880,阿尔瓦德,Arwād,manual
SY,172454,阿斯苏瓦达,As Sawdā,phonetic_translation
SY,172432,阿斯西辛亚,As Sīsnīyah,phonetic_translation
SY,172497,阿什沙夫沙夫,Aş Şafşāfah,phonetic_translation
SY,172339,塔瓦欣,Aţ Ţawāḩīn,manual
SY,171295,布鲁马纳特马沙伊赫,Brummānat al Mashāyikh,manual
SY,170517,杜韦尔拉斯坦,Duwayr Raslān,phonetic_translation
SY,168852,朱奈纳特拉斯兰,Junaynat Raslān,manual
SY,168102,希尔拜特马阿扎,Khirbat al Ma‘azzah,manual
SY,167100,马什塔哈卢,Mashtá al Ḩulw,manual
SY,168538,拉斯阿尔卡什乌法,Ra’s al Khashūfah,phonetic_translation
SY,172159,萨巴赫,Sabbah,phonetic_translation
SY,163774,塔林,Tālīn,phonetic_translation
SY,169966,哈马姆瓦西勒,Ḩammām Wāşil,manual
SY,169579,希米因,Ḩimmīn,phonetic_translation
SY,173312,库泰法,Al Quţayfah,phonetic_translation
SY,173193,奈卜克,An Nabk,reference
SY,172349,阿尔-泰勒,At Tall,reference
SY,172059,扎巴达尼,Az Zabadānī,reference
SY,170892,德拉雅,Dārayyā,reference
SY,170592,杜马,Dūmā,reference
SY,165929,盖泰纳,Qaţanā,reference
SY,162627,耶卜鲁德,Yabrūd,reference
SY,170817,达伊尔·阿萨菲勒,Dayr al ‘Aşāfīr,phonetic_translation
SY,168579,卡纳基勒,Kanākir,phonetic_translation
SY,166833,穆阿达米耶沙姆,Muadamiyat al-Sham,manual
SY,166111,卡拉,Qārah,phonetic_translation
SY,162560,扎基亚,Zākīyah,phonetic_translation
SY,174239,迪马斯,Ad Dīmās,phonetic_translation
SY,173869,吉兹拉尼耶,Al Ghizlānīyah,phonetic_translation
SY,173598,基斯沃,Al Kiswah,reference
SY,173434,穆莱赫耶,Al Mulayḩah,phonetic_translation
SY,8419677,哈贾拉斯瓦德,Al Ḩajar al Aswad,reference
SY,173178,纳沙比耶,An Nashābīyah,phonetic_translation
SY,172922,鲁赫耶布,Ar Ruḩaybah,phonetic_translation
SY,165158,萨布·比亚,As Sab‘ Biyār,phonetic_translation
SY,170589,达杜迈尔,Aḑ Ḑumayr,phonetic_translation
SY,171998,巴比拉,Babīlā,phonetic_translation
SY,170797,代尔阿提亚,Dayr ‘Aţīyah,phonetic_translation
SY,169174,贾拉马纳,Jaramānā,reference
SY,169113,杰鲁德,Jayrūd,phonetic_translation
SY,168713,凯弗巴特纳,Kafr Baţnā,phonetic_translation
SY,166946,马兹拉特贝特吉恩,Mazra‘at Bayt Jinn,phonetic_translation
SY,167558,迈达亚,Maḑāyā,reference
SY,167375,马卢拉,Ma‘lūlā,reference
SY,7905767,萨卜比亚尔,Nāḩiyat as Sab‘ Biyār,manual
SY,166251,库德萨亚,Qadsayyā,manual
SY,165533,兰库斯,Rankūs,phonetic_translation
SY,164773,萨萨,Sa‘sa‘,phonetic_translation
SY,164083,瑟尔盖亚,Sirghāyā,phonetic_translation
SY,164717,赛德纳亚,Şaydnāyā,reference
SY,164994,沙赫纳亚,Şaḩnāyā,phonetic_translation
SY,169897,哈拉斯塔,Ḩarastā,reference
SY,169843,哈拉恩阿瓦米德,Ḩarrān al ‘Awāmīd,phonetic_translation
SY,172487,阿萨尔·瓦尔德,‘Assāl al Ward,phonetic_translation
SY,172232,阿因·费吉赫,‘Ayn al Fījah,phonetic_translation
SY,169372,伊尔宾,‘Irbīn,phonetic_translation
SY,170654,大马士革,Damascus,manual
SY,173334,库奈特拉,Al Qunayţirah,manual
SY,171200,布卡塔,Buq‘ātā,manual
SY,169334,贾巴,Jabā,phonetic_translation
SY,167444,迈季代勒舍姆斯,Majdal Shams,reference
SY,168355,哈恩·阿纳尔巴赫,Khān Arnabah,phonetic_translation
SY,167167,马萨达,Mas‘adah,phonetic_translation
SY,172469,塞奈迈因,Aş Şanamayn,reference
SY,169341,伊兹拉,Izra‘,reference
SY,170905,德拉,Dar‘ā,manual
SY,169375,印希尔,Inkhil,phonetic_translation
SY,168634,凯夫什姆斯,Kafr Shams,phonetic_translation
SY,163806,塔法斯,Ţafas,phonetic_translation
SY,169017,杰泽赫,Al Jīzah,phonetic_translation
SY,173416,穆萨菲拉,Al Musayfirah,phonetic_translation
SY,166503,穆泽里布,Al Muzayrīb,phonetic_translation
SY,173819,赫拉克,Al Ḩirāk,phonetic_translation
SY,172829,沙贾拉,Ash Shajarah,phonetic_translation
SY,171126,布斯拉,Buşrá ash Shām,reference
SY,170959,达伊尔,Dā‘il,phonetic_translation
SY,170325,盖巴格希布,Ghabāghib,phonetic_translation
SY,165997,贾西姆,Jāsim,reference
SY,168120,盖尔巴特·加扎拉,Khirbat Ghazālah,phonetic_translation
SY,173462,米斯米亚,Mismīyah,phonetic_translation
SY,166365,奈瓦,Nawá,reference
SY,164328,艾夏赫玛斯金,Shaykh Miskīn,reference
SY,163330,塔西尔,Tasīl,phonetic_translation
SY,172374,塔布卡,Al-Tabqa,manual
SY,163750,泰勒艾卜耶德,Tall Abyaḑ,reference
SY,172955,拉卡,Ar Raqqah,manual
SY,169162,贾尔尼耶,Al Jarnīyah,phonetic_translation
SY,4273,卡尔马,Al Karāmah,phonetic_translation
SY,8559276,曼苏拉,Al Manşūrah,phonetic_translation
SY,172511,沙布卡,As Sabkhah,phonetic_translation
SY,167538,马达安,Ma‘dān,phonetic_translation
SY,164895,苏卢克,Sulūk,phonetic_translation
SY,172134,艾因伊萨,‘Ayn ‘Īsá,phonetic_translation
SY,173364,卡尔达哈,Al Qardāḩah,reference
SY,173856,哈法,Al Ḩaffah,phonetic_translation
SY,169304,杰卜莱,Jablah,reference
SY,173576,拉塔基亚,Latakia,manual
SY,171147,布尔杰伊斯兰,Burj Islām,manual
SY,174262,达利耶,Ad Dālīyah,phonetic_translation
SY,174012,巴尔卢利耶,Al Bahlūlīyah,phonetic_translation
SY,170483,法克胡拉,Al Fākhūrah,phonetic_translation
SY,173777,希纳迪,Al Hinādī,manual
SY,166507,穆扎里亚,Al Muzayri‘ah,phonetic_translation
SY,165637,库泰利耶,Al Quţaylibīyah,phonetic_translation
SY,8609252,贝特亚舒特,Bayt Yāshūţ,phonetic_translation
SY,169135,贾巴特布尔加勒,Jawbat Burghāl,manual
SY,168519,凯萨布,Kassab,reference
SY,167863,昆斯巴巴,Kinnsibbā,phonetic_translation
SY,165940,卡斯塔尔马阿夫,Qasţal Ma‘āf,phonetic_translation
SY,167880,拉比阿,Rabī‘ah,phonetic_translation
SY,164052,斯林费,Şlinfah,reference
SY,169873,哈尔夫阿尔穆斯蒂拉,Ḩarf al Musaytirah,phonetic_translation
SY,172172,阿因希卡克,‘Ayn Shiqāq,manual
SY,172243,阿因贝达,‘Ayn al Bayḑā,manual
SY,172173,阿因沙尔基耶,‘Ayn ash Sharqīyah,manual
SY,172157,阿因提奈,‘Ayn at Tīnah,manual
SY,164626,舍赫巴,Shahbā,reference
SY,164917,塞勒海德,Şalkhad,reference
SY,172408,苏韦达,As-Suwayda,manual
SY,166141,卡纳瓦特,Qanawāt,manual
SY,164952,沙拉基德,Şalākhid,phonetic_translation
SY,173880,加里耶,Al Ghāriyah,manual
SY,172441,马兹拉阿,Al Mazra‘ah,phonetic_translation
SY,173414,穆什汉纳夫,Al Mushannaf,phonetic_translation
SY,173331,库赖亚,Al Qurayyā,phonetic_translation
SY,12795,苏鲁赫·沙基拉,Aş Şūrah aş Şaghīrah,phonetic_translation
SY,170689,迪比宾,Dhībbīn,phonetic_translation
SY,167408,马拉赫,Malaḩ,phonetic_translation
SY,164479,沙卡,Shaqqā,manual
SY,5174,阿里加,‘Arīqah,phonetic_translation
SY,174018,巴卜,Al Bāb,reference
SY,172503,塞菲拉,As Safīrah,reference
SY,172082,阿扎兹,I‘zāz,reference
SY,169179,杰拉布卢斯,Jarābulus,reference
SY,167357,曼比季,Manbij,reference
SY,174186,阿夫林,‘Afrīn,reference
SY,172256,艾因阿拉伯,‘Ayn al ‘Arab,reference
SY,170063,阿勒颇,Aleppo,manual
SY,171694,巴塔波,Batabo,phonetic_translation
SY,166285,卡巴斯欣,Kabbasin,phonetic_translation
SY,168061,卡巴斯因,Qabbāsīn,phonetic_translation
SY,174407,阿布·卡尔卡尔,Abū Qalqal,phonetic_translation
SY,174115,阿赫塔林,Akhtarīn,phonetic_translation
SY,174030,阿塔勒布,Al Atārib,reference
SY,168478,阿格汗杜拉,Al Ghandūrah,phonetic_translation
SY,168422,阿克夫萨,Al Khafsah,phonetic_translation
SY,167577,阿迈卜利,Al Ma‘baţlī,phonetic_translation
SY,173852,阿哈吉布,Al Ḩājib,phonetic_translation
SY,170137,阿哈迪尔,Al Ḩāḑir,phonetic_translation
SY,174043,阿里玛,Al ‘Arīmah,manual
SY,169138,阿拉伊,Ar Rā‘ī,phonetic_translation
SY,172045,阿扎尔巴赫,Az Zarbah,phonetic_translation
SY,171851,班安,Banān,phonetic_translation
SY,171212,布尔布勒,Bulbul,phonetic_translation
SY,170785,戴尔哈费尔,Dayr Ḩāfir,phonetic_translation
SY,170857,达拉特伊兹,Dārat ‘Izzah,phonetic_translation
SY,169190,詹达里斯,Jindayris,phonetic_translation
SY,168351,哈那塞,Khanāşir,reference
SY,167713,库韦里斯沙尔基,Kuwayris Sharqī,manual
SY,167080,马斯卡纳,Maskanah,reference
SY,167245,马里,Māri‘,phonetic_translation
SY,166331,努卜勒,Nubl,phonetic_translation
SY,11257949,盖特勒,Qenterê,phonetic_translation
SY,165428,拉斯姆阿尔哈马尔,Rasm al Ḩarmal,phonetic_translation
SY,165571,拉朱,Rājū,manual
SY,164451,沙拉恩,Sharān,phonetic_translation
SY,164354,谢赫阿尔哈迪德,Shaykh al Ḩadīd,phonetic_translation
SY,164159,舒伊赫塔赫塔尼,Shuyūkh Taḩtānī,phonetic_translation
SY,163476,泰勒里法特,Tall Rif‘at,reference
SY,163747,塔勒达马恩,Tall aḑ Ḑamān,phonetic_translation
SY,163811,塔德夫,Tādif,reference
SY,164071,西林沙马利耶,Şirrīn ash Shamālīyah,manual
SY,163913,舒拉恩,Şūrān,phonetic_translation
SY,169858,赫瑞塔恩,Ḩuraytān,phonetic_translation
SY,173322,古赛尔,Al Quşayr,reference
SY,172946,拉斯坦,Ar Rastan,reference
SY,166719,穆赫拉姆·阿尔·法瓦基尼,Mukharram al Fawqānī,phonetic_translation
SY,163808,帕尔米拉,Tadmur,reference
SY,163533,泰勒凯莱赫,Tallkalakh,reference
SY,169577,霍姆斯,Homs,manual
SY,173311,甘图,Al Ghanţū,manual
SY,168668,卡夫尔拉哈,Kafr Lāhā,manual
SY,170340,富尔克卢斯,Al Furqlus,manual
SY,168098,卡布,Al Qabw,phonetic_translation
SY,173361,盖尔亚廷,Al Qaryatayn,reference
SY,173802,哈瓦什,Al Ḩawāsh,phonetic_translation
SY,173606,纳西拉,An Nāşirah,phonetic_translation
SY,165303,里卡马,Ar Riqāmā,phonetic_translation
SY,172425,苏克纳,As Sukhnah,phonetic_translation
SY,168972,朱卜·贾拉赫,Jubb al Jarrāḩ,phonetic_translation
SY,168052,希尔巴特·提恩努尔,Khirbat Tīn Nūr,phonetic_translation
SY,167488,迈因,Mahīn,phonetic_translation
SY,164261,希因,Shīn,phonetic_translation
SY,163779,塔尔比萨,Tallbīsah,phonetic_translation
SY,163596,塔尔多,Talldaww,phonetic_translation
SY,165109,撒达得,Şadad,reference
SY,170136,哈迪达,Ḩadīdah,phonetic_translation
SY,169557,希西亚,Ḩisyā’,phonetic_translation
SY,7891616,阿因纳斯尔,‘Ayn an Nasr,manual
LB,278936,艾姆云,Amioûn,reference
LB,280328,拜特龙,Batroûn,reference
LB,276359,卜舍里,Bsharri,reference
LB,267156,西尔丁尼耶,Sîr ed Danniyé,manual
LB,265846,兹加尔塔,Zghartā,reference
LB,266826,的黎波里,Tripoli,manual
LB,273360,杰津,Jezzine,reference
LB,267008,提尔,Tyre,manual
LB,268064,西顿,Sidon,manual
LB,278832,纳库拉,En Nâqoûra,reference
LB,280155,加齐耶,Ghazieh,manual
LB,269355,卡纳,Qâna,phonetic_translation
LB,278040,萨拉凡德,Sarafand,manual
LB,279997,希尔米勒,El Hermel,manual
LB,277130,巴勒贝克,Baalbek,manual
LB,273675,阿尔萨勒,Aarsâl,manual
LB,276294,布达伊,Boudaï,phonetic_translation
LB,267553,沙阿特,Chaat,manual
LB,267305,什米斯塔尔,Chmistâr,manual
LB,275666,代尔艾哈迈尔,Deïr el Ahmar,manual
LB,276592,宾特朱拜勒,Bent Jbaïl,reference
LB,274313,哈斯拜亚,Hasbaya,reference
LB,271226,迈尔季欧云,Marjayoun,reference
LB,278913,纳巴提耶,Nabatîyé et Tahta,manual
LB,274874,哈布什,Habboûch,manual
LB,272849,卡法尔基拉,Kfar Kila,manual
LB,273185,朱卜坚宁,Joubb Jannîne,reference
LB,6253857,拉恰亚,Râchaïya el Ouadi,reference
LB,266045,扎赫勒,Zahlé,manual
LB,277367,艾塔尼特,Aaïtanît,manual
LB,276781,贝鲁特,Beirut,manual
LB,274723,哈勒巴,Halba,manual
LB,280425,阿莱,Aley,reference
LB,276771,拜特丁,Beït ed Dîne,reference
LB,273203,朱拜勒,Byblos,manual
LB,279854,朱代德,Jdaidet el Matn,reference
LB,273140,朱尼耶,Jounieh,manual
LB,277226,巴卜达,Baabda,manual
LB,280602,阿贾尔图恩,Aajaltoûn,phonetic_translation
LB,274499,赫拉杰勒,Hrajel,manual
JO,250774,亚喀巴,Aqaba,manual
JO,7031363,阿迪萨,Ad Dīsah,phonetic_translation
JO,385027,里沙赫,Ar Rīshah,phonetic_translation
JO,250538,马扎尔沙马利,Al Mazār ash Shamālī,manual
JO,250675,希斯恩,Al Ḩişn,manual
JO,250336,拉姆萨,Ar Ramthā,manual
JO,250278,舒纳沙玛利亚,Ash Shūnah ash Shamālīyah,reference
JO,250186,塔伊伊巴,Aţ Ţayyibah,phonetic_translation
JO,249699,代尔阿布赛义德,Dayr Abū Sa‘īd,manual
JO,248734,卡夫尔阿萨德,Kafr Asad,manual
JO,247014,萨马拉乌桑,Sammā ar Rawsān,manual
JO,248946,伊尔比德,Irbid,manual
JO,250294,沙杰拉,Ash Shajarah,phonetic_translation
JO,250179,塔尔拉赫,Aţ Ţurrah,phonetic_translation
JO,249930,贝特亚法,Bayt Yāfā,phonetic_translation
JO,249676,代尔优素福,Dayr Yūsuf,manual
JO,248803,朱迪塔,Judita,phonetic_translation
JO,248738,凯弗·阿比勒,Kafr Abīl,phonetic_translation
JO,248719,凯弗·苏姆,Kafr Sawm,phonetic_translation
JO,248627,赫贾,Kharjā,phonetic_translation
JO,248434,基蒂姆,Kitim,phonetic_translation
JO,248414,库赖伊玛,Kurayyimah,phonetic_translation
JO,248250,马尔卡,Malkā,phonetic_translation
JO,247496,库迈姆,Qumaym,phonetic_translation
JO,247103,萨赫姆·阿尔·卡法拉特,Saḩam al Kaffārāt,phonetic_translation
JO,247061,萨勒,Sāl,phonetic_translation
JO,246522,蒂布纳,Tibnah,phonetic_translation
JO,245989,瓦卡什,Waqqāş,phonetic_translation
JO,247015,沙姆阿,Şammā,phonetic_translation
JO,249318,哈卡马,Ḩakamā,phonetic_translation
JO,249184,哈提姆,Ḩātim,phonetic_translation
JO,250540,马扎尔贾努比,Al Mazār al Janūbī,manual
JO,250487,卡斯尔,Al Qaşr,manual
JO,250480,卡特拉纳,Al Qaţrānah,manual
JO,249481,富库夫,Fuqū‘,phonetic_translation
JO,250106,阿亚,‘Ayy,phonetic_translation
JO,6946409,卡拉克,Karak City,manual
JO,250187,克辛扎拉,Al Khinzīrah,phonetic_translation
JO,250267,萨菲,Safi,phonetic_translation
JO,248923,伊兹拉,‘Izrā,phonetic_translation
JO,247969,穆盖伊尔,Al Mughayyir,phonetic_translation
JO,250662,胡赛尼耶,Al Ḩusaynīyah,manual
JO,250534,古瓦尔·马兹拉阿,Ghawr al Mazra‘ah,phonetic_translation
JO,250688,哈萨,Al Ḩasā,manual
JO,249842,布赛拉,Buşayrā,manual
JO,250198,塔菲拉,Aţ Ţafīlah,manual
JO,250441,安曼,Amman,manual
JO,250639,吉萨,Al Jīzah,manual
JO,407169,穆瓦卡尔,Al Muwaqqar,phonetic_translation
JO,247724,纳乌尔,Nā‘ūr,phonetic_translation
JO,247105,萨哈卜,Saḩāb,manual
JO,248843,贾瓦,Jāwā,phonetic_translation
JO,247273,鲁吉姆沙米加尔比,Rujm ash Shāmī al Gharbī,manual
JO,246384,乌姆·阿尔巴斯廷,Umm al Basātīn,phonetic_translation
JO,246330,乌姆赖萨斯,Umm ar Raşāş,reference
JO,249095,希斯班,Ḩisbān,manual
JO,250718,富海斯,Al Fuḩayş,manual
JO,246816,舒纳贾努比耶,Ash Shūnah al Janūbīyah,manual
JO,249693,代尔阿拉,Dayr ‘Allā,manual
JO,250142,阿因巴沙,‘Ayn al Bāshā,manual
JO,250258,萨尔特,As Salţ,manual
JO,250623,卡拉梅,Al Karāmah,reference
JO,248299,马希斯,Māḩiş,manual
JO,250235,苏拜希,Aş Şubayḩī,manual
JO,245939,雅尔卡,Yarqā,phonetic_translation
JO,250596,阿勒·阿兰,‘Allān,phonetic_translation
JO,250321,鲁赛法,Ar Ruşayfah,manual
JO,250090,扎尔卡,Zarqa,manual
JO,250095,阿兹拉克沙马利,Al Azraq ash Shamālī,manual
JO,250686,哈希米耶,Al Hāshimīyah,manual
JO,10861986,祖莱勒,Az̧ Z̧ulayl,manual
JO,248525,比赖因,Bīrayn,phonetic_translation
JO,248875,杰拉什,Jarash,manual
JO,250603,基塔,Al Kittah,manual
JO,250052,巴利拉,Balīlā,phonetic_translation
JO,247340,雷穆恩,Raymūn,phonetic_translation
JO,247068,萨基布,Sakib,phonetic_translation
JO,246725,苏夫,Sūf,phonetic_translation
JO,250544,马什塔巴,Al Maşţabah,phonetic_translation
JO,249849,布尔马,Burmā,phonetic_translation
JO,248420,库夫兰贾,Kufrinjah,manual
JO,250799,阿杰隆,‘Ajlūn,manual
JO,249310,哈拉瓦,Ḩalāwah,phonetic_translation
JO,250420,安贾拉,‘Anjarah,phonetic_translation
JO,250124,阿因詹纳,‘Ayn Jannā,manual
JO,247074,沙克赫拉,Şakhrah,phonetic_translation
JO,248940,伊尔贾恩,‘Irjān,phonetic_translation
JO,7015781,胡赛尼耶,Al Ḩusaynīyah,manual
JO,250290,舒拜克,Ash Shawbak,reference
JO,246008,瓦迪穆萨,Wādī Mūsá,manual
JO,248382,马安,Ma'an,manual
JO,250462,古韦拉,Al Quwayrah,manual
JO,246474,阿德鲁赫,Adhruḩ,phonetic_translation
JO,250649,阿勒·贾夫尔,Al Jafr,phonetic_translation
JO,248549,阿勒·穆拉盖赫,Al Murayghah,phonetic_translation
JO,250151,阿伊勒,Ayl,phonetic_translation
JO,250317,鲁韦希德,Ar Ruwayshid,manual
JO,250582,马弗拉克,Mafraq,manual
JO,250697,哈姆拉,Al Ḩamrā’,manual
JO,251005,哈利迪耶,Al Khālidīyah,manual
JO,250057,巴勒阿马,Bal‘amā,phonetic_translation
JO,10943439,代尔卡赫夫,Dayr al Kahf,manual
JO,250567,曼希耶特巴尼哈桑,Manshīyat Banī Ḩasan,manual
JO,247021,萨马斯尔汗,Samā as Sirḩān,phonetic_translation
JO,246371,乌姆尔吉马尔,Umm al Jimāl,phonetic_translation
JO,246345,乌姆基泰因,Umm al Qiţţayn,manual
JO,247176,沙布哈,Şabḩā,phonetic_translation
JO,249153,侯什哈,Ḩawshā,phonetic_translation
JO,249664,济班,Dhībān,reference
JO,248370,马达巴,Mādabā,manual
JO,248424,法西拉伊耶,Al Fayşalīyah,phonetic_translation
JO,250767,阿勒阿里德,Al ‘Arīḑ,phonetic_translation
JO,248774,朱拉奈,Juraynah,phonetic_translation
JO,247916,穆莱赫,Mulayḩ,phonetic_translation
JO,248293,马伊因,Mā‘īn,phonetic_translation
IL,293768,拉姆拉,Ramla,manual
IL,295475,贝特达甘,Bet Dagan,manual
IL,295525,贝尔雅各布,Be’er Ya‘aqov,manual
IL,295515,贝内阿伊什,Bnei Ayish,manual
IL,8428480,埃拉德,El‘ad,manual
IL,295122,埃文耶胡达,Even Yehuda,manual
IL,295130,泰贝,Eṭ Ṭaiyiba,manual
IL,295127,提拉,Eṭ Ṭīra,manual
IL,295080,甘亚夫内,Gan Yavne,manual
IL,295089,加内提克瓦,Ganei Tikva,manual
IL,295064,盖代拉,Gedera,manual
IL,294760,霍德沙龙,Hod HaSharon,manual
IL,294634,贾尔朱利亚,Jaljūlya,manual
IL,11524864,卡迪马佐兰,Kadima Zoran,manual
IL,294604,卡法卡西姆,Kafr Qāsim,manual
IL,294514,卡法萨巴,Kfar Saba,manual
IL,294492,卡法约纳,Kfar Yona,manual
IL,294421,卢德,Lod,manual
IL,294303,马兹凯雷特巴特亚,Mazkeret Batya,manual
IL,282926,莫迪因-马加比勒特,Modi‘in Makkabbim Re‘ut,manual
IL,294074,内斯锡安纳,Ness Ziona,manual
IL,294071,内坦亚,Netanya,manual
IL,293942,帕尔德西亚,Pardesiya,manual
IL,293918,佩塔提克瓦,Petaẖ Tiqva,manual
IL,293896,卡兰苏瓦,Qalansuwa,manual
IL,294552,基里亚特埃克龙,Qiryat ‘Eqron,manual
IL,293807,赖阿南纳,Ra'anana,manual
IL,293725,雷霍沃特,Reẖovot,manual
IL,293703,里雄莱锡安,Rishon LeTsiyyon,manual
IL,293690,罗什艾因,Rosh Ha‘Ayin,manual
IL,8428283,索哈姆,Shoham,manual
IL,293354,特拉蒙德,Tel Mond,manual
IL,293222,亚夫内,Yavné,manual
IL,8142386,泽梅尔,Zemer,manual
IL,294098,拿撒勒,Nazareth,manual
IL,295765,阿布锡南,Abū Sinān,manual
IL,295721,阿科,Acre,manual
IL,295740,阿富拉,Afula,manual
IL,295411,比纳,Al-Bi‘na,manual
IL,295174,雷纳,Ar Rayna,manual
IL,295553,巴斯马特塔布恩,Basmat Ṭab‘ūn,manual
IL,295523,贝特詹,Beit Jann,manual
IL,295435,贝特谢安,Bet She’an,manual
IL,11979636,布埃纳-努杰达特,Bu'ayna-Nujaydat,manual
IL,295379,布凯阿,Buqei‘a,manual
IL,295404,比尔马克苏尔,Bīr el Maksūr,manual
IL,295370,达布里耶,Dabbūrīya,manual
IL,295341,代尔阿萨德,Deir el Asad,manual
IL,295339,代尔汉纳,Deir Ḥannā,manual
IL,294809,哈措尔哈格利利特,H̱atsor HaGlilit,manual
IL,294658,伊克萨尔,Iksāl,manual
IL,294663,伊比林,I‘billīn,manual
IL,294622,朱代达-马克尔,Judeida Makr,manual
IL,294620,朱利斯,Jūlis,manual
IL,294610,卡法卡纳,Kafr Kannā,manual
IL,294608,卡法曼达,Kafr Mandā,manual
IL,294577,卡尔米埃勒,Karmi’el,manual
IL,8265524,卡比耶-塔巴什-哈贾杰拉,Ka‘abiyya-Tabbash-H̱ajajra,manual
IL,386445,卡法弗拉迪姆,Kfar Vradim,manual
IL,294600,卡法亚西夫,Kfar Yasif,manual
IL,11979665,基斯拉-苏梅阿,Kisra - Sume'a,manual
IL,294615,卡布勒,Kābūl,manual
IL,11979755,马阿勒艾龙,Maale Iron,manual
IL,294387,马加尔,Maghār,manual
IL,294373,马吉德卡鲁姆,Majd el Kurūm,manual
IL,294210,米格达勒埃梅克,Migdal Ha‘Emeq,manual
IL,294117,纳哈里亚,Nahariyya,manual
IL,294114,纳夫,Naḥf,manual
IL,294097,诺夫哈加利勒,Naẕerat ‘Illit,manual
IL,293825,基里亚特什莫纳,Qiryat Shmona,manual
IL,293793,拉梅,Rama,manual
IL,293773,拉马特伊沙伊,Ramat Yishay,manual
IL,293100,采法特,Safed,manual
IL,293655,萨赫宁,Sakhnīn,manual
IL,293595,沙阿布,Sha‘ab,manual
IL,293539,谢法阿姆,Shefar‘am,manual
IL,12156807,希卜利-乌姆加纳姆,Shibli–Umm al-Ghanam,manual
IL,293522,什洛米,Shlomi,manual
IL,293426,塔姆拉,Tamra,manual
IL,293322,提比里亚,Tiberias,manual
IL,293298,图巴赞加里耶,Tūbā Zangarīya,manual
IL,11979655,亚努阿-贾特,Yanuah Jat,manual
IL,293181,雅尔卡,Yirkā,manual
IL,293153,约克内阿姆伊利特,Yoqne‘am ‘Illit,manual
IL,293254,亚法安纳瑟里耶,Yāfā,manual
IL,8264669,扎尔齐尔,Zarzir,manual
IL,293420,马阿洛特-塔希哈,maalot Tarshīhā,manual
IL,294666,胡尔费什,Ḥurfeish,manual
IL,295291,埃拉本,‘Eilabun,manual
IL,295285,艾因马希勒,‘Ein Māhil,manual
IL,294654,伊鲁特,‘Ilūṭ,manual
IL,295530,贝尔谢巴,Beersheba,manual
IL,295657,阿拉德,Arad,manual
IL,295629,阿什杜德,Ashdod,manual
IL,295620,阿什凯隆,Ashkelon,manual
IL,295328,迪莫纳,Dimona,manual
IL,295277,埃拉特,Eilat,manual
IL,8374209,胡拉,H̱ura,manual
IL,293842,基里亚特加特,Kiryat Gat,manual
IL,8374220,库塞法,Kuseifa,manual
IL,8184241,拉基耶,Laqiyya,manual
IL,6693244,莱哈维姆,Lehavim,manual
IL,8062538,梅塔尔,Meitar,manual
IL,294166,米茨佩拉蒙,Mitzpe Ramon,manual
IL,294068,内提沃特,Netivot,manual
IL,293992,奥法基姆,Ofaqim,manual
IL,293835,基里亚特马拉希,Qiryat Mal’akhi,manual
IL,8184212,拉哈特,Rahat,manual
IL,293619,斯代罗特,Sderot,manual
IL,8184332,塞格夫沙洛姆,Segev Shalom,manual
IL,8310136,特勒谢瓦,Tel Sheva‘,manual
IL,293203,耶鲁哈姆,Yeroẖam,manual
IL,8374203,阿拉拉贝内盖夫,‘Ar‘ara BaNegev,manual
IL,293982,奥梅尔,‘Omer,manual
IL,294801,海法,Haifa,manual
IL,295613,阿特里特,Atlit,manual
IL,12156812,巴斯马,Basma,manual
IL,295410,宾亚米纳-吉瓦特阿达,Binyamina-Giv‘at ‘Ada,manual
IL,295571,巴卡加尔比耶,Bāqa el Gharbīya,manual
IL,295365,达利亚特卡尔迈勒,Daliyat al Karmel,manual
IL,295269,富赖迪斯,Furaydis,manual
IL,294946,哈代拉,Hadera,manual
IL,8141842,哈里什,H̱arish,manual
IL,294630,贾特,Jatt,manual
IL,294626,吉斯尔扎尔卡,Jisr ez Zarqā,manual
IL,294605,卡法卡拉,Kafr Qari‘,manual
IL,294078,内谢尔,Nesher,manual
IL,293969,奥尔阿基瓦,Or Akiva,manual
IL,293943,帕尔德斯汉纳-卡尔库尔,Pardés H̱anna Karkur,manual
IL,293845,基里亚特阿塔,Qiryat Ata,manual
IL,293844,基里亚特比亚利克,Qiryat Bialik,manual
IL,293831,基里亚特莫茨金,Qiryat Motsqin,manual
IL,293823,基里亚特蒂沃恩,Qiryat Tiv‘on,manual
IL,293822,基里亚特亚姆,Qiryat Yam,manual
IL,293721,雷哈西姆,Rekhasim,manual
IL,293308,提拉特卡尔迈勒,Tirat Karmel,manual
IL,293286,乌姆费赫姆,Umm el Faḥm,manual
IL,293067,齐赫龙雅各布,Zikhron Ya‘aqov,manual
IL,295655,阿拉拉,‘Ara-‘Ar‘ara,manual
IL,294642,伊斯菲亚,‘Isfiyā,manual
IL,293397,特拉维夫,Tel Aviv,manual
IL,295584,阿佐尔,Azor,manual
IL,295548,巴特亚姆,Bat Yam,manual
IL,295514,贝内贝拉克,Bnei Brak,manual
IL,294981,吉瓦特什穆埃尔,Giv'at Shmuel,manual
IL,294999,吉夫阿塔伊姆,Givatayim,manual
IL,294778,海尔兹利亚,Herzliya,manual
IL,294751,霍隆,H̱olon,manual
IL,12031840,基里亚特奥诺,Kiryat Ono,manual
IL,293962,奥尔耶胡达,Or Yehuda,manual
IL,293788,拉马特甘,Ramat Gan,manual
IL,293783,拉马特沙龙,Ramat HaSharon,manual
IL,10227184,耶胡德-莫诺松,Yehud-Monosson,manual
IL,8199394,阿里埃勒,Ariel,manual
IL,281184,耶路撒冷,Jerusalem,manual
IL,295772,阿布古什,Abū Ghaush,manual
IL,295432,贝特谢梅什,Bet Shemesh,manual
IL,294245,梅瓦塞莱特锡安,Mevasseret Tsiyyon,manual
IL,8199378,莫迪因伊利特,Modiin Ilit,manual
IL,293821,基里亚特耶阿里姆,Qiryat Ye‘arim,manual
PS,281133,加沙,Gaza,manual
PS,281141,代尔拜莱赫,Dayr al Balaḩ,manual
PS,281124,汗尤尼斯,Khān Yūnis,manual
PS,281102,拉法,Rafaḩ,manual
PS,281160,富卡里,Al Fukhkhārī,manual
PS,6968063,穆格拉卡,Al Mughrāqah,manual
PS,6967865,卡拉拉,Al Qarārah,manual
PS,6967857,纳斯尔,An Naşr,manual
PS,6967990,扎韦达,Az Zuwāydah,manual
PS,281148,巴尼苏海拉,Banī Suhaylā,manual
PS,281145,拜特拉希耶,Bayt Lāhyā,manual
PS,281146,拜特哈嫩,Bayt Ḩānūn,manual
PS,281129,贾巴利亚,Jabālyā,manual
PS,281119,库扎阿,Khuzā‘ah,manual
PS,281093,舒卡特苏菲,Shūkat aş Şūfī,manual
PS,6967863,阿巴桑贾迪达,‘Abasān al Jadīdah,manual
PS,281165,阿巴桑卡比拉,‘Abasān al Kabīrah,manual
PS,284899,耶利哥,Jericho,manual
PS,284315,伯利恒,Bethlehem,manual
PS,285066,希伯仑,Hebron,manual
PS,282615,纳布卢斯,Nablus,manual
PS,281581,图巴斯,Ţūbās,manual
PS,285279,阿布迪斯,Abū Dīs,manual
PS,7890368,多哈,Ad Dawḩah,manual
PS,285108,比雷赫,Al Bīrah,manual
PS,285061,希德尔,Al Khaḑir,manual
PS,284999,亚蒙,Al Yāmūn,manual
PS,285111,阿宰里耶,Al ‘Ayzarīyah,manual
PS,7890350,乌拜迪耶,Al ‘Ubaydīyah,manual
PS,284890,拉姆-巴里德,Ar Rām wa Ḑāḩiyat al Barīd,manual
PS,284583,萨穆,As Samū‘,manual
PS,284597,舒尤赫,Ash Shuyūkh,manual
PS,285034,扎伊图尼耶,Az Zaytūnīyah,manual
PS,284486,扎希里耶,Az̧ Z̧āhirīyah,manual
PS,284461,巴拉,Bal‘ā,manual
PS,284431,巴尼纳伊姆,Banī Na‘īm,manual
PS,7889665,巴尼扎伊德,Banī Zayd,manual
PS,282783,东巴尼扎伊德,Banī Zayd ash Shārqīyah,manual
PS,284341,贝特法贾尔,Bayt Fajjār,manual
PS,284339,贝特富里克,Bayt Fūrīk,manual
PS,284324,拜特贾拉,Bayt Jālā,manual
PS,284320,贝特卡希勒,Bayt Kāḩil,manual
PS,284312,贝特利基亚,Bayt Liqyā,manual
PS,284313,贝特利德,Bayt Līd,manual
PS,284304,拜特萨胡尔,Bayt Sāḩūr,manual
PS,284347,贝特乌拉,Bayt Ūlā,manual
PS,284329,贝特乌马尔,Bayt Ūmmar,manual
PS,283129,贝特阿瓦,Bayt ‘Awwā,manual
PS,284362,上贝塔,Baytā al Fawqā,manual
PS,284294,贝图尼亚,Baytūnyā,manual
PS,284270,比杜,Biddū,manual
PS,284271,比迪亚,Bidyā,manual
PS,284194,布尔钦,Birqīn,manual
PS,284237,比尔宰特,Bīr Zayt,manual
PS,284105,代尔阿布达伊夫,Dayr Abū Ḑa‘īf,manual
PS,284078,代尔迪卜万,Dayr Dibwān,manual
PS,7890847,代尔萨米特,Dayr Sāmit,manual
PS,284100,代尔古孙,Dayr al Ghuşūn,manual
PS,284046,丹纳巴,Dhannābah,manual
PS,284011,杜拉,Dūrā,manual
PS,283621,伊德纳,Idhnā,manual
PS,283570,贾巴,Jaba‘,manual
PS,283521,贾马因,Jammā‘īn,manual
PS,283133,詹纳塔,Jannātah,manual
PS,283506,杰宁,Janīn,manual
PS,283361,卡法拉伊,Kafr Rā‘ī,manual
PS,283157,哈尔巴萨米斯巴,Kharbathā al Mişbāḩ,manual
PS,283246,哈拉斯,Khārās,manual
PS,282793,梅萨隆,Maythalūn,manual
PS,282593,纳哈林,Naḩḩālīn,manual
PS,282477,卡巴兰,Qabalān,manual
PS,282476,卡巴提亚,Qabāţīyah,manual
PS,282463,卡芬,Qaffīn,manual
PS,282457,盖勒吉利耶,Qalqīlyah,manual
PS,282376,卡塔纳,Qaţanah,manual
PS,282239,拉姆安拉,Ramallah,manual
PS,282039,塞勒菲特,Salfīt,manual
PS,281793,萨伊尔,Sa‘īr,manual
PS,281789,锡勒瓦德,Silwād,manual
PS,281778,辛吉勒,Sinjil,manual
PS,281715,苏里夫,Surif City,manual
PS,281791,西拉特哈里西耶,Sīlat al Ḩārithīyah,manual
PS,281790,西拉特扎赫尔,Sīlat az̧ Z̧ahr,manual
PS,281690,塔富赫,Taffūḩ,manual
PS,281637,塔尔库米亚,Tarqūmyā,manual
PS,281292,亚塔,Yaţţā,manual
PS,281318,亚巴德,Ya‘bad,manual
PS,281240,扎塔拉,Za‘tarah,manual
PS,281657,塔蒙,Ţammūn,manual
PS,281577,图勒凯尔姆,Ţūlkarm,manual
PS,283843,哈布拉,Ḩablah,manual
PS,283806,哈勒胡勒,Ḩalḩūl,manual
PS,283676,希兹马,Ḩizmā,manual
PS,283636,胡瓦拉,Ḩuwwārah,manual
PS,283643,胡桑,Ḩūsān,manual
PS,284976,阿纳布塔,‘Anabtā,manual
PS,284973,阿纳塔,‘Anātā,manual
PS,284922,阿克拉巴,‘Aqrabā,manual
PS,284893,阿拉巴,‘Arrābah,manual
PS,284557,阿提勒,‘Attīl,manual
PS,284547,阿瓦尔塔,‘Awartā,manual
PS,284480,阿尊,‘Azzūn,manual
PS,284593,北阿西拉,‘Aşīrah ash Shamālīyah,manual
PS,283612,伊拉尔,‘Illār,manual
KW,285629,哈瓦利,Ḩawallī,manual
KW,285799,杰赫拉,Al Jahrā’,manual
KW,285815,法尔瓦尼亚,Al Farwānīyah,manual
KW,7329411,穆巴拉克卡比尔,Mubārak al Kabīr,manual
KW,412800,萨巴赫萨利姆,Şabāḩ as Sālim,manual
KW,285839,艾哈迈迪,Al Aḩmadī,manual
KW,285811,法海希勒,Al Faḩāḩīl,manual
KW,285812,芬塔斯,Al Finţās,manual
KW,285782,马赫布拉,Al Mahbūlah,manual
KW,285778,曼加夫,Al Manqaf,manual
KW,285760,沃夫拉,Al Wafrah,manual
KW,285728,里卡,Ar Riqqah,manual
KW,285787,科威特城,Kuwait City,manual
KW,285673,祖尔,Az Zawr,manual
BH,290247,哈马德城,Madīnat Ḩamad,manual
BH,385038,里法,Ar Rifā‘,manual
BH,290296,扎拉克,Az Zallāq,manual
BH,290269,达尔库莱布,Dār Kulayb,manual
BH,290187,伊萨城,Madīnat ‘Īsá,manual
BH,290332,穆哈拉格,Al Muharraq,manual
BH,290363,希德,Al Ḩadd,manual
BH,290340,麦纳麦,Manama,manual
BH,290215,吉德哈夫斯,Jidd Ḩafş,manual
BH,290121,萨纳比斯,Sanābis,manual
BH,290104,锡特拉,Sitrah,manual
QA,289524,乌姆萨拉勒阿里,Umm Şalāl ‘Alī,manual
QA,289523,乌姆萨拉勒穆罕默德,Umm Şalāl Muḩammad,manual
QA,289739,沙马尔城,Madīnat ash Shamāl,manual
QA,290030,多哈,Doha,manual
QA,289847,宰阿因,Az̧ Z̧a‘āyin,manual
QA,13512674,卢赛尔,Lusail,manual
QA,289915,沃克拉,Al Wakrah,manual
QA,289913,沃基尔,Al Wukayr,manual
QA,289525,梅赛义德,Musay‘īd,manual
QA,289877,沙哈尼亚,Ash Shīḩānīyah,manual
QA,289813,杜汉,Dukhān,manual
QA,289962,豪尔,Al Khawr,manual
QA,289888,赖扬,Ar Rayyān,manual
AE,290594,乌姆盖万,Umm Al Quwain City,manual
AE,291074,哈伊马角,Ras Al Khaimah,manual
AE,291794,杰济拉哈姆拉,Al Jazīrah al Ḩamrā’,manual
AE,292692,拉姆斯,Ar Rams,manual
AE,292878,富查伊拉,Fujairah,manual
AE,292231,迪巴富查伊拉,Dibba Al-Fujairah,manual
AE,292672,沙迦,Sharjah,manual
AE,292953,迪德,Adh Dhayd,manual
AE,13118445,马达姆,Al Madam,manual
AE,292239,迪巴希森,Dibba Al-Hisn,manual
AE,291763,卡尔巴,Kalbā,manual
AE,291696,豪尔费坎,Khawr Fakkān,manual
AE,292223,迪拜,Dubai,manual
AE,13118439,拉赫巴布,Lahbab,manual
AE,292862,哈塔,Ḩattā,manual
AE,292968,阿布扎比,Abu Dhabi,manual
AE,292913,艾因,Al Ain City,manual
AE,292688,鲁韦斯,Ar Ruways,manual
AE,291279,梅扎伊拉,Muzayri‘,manual
AE,413256,苏韦汉,Suwayḩān,manual
AE,291580,扎耶德城,Zayed City,manual
AE,292932,阿治曼,Ajman,manual
AE,292799,马纳马,Al Manāmah,manual
AE,291489,马斯富特,Maşfūţ,manual
OM,287939,海马,Haymā’,manual
OM,286621,塞拉莱,Şalālah,manual
OM,286140,塞迈里特,Thamarīt,manual
OM,8549596,迈祖奈,Al Mazyūnah,manual
OM,287832,伊卜拉,Ibrā’,manual
OM,289142,卡比勒,Al Qābil,manual
OM,288902,拜迪耶,Badīyah,manual
OM,286282,苏哈尔,Sohar,manual
OM,289199,海布拉,Al Khābūrah,manual
OM,288955,苏韦格,As Suwayq,manual
OM,289174,利瓦,Liwá,manual
OM,286402,希纳斯,Shināş,manual
OM,286647,萨哈姆,Şaḩam,manual
OM,286245,苏尔,Sur,manual
OM,288789,巴尔卡,Barkā’,manual
OM,289011,鲁斯塔克,Rustaq,manual
OM,289317,布赖米,Al Buraymī,manual
OM,411849,延古勒,Yanqul,manual
OM,287830,伊卜里,‘Ibrī,manual
OM,287614,海塞卜,Khasab,manual
OM,11764763,迪巴港,Mīnā’ Dabā,manual
OM,286987,尼兹瓦,Nizwá,manual
OM,289433,阿丹,Adam,manual
OM,288899,巴赫拉,Bahlā’,manual
OM,288721,比德比德,Bidbid,manual
OM,287814,伊兹基,Izkī,manual
OM,286590,萨迈勒,Samā’il,manual
OM,287286,马斯喀特,Muscat,manual
OM,287275,穆特拉,Muţraḩ,manual
OM,288764,鲍舍尔,Bawshar,manual
OM,286839,古赖亚特,Qurayyāt,manual
OM,288967,锡卜,Seeb,manual
SA,107312,布盖格,Abqaiq,manual
SA,110107,奥贾姆,Al Awjām,manual
SA,109915,巴塔利耶,Al Baţţālīyah,manual
SA,109571,胡富夫,Al Hufūf,manual
SA,109502,贾夫尔,Al Jafr,manual
SA,109435,朱拜勒,Al Jubayl,manual
SA,109380,哈夫吉,Al Khafjī,manual
SA,109165,马尔卡兹,Al Markaz,manual
SA,109101,穆拜赖兹,Al Mubarraz,manual
SA,109059,穆奈齐拉,Al Munayzilah,manual
SA,109008,穆泰里菲,Al Muţayrifī,manual
SA,108927,盖提夫,Al Qaţīf,manual
SA,108890,古赖因,Al Qurayn,manual
SA,108957,加拉,Al Qārah,manual
SA,109998,阿瓦米耶,Al ‘Awwāmīyah,manual
SA,108142,萨法尼耶,As Saffānīyah,manual
SA,101344,图比,At Tūbī,manual
SA,107959,塔拉夫,Aţ Ţaraf,manual
SA,107797,宰赫兰,Dhahran,manual
SA,106297,哈费尔巴廷,Hafar Al-Batin,manual
SA,105252,朱莱吉莱,Julayjilah,manual
SA,109323,胡拜尔,Khobar,manual
SA,103922,穆莱杰,Mulayjah,manual
SA,108918,盖苏迈,Qaisumah,manual
SA,102891,拉斯坦努拉,Ras Tanura,manual
SA,102318,赛哈特,Sayhāt,manual
SA,101554,塔鲁特,Tārūt,manual
SA,101035,乌姆萨希克,Umm as Sāhik,manual
SA,102585,萨夫瓦,Şafwá,manual
SA,108655,伊纳克,‘Inak,manual
SA,110336,达曼,Dammam,manual
SA,108410,利雅得,Riyadh,manual
SA,109194,迈季迈阿,Al Majma‘ah,manual
SA,110325,达瓦迪米,Ad Dawādimī,manual
SA,110314,迪拉姆,Ad Dilam,manual
SA,110312,德拉伊耶,Ad Dir‘īyah,manual
SA,110250,阿菲夫,Afif,manual
SA,110031,阿尔塔维耶,Al Arţāwīyah,manual
SA,109615,哈亚西姆,Al Hayāthim,manual
SA,109432,朱拜莱,Al Jubaylah,manual
SA,109353,海尔季,Al Kharj,manual
SA,108787,欧耶奈,Al ‘Uyaynah,manual
SA,108048,苏莱伊勒,As Sulayyil,manual
SA,107781,祖勒菲,Az Zulfī,manual
SA,104716,莱拉,Laylá,manual
SA,104376,马拉特,Marāt,manual
SA,102744,鲁迈赫,Rumāḩ,manual
SA,102170,沙格拉,Shaqra,manual
SA,108121,萨吉尔,Sājir,manual
SA,396550,图迈尔,Tumayr,manual
SA,13631408,豪泰拜尼塔米姆,Ḥawṭah Banī Tamīm,manual
SA,101313,图赖夫,Ţurayf,manual
SA,108512,阿拉尔,Arar,manual
SA,110275,扎比耶,Adh Dhibiyah,manual
SA,397833,中巴达伊,Al Badā’i‘ al Wusţá,manual
SA,109878,布凯里耶,Al Bukayrīyah,manual
SA,397513,富韦利格,Al Fuwayliq,manual
SA,109391,哈卜拉,Al Khabrā’,manual
SA,109131,米兹纳卜,Al Mithnab,manual
SA,11829674,穆莱达,Al Mulaydā’,manual
SA,108435,拉斯,Ar Rass,manual
SA,107840,艾因伊本富海德,Ayn Ibn Fuhayd,manual
SA,106872,杜赫奈,Dukhnah,manual
SA,103220,吉巴,Qibah,manual
SA,11835536,利雅得哈卜拉,Riyāḑ al Khabrā’,manual
SA,101581,塔努迈,Tanūmah,manual
SA,101732,欧奈宰,Unaizah,manual
SA,100732,乌格拉特苏古尔,‘Uqlat aş Şuqūr,manual
SA,108782,乌尤恩吉瓦,‘Uyūn al Jiwā’,manual
SA,107304,布赖代,Buraydah,manual
SA,110619,阿布阿里什,Abū ‘Arīsh,manual
SA,110328,达尔卜,Ad Darb,manual
SA,109481,贾拉迪耶,Al Jarādīyah,manual
SA,101973,舒盖里,Ash Shuqayrī,manual
SA,100399,宰比耶,Az̧ Z̧abyah,manual
SA,13645279,扎哈班,Dhahabān,manual
SA,106744,法拉桑,Farasān,manual
SA,106667,费法,Fayfā’,manual
SA,104269,米斯利耶,Mislīyah,manual
SA,410874,米兹希拉,Mizhirah,manual
SA,102651,萨比亚,Şabyā,manual
SA,102451,萨姆塔,Şāmitah,manual
SA,107117,达马德,Ḑamad,manual
SA,105299,吉赞,Jizan,manual
SA,107588,巴格阿,Baq‘ā’,manual
SA,393275,图鲁拜,Turubah,manual
SA,106281,哈伊勒,Ha'il,manual
SA,108773,沃季赫,Al Wajh,manual
SA,106909,杜巴,Duba,manual
SA,101516,泰马,Taymā’,manual
SA,100926,乌姆卢季,Umluj,manual
SA,101628,塔布克,Tabuk,manual
SA,12513572,迈希利耶,Al Mash‘ilīyah,manual
SA,108753,瓦迪亚,Al Wadī‘ah,manual
SA,13645278,胡巴什,Khubāsh,manual
SA,12513575,哈布纳,Ḩabūnā,manual
SA,103630,奈季兰,Najrān,manual
SA,109118,明达克,Al Mindak,manual
SA,110060,阿基克,Al ‘Aqīq,manual
SA,107692,巴勒朱拉希,Baljurashi,manual
SA,109953,巴哈,Al Bahah,manual
SA,108648,古拉亚特,Qurayyat,manual
SA,392753,苏韦尔,Şuwayr,manual
SA,101631,图拜尔贾勒,Ţubarjal,manual
SA,106102,哈格勒,Ḩaql,manual
SA,102527,塞卡卡,Sakakah,manual
SA,101547,塔斯利斯,Tathlīth,manual
SA,399518,迈贾里达,Al Majāridah,manual
SA,108617,纳马斯,An Nimas,manual
SA,12495725,巴里格,Bariq,manual
SA,103369,比沙,Bīshah,manual
SA,105072,海米斯穆谢特,Khamis Mushait,manual
SA,12546009,拉尼耶,Ranyah,manual
SA,12500245,萨拉特阿比达,Sarāt ‘Abīdah,manual
SA,101633,塔巴莱,Tabālah,manual
SA,110690,艾卜哈,Abha,manual
SA,410084,哈达,Al Hadā,manual
SA,109417,朱穆姆,Al Jumūm,manual
SA,109306,胡尔迈,Al Khurmah,manual
SA,109253,莱斯,Al Līth,manual
SA,409993,穆韦,Al Muwayh,manual
SA,410096,沙法,Ash Shafā,manual
SA,105343,吉达,Jeddah,manual
SA,104923,胡莱斯,Khulayş,manual
SA,11524299,阿卜杜拉国王经济城,King Abdullah City,manual
SA,103035,拉比格,Rābigh,manual
SA,107968,塔伊夫,Ta’if,manual
SA,409682,图沃勒,Thuwal,manual
SA,101322,图拉拜,Turabah,manual
SA,104515,麦加,Makkah,manual
SA,104979,海拜尔,Khaybar,manual
SA,108841,埃尔奥拉,Al-`Ula,manual
SA,107744,巴德尔侯奈因,Badr Ḩunayn,manual
SA,104578,迈赫德宰海卜,Mahd adh Dhahab,manual
SA,100425,延布,Yanbu,manual
SA,109223,麦地那,Madinah,manual
YE,415189,亚丁,Aden,manual
YE,78964,马哈迪尔,Al Makhādir,manual
YE,78543,乌代因,Al ‘Udayn,manual
YE,78379,纳迪拉,An Nādirah,manual
YE,30762,拉马迪,Ar Ramādī,manual
YE,408846,拉德迈,Ar Raḑmah,manual
YE,408342,里达伊,Ar Riḑā’ī,manual
YE,77881,伊卜萨达,As Saddah,manual
YE,77791,赛亚尼,As Sayyānī,manual
YE,76154,济苏法勒,Dhī as Sufāl,manual
YE,74185,吉卜莱,Jiblah,manual
YE,72561,穆宰基拉,Markaz Mudhaykirah,manual
YE,30696,纳季德贾迈,Najd al Jamā‘ī,manual
YE,7356864,代斯,Qaryat ad Da‘īs,manual
YE,71481,里哈卜,Riḩāb,manual
YE,69559,亚里姆,Yarīm,manual
YE,30714,上扎勒迈,Z̧almah al ‘Ulyā,manual
YE,7360069,哈兹姆乌代因,Ḩazm al ‘Udayn,manual
YE,74477,伊卜,Ibb,manual
YE,80331,东迪斯,Ad Dīs ash Sharqīyah,manual
YE,77803,比拉德,Al Bilād,manual
YE,79845,巴提奈,Al Bāţinah,manual
YE,72855,焦勒,Al Jawl,manual
YE,79478,盖坦,Al Qaţan,manual
YE,7931038,希鲁季,Al Shirūj,manual
YE,74785,阿卜尔,Al ‘Abr,manual
YE,8308729,乌莱卜,Al ‘Ulayb,manual
YE,71549,赖达,Ar Raydah,manual
YE,74499,萨拉西勒,As Salāsil,manual
YE,30490,希赫尔,Ash Shiḩr,manual
YE,80383,扎利阿,Az̧ Z̧alī‘ah,manual
YE,76699,布鲁姆,Burūm,manual
YE,75618,盖勒巴瓦齐尔,Ghayl Bā Wazīr,manual
YE,72647,明瓦赫,Minwakh,manual
YE,7930439,鲁迈,Rumāh,manual
YE,71282,萨赫,Sāh,manual
YE,70160,塔里姆,Tarim,manual
YE,70080,塞穆德,Thamūd,manual
YE,71136,萨纳,Şanā’,manual
YE,70551,锡夫,Şīf,manual
YE,79609,哈杰尔马沙伊赫,Ḩajar al Mashā’ikh,manual
YE,79393,胡赖达,Ḩurayḑah,manual
YE,78448,阿姆德,‘Amd,manual
YE,78754,穆卡拉,Mukalla,manual
YE,70676,希巴姆,Shibām,manual
YE,70357,阿卜斯,Abs,manual
YE,407094,贾米迈,Al Jamīmah,manual
YE,403270,马格拉拜,Al Maghrabah,manual
YE,79006,马哈比沙,Al Maḩābishah,manual
YE,413170,米夫塔赫,Al Miftāḩ,manual
YE,77985,沙加迪拉,Ash Shaghādirah,manual
YE,77980,沙希勒,Ash Shāhil,manual
YE,410915,阿斯拉姆,Aslam,manual
YE,7344394,巴尼阿瓦姆,Banī al ‘Awwām,manual
YE,7344569,巴尼纳哈里,Banī an Nahārī,manual
YE,8356282,海兰,Khayrān,manual
YE,410914,库沙尔,Kushar,manual
YE,73638,库赫兰阿法尔,Kuḩlān ‘Affār,manual
YE,73650,库艾迪奈,Ku‘aydinah,manual
YE,403316,马比扬,Mabyan,manual
YE,34886,穆斯塔巴,Mustabā’,manual
YE,72752,米迪,Mīdī,manual
YE,70808,沙拉斯,Sharas,manual
YE,34862,沙马尔集市,Sūq Shamar,manual
YE,69640,瓦什哈,Washḩah,manual
YE,34846,瓦达拉,Waḑarah,manual
YE,75163,哈拉德,Ḩaraḑ,manual
YE,75337,哈杰,Ḩajjah,manual
YE,80336,迪姆奈,Ad Dimnah,manual
YE,30740,马萨利耶,Al Masālīyah,manual
YE,78776,米斯拉赫,Al Misrākh,manual
YE,406072,纳什迈,Al Nashmah,manual
YE,7354697,艾因,Al ‘Ayn,manual
YE,30748,劳奈,Ar Rawnah,manual
YE,407690,鲁布,Ar Rubū‘,manual
YE,30735,舒盖拉,Ash Shuqayrah,manual
YE,77646,图尔拜,At Turbah,manual
YE,8357701,萨勒沃,Aş Şalw,manual
YE,76089,祖巴卜,Dhubāb,manual
YE,76482,达尔纳西尔,Dār an Nāşir,manual
YE,407716,马格巴奈,Maqbanah,manual
YE,72760,穆扎,Mawza‘,manual
YE,72781,马维耶,Māwiyah,manual
YE,69537,尤弗鲁斯,Yufrus,manual
YE,7367232,哈乌拉,Ḩawrah,manual
YE,74938,海凡,Ḩayfān,manual
YE,70225,塔伊兹,Taiz,manual
YE,78751,摩卡,Mocha,manual
YE,80379,丹,Ad Dann,manual
YE,30777,艾哈德,Al Aḩad,manual
YE,401000,朱迈,Al Jum‘ah,manual
YE,408801,迈法阿,Al Mayfa’ah,manual
YE,73409,马巴尔,Ma‘bar,manual
YE,30729,鲁布集市,Sūq ar Rubū‘,manual
YE,69457,扎拉杰,Zarājah,manual
YE,408124,扎拜,Z̧abah,manual
YE,76362,达乌兰代达,Ḑawrān ad Daydah,manual
YE,75239,哈马姆阿里,Ḩammām ‘Alī,manual
YE,76184,扎玛尔,Dhamār,manual
YE,79219,朱尔拜,Al Jurbah,manual
YE,78814,米拉赫,Al Milāḩ,manual
YE,72430,穆赛米尔,Al Musaymīr,manual
YE,75508,哈比莱因,Al Ḩabīlayn,manual
YE,70272,苏韦达,As Suwaydā,manual
YE,77946,沙特,Ash Shaţţ,manual
YE,77307,巴尼巴克尔,Banī Bakr,manual
YE,79088,基尔什,Kirsh,manual
YE,75357,拉布斯城,Madīnat Lab‘ūs,manual
YE,409051,图尔巴哈,Ţawr al Bāḩah,manual
YE,75504,哈比勒贾布尔,Ḩabīl al Jabr,manual
YE,8308699,哈比勒赖达,Ḩabīl ar Raydah,manual
YE,7928384,哈达达,Ḩadādah,manual
YE,73560,拉赫季,Laḩij,manual
YE,407049,盖勒,Al Ghayl,manual
YE,406845,希拉卜,Al Khirāb,manual
YE,407042,马通,Al Matūn,manual
YE,407048,马斯卢卜,Al Maşlūb,manual
YE,406737,马赫贾勒,Al Maḩjal,manual
YE,406884,胡迈达特,Al Ḩumaydāt,manual
YE,70346,伊南,Al ‘Inān,manual
YE,407129,劳德,Ar Rawḑ,manual
YE,77529,扎希尔,Az Zāhir,manual
YE,406761,拉朱扎,Rajūzah,manual
YE,407036,希斯恩巴尼萨德,Ḩişn Banī Sa‘d,manual
YE,79455,哈兹姆,Al Ḩazm,manual
YE,75427,哈迪布,Hadibu,manual
YE,71799,卡兰西耶,Qalansīyah,manual
YE,73325,马富德,Al Māfūd,manual
YE,77594,哈贾卜,Al Ḩajab,manual
YE,79967,阿基尔,Al ‘Āqir,manual
YE,78141,劳达,Ar Rawḑah,manual
YE,77862,赛义德,Aş Şa‘īd,manual
YE,8308730,塔勒赫,Aţ Ţalḩ,manual
YE,77017,贝汉,Bayḩān,manual
YE,7931039,焦勒迈季迈,Jawl al Majma‘,manual
YE,73788,豪拉,Khawrah,manual
YE,78112,马尔巴特,Marbāţ,manual
YE,72746,舍卜沃迈法阿,Mayfa‘ah,manual
YE,8308191,马塔拉,Maţarah,manual
YE,72181,尼萨卜,Nişāb,manual
YE,71687,鲁杜姆,Ruḑūm,manual
YE,75518,哈班,Ḩabbān,manual
YE,69769,乌赛兰,‘Usaylān,manual
YE,77726,阿塔格,Ataq,manual
YE,80309,杜赖希米,Ad Durayhimī,manual
YE,79284,贾拉希,Al Jarrāḩī,manual
YE,79131,豪哈,Al Khawkhah,manual
YE,79050,卢海耶,Al Luḩayyah,manual
YE,78929,曼苏里耶,Al Manşūrīyah,manual
YE,78909,马拉维阿,Al Marāwi‘ah,manual
YE,78823,米格拉夫,Al Mighlāf,manual
YE,78742,穆尼拉,Al Munīrah,manual
YE,78675,加纳维斯,Al Qanāwiş,manual
YE,401672,苏赫奈,As Sukhnah,manual
YE,77655,图海塔,At Tuḩaytā’,manual
YE,77515,扎伊迪耶,Az Zaydīyah,manual
YE,77504,祖赫拉,Az Zuhrah,manual
YE,77843,萨利夫,Aş Şalīf,manual
YE,80393,达希,Aḑ Ḑaḩī,manual
YE,76991,拜特法基赫,Bayt al Faqīh,manual
YE,77408,巴吉勒,Bājil,manual
YE,78905,马里尔,Markaz al Marīr,manual
YE,401653,里加卜,Riqāb,manual
YE,69500,宰比德,Zabīd,manual
YE,74906,海斯,Ḩays,manual
YE,69944,乌巴勒,‘Ubāl,manual
YE,79415,荷台达,Al Ḩudaydah,manual
YE,7345723,希吉拉,Al Hijrah,manual
YE,7346660,哈拉卜,Al Kharāb,manual
YE,73125,马拉希特,Al Malāḩīţ,manual
YE,7346082,马沙夫,Al Mashāf,manual
YE,406635,哈什瓦,Al Ḩashwah,manual
YE,34888,纳齐尔,An Naz̧īr,manual
YE,7683765,沙瓦提,Ash Shawātī,manual
YE,8015577,巴吉姆集市,Bāqim as Sūq,manual
YE,73668,基塔夫,Kitāf,manual
YE,8534038,马吉兹,Majz,manual
YE,406662,萨盖因,Sāqayn,manual
YE,7345827,海米斯集市,Sūq al Khamīs,manual
YE,411056,海丹,Ḩaydān,manual
YE,71334,萨达,Sa'dah,manual
YE,7890531,哈尼格,Al Khāniq,manual
YE,73365,马迪德,Al Madīd,manual
YE,404914,海法,Al Ḩayfah,manual
YE,402753,乌拉,Al ‘Urrah,manual
YE,404915,拜特马兰,Bayt Marrān,manual
YE,74167,吉哈奈,Jiḩānah,manual
YE,73331,马夫哈格,Mafḩaq,manual
YE,73091,马纳哈,Manākhah,manual
YE,403754,马特奈,Matnah,manual
YE,34821,马特瓦,Matwaḩ,manual
YE,70979,赛扬,Sayyān,manual
YE,69684,瓦兰,Wa‘lān,manual
YE,71273,萨哈尔,Saḩar,manual
YE,30543,盖莱,Al Ghaylah,manual
YE,7364913,古赖希耶,Al Qurayshīyah,manual
YE,7931041,贝达哈兹姆,Al Ḩazm,manual
YE,7364784,阿盖拜,Al ‘Aqabah,manual
YE,7363900,纳季德,An Najd,manual
YE,77809,萨瓦迪耶,As Sawādīyah,manual
YE,70759,沙里耶,Ash Sharyah,manual
YE,69482,贝达扎希尔,Az Zāhir,manual
YE,77800,绍迈阿,Aş Şawma‘ah,manual
YE,76125,济纳伊姆,Dhī Nā‘im,manual
YE,408970,马斯瓦拉,Maswarah,manual
YE,73100,贝达米拉赫,Milāḩ,manual
YE,72519,穆凯拉斯,Mukayrās,manual
YE,71491,拉达,Radā‘,manual
YE,408883,扎希姆,Zakhim,manual
YE,78713,马乌达,Āl Ma‘ūdah,manual
YE,79836,贝达,Al Bayda,manual
YE,401019,哈迪耶,Al Ḩadīyah,manual
YE,30788,迪勒,Aḑ Ḑil‘,manual
YE,401023,库斯迈,Kusmah,manual
YE,400734,比拉德塔阿姆,Markaz Bilād aţ Ţa‘ām,manual
YE,401043,贾宾,Al Jabīn,manual
YE,79384,胡赛因,Al Ḩusayn,manual
YE,77636,阿瓦比勒,Al ‘Awābil,manual
YE,69686,济贾拉勒,Dhī Jalāl,manual
YE,74116,朱班,Juban,manual
YE,71904,盖塔拜,Qa‘ţabah,manual
YE,30689,达乌兰,Ḑawrān,manual
YE,408866,达姆特温泉,Ḩammām Damt,manual
YE,80384,达利,Aḑ Ḑāli‘,manual
YE,407014,马丹,Al Madān,manual
YE,78699,加夫莱,Al Qaflah,manual
YE,79531,哈尔夫,Al Ḩarf,manual
YE,407024,阿沙,Al ‘Ashshah,manual
YE,403272,纳西拉,An Nāşirah,manual
YE,77772,苏达,As Sūdah,manual
YE,76930,新集市,As Sūq al Jadīd,manual
YE,403271,沙拉拉,Aş Şarārah,manual
YE,76927,拜特阿扎盖,Bayt ‘Adhāqah,manual
YE,76147,宰宾,Dhaybīn,manual
YE,73861,哈米尔,Khamir,manual
YE,71558,阿姆兰赖达,Raydah,manual
YE,8357764,萨哈卜,Saḩḩab,manual
YE,70910,沙哈拉特盖斯,Shahārat al Ghīs,manual
YE,34827,苏韦尔,Şuwayr,manual
YE,75539,哈巴拜,Ḩabābah,manual
YE,407096,哈布尔,Ḩabūr,manual
YE,74490,胡斯,Ḩūth,manual
YE,78428,阿姆兰,‘Amrān,manual
YE,78991,马赫菲德,Al Maḩfid,manual
YE,78471,瓦代,Al Wuday‘,manual
YE,80105,阿赫瓦尔,Aḩwar,manual
YE,8357700,杰尚,Jayshān,manual
YE,74368,贾阿尔,Ja‘ār,manual
YE,73504,劳达尔,Lawdar,manual
YE,72557,穆迪耶,Mūdīyah,manual
YE,8357714,拉萨德,Raşad,manual
YE,8308731,西拉尔,Sirār,manual
YE,7931040,西巴集市,Sūq Sibāḩ,manual
YE,69426,津吉巴尔,Zinjibār,manual
YE,74219,焦夫马格巴拜,Jawf al Maqbābah,manual
YE,71137,萨那,Sanaa,manual
YE,402470,海米斯,Al Khamīs,manual
YE,34860,米尔瓦赫,Al Mirwāḩ,manual
YE,402074,鲁朱姆,Ar Rujum,manual
YE,77872,沙法盖因,Aş Şafaqayn,manual
YE,69372,塔维莱,Aţ Ţawīlah,manual
YE,77278,巴尼胡贾季,Banī Ḩujjāj,manual
YE,70677,卡乌卡班希巴姆,Shibām,manual
YE,78977,马哈维特,Al Maḩwīt,manual
YE,78566,古尔赫,Al Qurḩ,manual
YE,7928383,比尔哈特,Bi’r Ḩāt,manual
YE,30485,达哈苏韦斯,Daḩasuways,manual
YE,71834,吉欣,Qishn,manual
YE,71005,赛胡特,Sayḩūt,manual
YE,70656,下希汉,Shiḩan as Suflá,manual
YE,75000,豪夫,Ḩawf,manual
YE,75034,哈斯韦因,Ḩaşwayn,manual
YE,79700,盖达,Al Ghayz̧ah,manual
YE,7931042,阿格塔,Al Aqţa‘,manual
YE,7341563,哈尔贾,Al Ḩarjah,manual
YE,8356686,胡松,Al Ḩuşūn,manual
YE,7364546,阿穆德,Al ‘Amūd,manual
YE,78019,阿斯达斯,Asdās,manual
YE,34724,比德巴达,Bidbadah,manual
YE,30616,朱代达,Judaydah,manual
YE,7341410,马德吉勒,Madghil,manual
YE,34717,马吉扎尔,Majzar,manual
YE,7364022,拉哈拜,Raḩabah,manual
YE,34703,西尔瓦哈集市,Sūq Şirwāḩ,manual
YE,75133,哈里卜,Ḩarīb,manual
YE,72968,马里卜,Ma'rib,manual
CY,146661,德里尼亚,Derýneia,manual
CY,146638,恩戈米,Égkomi,manual
CY,146209,帕拉利姆尼,Paralímni,manual
CY,18918,普罗塔拉斯,Protaras,manual
CY,146105,里佐卡尔帕索,Rizokárpaso,manual
CY,146617,法马古斯塔,Famagusta,manual
CY,146403,拉皮索斯,Lápithos,manual
CY,146412,凯里尼亚,Kyrenia,manual
CY,146796,阿拉迪普,Aradíppou,manual
CY,146768,阿西埃努,Athíenou,manual
CY,146654,德罗莫拉夏,Dhromolaxia,manual
CY,146469,基蒂,Kíti,manual
CY,146451,科洛西,Kolossi,manual
CY,146371,利瓦迪亚,Livádia,manual
CY,145972,西洛法古,Xylofágou,manual
CY,146400,拉纳卡,Larnaca,manual
CY,146189,佩尔加莫斯,Pérgamos,manual
CY,146732,圣多梅蒂奥斯,Ágios Dométios,manual
CY,146619,阿格兰齐亚,Aglantziá,manual
CY,146666,达利,Dáli,manual
CY,145964,耶里,Géri,manual
CY,146392,莱夫卡,Léfka,manual
CY,146286,莫尔富,Mórfou,manual
CY,145981,切里,Tséri,manual
CY,146523,下拉卡塔米亚,Káto Lakatámeia,manual
CY,146054,斯特罗沃洛斯,Stróvolos,manual
CY,146268,尼科西亚,Nicosia,manual
CY,145963,耶尔马索伊亚,Germasógeia,manual
CY,146516,下波莱米迪亚,Káto Polemídia,manual
CY,145952,伊普索纳斯,Ýpsonas,manual
CY,146384,利马索尔,Limassol,manual
CY,146490,赫洛拉卡斯,Chlórakas,manual
CY,146639,恩巴,Emba,manual
CY,11919534,耶罗斯基普,Geroskipou,manual
CY,146214,帕福斯,Paphos,manual
TR,322051,巴纳兹,Banaz,wikidata
TR,315183,埃什梅,Eşme,transliteration
TR,309821,卡拉哈尔勒,Karahallı,transliteration
TR,300616,西瓦斯勒,Sivaslı,transliteration
TR,298454,乌卢贝伊,Ulubey,transliteration
TR,298299,乌沙克,Uşak,wikidata
TR,752278,阿拉贾,Alaca,wikidata
TR,750948,巴亚特,Bayat,manual
TR,750539,波阿兹卡雷,Boğazkale,wikidata
TR,748048,多杜尔加,Dodurga,transliteration
TR,744006,卡尔格,Kargı,transliteration
TR,750165,拉奇恩,Laçin,transliteration
TR,741692,梅吉特聚,Mecitözü,transliteration
TR,740964,奥尔塔柯伊,Ortaköy,transliteration
TR,740883,奥斯马恩哲克,Osmancık,transliteration
TR,744138,奥乌兹拉尔,Oğuzlar,transliteration
TR,739236,松古尔卢,Sungurlu,wikidata
TR,738468,乌乌尔卢达,Uğurludağ,transliteration
TR,745076,伊斯基利普,İskilip,wikidata
TR,748879,乔鲁姆,Çorum,wikidata
TR,752042,阿尔特诺瓦,Altınova,wikidata
TR,751881,阿穆特鲁,Armutlu,wikidata
TR,8384779,泰尔马尔,Termal,transliteration
TR,749163,奇夫特利克伊,Çiftlikköy,wikidata
TR,749075,彻纳尔哲克,Çınarcık,wikidata
TR,738025,亚洛瓦,Yalova,wikidata
TR,325426,阿哲帕亚姆,Acıpayam,wikidata
TR,324630,阿克柯伊,Akköy,transliteration
TR,322618,巴巴达,Babadağ,transliteration
TR,322250,巴克拉恩,Baklan,transliteration
TR,321637,贝基尔利,Bekilli,transliteration
TR,321308,贝伊阿阿奇,Beyağaç,transliteration
TR,320606,博兹库尔特,Bozkurt,transliteration
TR,320437,布尔丹,Buldan,wikidata
TR,313481,居内伊,Güney,transliteration
TR,311962,霍纳兹,Honaz,wikidata
TR,310789,卡莱,Kale,transliteration
TR,301827,萨拉伊柯伊,Sarayköy,wikidata
TR,307211,塞林希萨尔,Serinhisar,wikidata
TR,299575,塔瓦斯,Tavas,wikidata
TR,319857,恰尔,Çal,transliteration
TR,319689,恰姆埃利,Çameli,transliteration
TR,319415,恰尔达克,Çardak,wikidata
TR,318264,奇夫里尔,Çivril,wikidata
TR,320177,尼克费尔,Nikfer,transliteration
TR,302903,棉花堡,Pamukkale,geonames
TR,10180439,珀纳尔肯特,Pınarkent,transliteration
TR,317109,代尼兹利,Denizli,manual
TR,324106,阿利阿,Aliağa,wikidata
TR,316726,迪基利,Dikili,wikidata
TR,314903,福卡,Foça,wikidata
TR,310200,卡拉布伦,Karaburun,wikidata
TR,308224,凯末尔帕夏,Kemalpaşa,wikidata
TR,307727,基拉兹,Kiraz,wikidata
TR,307786,克纳克,Kınık,wikidata
TR,317851,梅恩代雷斯,Menderes,transliteration
TR,304612,米尼曼,Menemen,wikidata
TR,301350,塞菲利希萨尔,Seferihisar,wikidata
TR,299137,蒂雷,Tire,wikidata
TR,298935,托尔巴勒,Torbalı,transliteration
TR,298316,乌尔拉,Urla,manual
TR,318755,切什梅,Çeşme,wikidata
TR,303700,厄代米什,Ödemiş,wikidata
TR,321786,巴伊恩德尔,Bayındır,transliteration
TR,321426,贝尔加马,Bergama,wikidata
TR,302496,波伊拉哲克,Poyracık,transliteration
TR,301256,塞尔丘克,Selçuk,manual
TR,302986,奥兹德雷,Özdere,wikidata
TR,311046,伊兹密尔,İzmir,manual
TR,750249,阿达拉尔,Adalar,transliteration
TR,739634,锡利夫里,Silivri,wikidata
TR,739636,希莱,Şile,transliteration
TR,752765,阿瓦,Ağva,transliteration
TR,750446,博亚勒克,Boyalık,transliteration
TR,857229,杰拉利耶,Celâliye,transliteration
TR,743818,卡瓦克勒,Kavaklı,transliteration
TR,742266,库姆布尔加兹,Kumburgaz,transliteration
TR,739838,塞利姆帕沙,Selimpaşa,transliteration
TR,738858,泰佩吉克,Tepecik,transliteration
TR,749740,恰恩塔,Çanta,transliteration
TR,749644,恰塔尔贾,Çatalca,wikidata
TR,745261,伊姆拉霍尔,İmrahor,transliteration
TR,745044,伊斯坦布尔,Istanbul,manual
TR,324470,阿克苏,Aksu,transliteration
TR,323039,阿塔贝伊,Atabey,transliteration
TR,314698,盖莱恩多斯特,Gelendost,transliteration
TR,313973,格内恩,Gönen,transliteration
TR,308365,凯奇博尔卢,Keçiborlu,wikidata
TR,301172,塞尼尔肯特,Senirkent,transliteration
TR,300030,叙特屈莱尔,Sütçüler,transliteration
TR,298451,乌卢博尔卢,Uluborlu,wikidata
TR,297789,亚尔瓦奇,Yalvaç,wikidata
TR,296942,耶尼沙尔巴代姆利,Yenişarbademli,transliteration
TR,301539,沙尔基卡拉阿奇,Şarkîkaraağaç,wikidata
TR,315905,埃尔迪尔,Eğirdir,wikidata
TR,311073,伊斯帕尔塔,Isparta,manual
TR,322312,巴赫舍勒,Bahşılı,transliteration
TR,322137,巴勒谢伊赫,Balışeyh,transliteration
TR,317332,代利杰,Delice,transliteration
TR,309705,卡拉凯奇利,Karakeçili,transliteration
TR,308024,凯斯金,Keskin,wikidata
TR,739318,苏拉克尤尔特,Sulakyurt,transliteration
TR,297925,亚赫希汉,Yahşihan,wikidata
TR,318925,切莱比,Çelebi,transliteration
TR,307654,克勒克卡莱,Kırıkkale,manual
TR,751371,巴巴埃斯基,Babaeski,wikidata
TR,742794,科夫恰兹,Kofçaz,transliteration
TR,741855,吕莱布尔加兹,Lüleburgaz,wikidata
TR,740650,佩赫利瓦恩柯伊,Pehlivanköy,transliteration
TR,740570,珀纳尔希萨尔,Pınarhisar,wikidata
TR,738154,维泽,Vize,wikidata
TR,743166,克尔克拉雷利,Kırklareli,wikidata
TR,324531,阿克珀纳尔,Akpınar,transliteration
TR,324927,阿克恰肯特,Akçakent,transliteration
TR,320562,博兹泰佩,Boztepe,transliteration
TR,310641,卡曼,Kaman,wikidata
TR,304196,穆朱尔,Mucur,wikidata
TR,318651,奇切克达厄,Çiçekdağı,wikidata
TR,307515,克尔谢希尔,Kırşehir,manual
TR,325449,阿哲格尔,Acıgöl,transliteration
TR,322965,阿瓦诺斯,Avanos,wikidata
TR,316877,代林库尤,Derinkuyu,wikidata
TR,313658,居尔谢希尔,Gülşehir,wikidata
TR,313110,哈吉贝克塔什,Hacıbektaş,wikidata
TR,306115,科扎克勒,Kozaklı,transliteration
TR,298326,于尔居普,Ürgüp,wikidata
TR,313947,格雷梅,Göreme,wikidata
TR,303831,内夫谢希尔,Nevşehir,manual
TR,322324,巴赫切萨拉伊,Bahçesaray,wikidata
TR,321940,巴什卡莱,Başkale,wikidata
TR,301529,埃德雷米特,Edremit,wikidata
TR,315530,埃尔吉斯,Erciş,wikidata
TR,314557,盖瓦什,Gevaş,wikidata
TR,313328,居尔珀纳尔,Gürpınar,wikidata
TR,304138,穆拉迪耶,Muradiye,transliteration
TR,301855,凡城,Saray,wikidata
TR,319823,恰尔德兰,Çaldıran,wikidata
TR,319345,恰塔克,Çatak,transliteration
TR,303022,厄扎尔普,Özalp,wikidata
TR,298117,凡城,Van,manual
TR,323750,阿拉巴恩,Araban,transliteration
TR,309134,卡尔卡默什,Karkamış,wikidata
TR,303798,尼济普,Nizip,wikidata
TR,415534,努尔达厄,Nurdağı,transliteration
TR,303642,奥乌泽利,Oğuzeli,transliteration
TR,297532,亚武泽利,Yavuzeli,transliteration
TR,311104,伊斯拉希耶,İslahiye,transliteration
TR,324415,阿克托普拉克,Aktoprak,transliteration
TR,310083,卡拉贾厄雷恩,Karacaören,transliteration
TR,314830,加济安泰普,Gaziantep,manual
TR,747899,德尔特迪瓦恩,Dörtdivan,transliteration
TR,746940,盖雷代,Gerede,wikidata
TR,746546,格伊尼克,Göynük,wikidata
TR,743382,克布勒斯哲克,Kıbrıscık,transliteration
TR,741644,梅恩盖恩,Mengen,transliteration
TR,741484,莫德里纳,Mudurnu,wikidata
TR,739917,塞贝恩,Seben,transliteration
TR,737756,耶尼恰阿,Yeniçağa,transliteration
TR,750516,博卢,Bolu,wikidata
TR,752297,阿克亚卡,Akyaka,transliteration
TR,751864,阿尔帕恰伊,Arpaçay,transliteration
TR,748148,迪戈尔,Digor,transliteration
TR,744873,卡厄兹曼,Kağızman,wikidata
TR,740088,萨勒卡默什,Sarıkamış,wikidata
TR,739847,塞利姆,Selim,transliteration
TR,739201,苏苏阿兹,Susuz,transliteration
TR,743952,卡尔斯,Kars,wikidata
TR,322729,阿伊拉恩哲,Ayrancı,transliteration
TR,447049,巴什亚伊拉,Başyayla,transliteration
TR,315401,埃尔梅内克,Ermenek,wikidata
TR,308400,卡泽姆卡拉贝基尔,Kazımkarabekir,transliteration
TR,301567,萨勒韦利莱尔,Sarıveliler,transliteration
TR,311264,伊讷尼,İnönü,transliteration
TR,309527,卡拉曼,Karaman,wikidata
TR,747705,伊夫莱尼,Eflani,wikidata
TR,747262,埃斯基帕扎尔,Eskipazar,wikidata
TR,740828,奥瓦哲克,Ovacık,wikidata
TR,740430,萨夫兰博卢,Safranbolu,wikidata
TR,737723,耶尼杰,Yenice,wikidata
TR,747263,格兹耶里,Gözyeri,transliteration
TR,744562,卡拉比克,Karabük,wikidata
TR,752926,阿巴纳,Abana,transliteration
TR,751976,阿拉奇,Araç,transliteration
TR,751388,阿兹达瓦伊,Azdavay,transliteration
TR,752770,阿勒,Ağlı,transliteration
TR,750392,博兹库尔特,Bozkurt,transliteration
TR,749183,吉代,Cide,transliteration
TR,748761,达达伊,Daday,transliteration
TR,748166,代夫雷卡尼,Devrekani,transliteration
TR,747978,多阿恩尤尔特,Doğanyurt,transliteration
TR,745884,汉厄尼,Hanönü,transliteration
TR,742189,屈雷,Küre,transliteration
TR,740581,潘尔巴夏,Pınarbaşı,wikidata
TR,739742,塞伊迪莱尔,Seydiler,transliteration
TR,739061,塔什克普吕,Taşköprü,wikidata
TR,738662,托斯亚,Tosya,wikidata
TR,749609,恰塔尔泽伊蒂恩,Çatalzeytin,transliteration
TR,745387,伊赫萨恩加济,İhsangazi,transliteration
TR,745175,伊内博卢,İnebolu,wikidata
TR,739808,谢恩帕扎尔,Şenpazar,transliteration
TR,743882,卡斯塔莫努,Kastamonu,wikidata
TR,325304,阿夫希恩,Afşin,transliteration
TR,323797,安德伦,Andırın,wikidata
TR,315835,埃基讷聚,Ekinözü,transliteration
TR,315795,埃尔比斯坦,Elbistan,wikidata
TR,314188,格克苏恩,Göksun,transliteration
TR,303763,努尔哈克,Nurhak,wikidata
TR,298770,蒂尔克奥卢,Türkoğlu,wikidata
TR,320004,恰拉扬杰里特,Çağlayancerit,wikidata
TR,302800,帕扎尔哲克,Pazarcık,wikidata
TR,310859,卡赫拉曼马拉什,Kahramanmaraş,manual
TR,323735,阿拉勒克,Aralık,transliteration
TR,738541,图兹卢贾,Tuzluca,wikidata
TR,311665,厄德尔,Iğdır,manual
TR,752020,阿卢季拉,Alucra,wikidata
TR,750317,布兰贾克,Bulancak,wikidata
TR,748240,代雷利,Dereli,transliteration
TR,748008,多阿恩肯特,Doğankent,transliteration
TR,831432,埃斯皮耶,Espiye,wikidata
TR,747191,埃伊内西尔,Eynesil,wikidata
TR,746565,格雷莱,Görele,wikidata
TR,7569266,居杰,Güce,transliteration
TR,743438,凯沙普,Keşap,wikidata
TR,740560,皮拉齐兹,Piraziz,wikidata
TR,738753,蒂雷博卢,Tirebolu,wikidata
TR,738123,亚勒代雷,Yağlıdere,transliteration
TR,749819,恰姆奥卢克,Çamoluk,transliteration
TR,749789,恰纳克彻,Çanakçı,transliteration
TR,739914,谢宾卡拉希萨尔,Şebin Karahisar,wikidata
TR,746881,吉雷松,Giresun,wikidata
TR,296173,于克塞科瓦,Yüksekova,manual
TR,317953,丘库尔贾,Çukurca,wikidata
TR,301209,谢姆丁利,Şemdinli,wikidata
TR,323902,阿尔滕苏,Altınsu,transliteration
TR,318137,哈卡里,Hakkâri,wikidata
TR,323906,阿尔滕厄聚,Altınözü,transliteration
TR,298435,阿尔苏兹,Arsuz,transliteration
TR,321572,贝伦,Belen,wikidata
TR,316284,德尔特约尔,Dörtyol,wikidata
TR,296852,埃尔津,Erzin,wikidata
TR,312405,哈萨,Hassa,wikidata
TR,305686,库姆卢,Kumlu,transliteration
TR,307657,克勒克汉,Kırıkhan,wikidata
TR,297899,帕亚斯,Payas,wikidata
TR,302355,雷伊汉勒,Reyhanlı,wikidata
TR,301975,萨马恩达,Samandağ,transliteration
TR,297466,亚伊拉达厄,Yayladağı,wikidata
TR,311111,伊斯肯德伦,İskenderun,wikidata
TR,302006,阿克贝兹,Akbez,wikidata
TR,322869,阿夫苏尤,Avsuyu,transliteration
TR,438400,德尼兹吉莱尔,Denizciler,wikidata
TR,309683,卡拉基塞,Karakise,transliteration
TR,309192,卡拉耶兰,Karayılan,wikidata
TR,300032,苏塔舍,Sutaşı,transliteration
TR,13697289,厄泽尔利,Özerli,transliteration
TR,323779,安塔基亚,Antakya,manual
TR,298230,吉米恩,Cimin,transliteration
TR,308233,凯马赫,Kemah,wikidata
TR,308230,凯马利耶,Kemaliye,transliteration
TR,303147,奥特卢克贝利,Otlukbeli,transliteration
TR,302401,雷法希耶,Refahiye,wikidata
TR,299268,泰尔詹,Tercan,manual
TR,319047,恰伊厄尔勒,Çayırlı,transliteration
TR,311547,伊利奇,İliç,transliteration
TR,315373,埃尔津詹,Erzincan,manual
TR,745527,霍拉桑,Horasan,wikidata
TR,312114,赫讷斯,Hınıs,transliteration
TR,309199,卡拉亚泽,Karayazı,transliteration
TR,310004,卡拉乔班,Karaçoban,wikidata
TR,306525,克普吕柯伊,Köprüköy,transliteration
TR,741330,纳尔马恩,Narman,transliteration
TR,741160,奥尔图,Oltu,wikidata
TR,741136,奥卢尔,Olur,transliteration
TR,738510,奥瓦哲克,Ovacık,transliteration
TR,302824,帕辛来,Pasinler,wikidata
TR,740659,帕扎尔约卢,Pazaryolu,transliteration
TR,299413,泰克曼,Tekman,wikidata
TR,738674,托尔图姆,Tortum,wikidata
TR,738276,乌祖恩代雷,Uzundere,transliteration
TR,319357,恰特,Çat,transliteration
TR,745047,伊斯皮尔,İspir,wikidata
TR,739816,谢恩卡亚,Şenkaya,transliteration
TR,323094,阿什卡莱,Aşkale,wikidata
TR,315368,埃尔祖鲁姆,Erzurum,manual
TR,312406,阿拉贾卡亚,Alacakaya,transliteration
TR,323653,阿勒贾克,Arıcak,transliteration
TR,325183,阿厄恩,Ağın,transliteration
TR,321929,巴斯基尔,Baskil,transliteration
TR,309663,卡拉考昌,Karakoçan,wikidata
TR,308389,凯巴恩,Keban,transliteration
TR,306207,科万哲拉尔,Kovancılar,wikidata
TR,305041,马登,Maden,wikidata
TR,302912,帕卢,Palu,transliteration
TR,300601,西夫里杰,Sivrice,transliteration
TR,319525,恰恩,Çan,transliteration
TR,315808,埃拉泽,Elazığ,manual
TR,323963,阿尔普,Alpu,transliteration
TR,321219,贝伊利克奥瓦,Beylikova,transliteration
TR,313393,居恩于聚,Günyüzü,transliteration
TR,312649,汉,Han,transliteration
TR,304983,马赫穆迪耶,Mahmudiye,transliteration
TR,741538,米哈尔加济,Mihalgazi,transliteration
TR,304372,米哈勒奇哲克,Mihalıçcık,transliteration
TR,750296,萨勒贾卡亚,Sarıcakaya,transliteration
TR,300920,塞伊特加济,Seyitgazi,wikidata
TR,300593,锡夫里希萨尔,Sivrihisar,wikidata
TR,318603,奇夫泰莱尔,Çifteler,wikidata
TR,311261,伊讷尼,İnönü,transliteration
TR,315202,埃斯基谢希尔,Eskişehir,manual
TR,747503,埃内兹,Enez,wikidata
TR,745719,哈夫萨,Havsa,wikidata
TR,743439,凯尚,Keşan,wikidata
TR,741884,拉拉帕沙,Lâlapaşa,transliteration
TR,741628,梅里奇,Meriç,transliteration
TR,739289,叙洛卢,Süloğlu,transliteration
TR,738251,乌尊克普吕,Uzunköprü,geonames
TR,745148,伊普萨拉,İpsala,wikidata
TR,747712,埃迪尔内,Edirne,wikidata
TR,315800,埃尔贝伊利,Elbeyli,transliteration
TR,304078,穆萨贝伊利,Musabeyli,transliteration
TR,8306185,波拉泰利,Polateli,transliteration
TR,307864,基利斯,Kilis,wikidata
TR,752437,阿克库什,Akkuş,transliteration
TR,751503,艾巴斯特,Aybastı,wikidata
TR,747155,法特萨,Fatsa,wikidata
TR,746628,格尔柯伊,Gölköy,wikidata
TR,738583,居尔亚勒,Gülyalı,transliteration
TR,746252,居尔根泰佩,Gürgentepe,wikidata
TR,745007,卡巴迪兹,Kabadüz,transliteration
TR,744958,卡巴塔什,Kabataş,transliteration
TR,742658,科尔甘,Korgan,wikidata
TR,742238,库姆鲁,Kumru,wikidata
TR,741570,梅苏迪耶,Mesudiye,transliteration
TR,740605,佩尔申贝,Perşembe,wikidata
TR,738444,乌卢贝伊,Ulubey,transliteration
TR,749916,恰马什,Çamaş,wikidata
TR,7581514,恰塔尔珀纳尔,Çatalpınar,transliteration
TR,749518,恰伊巴什厄,Çaybaşı,transliteration
TR,738349,温耶,Ünye,wikidata
TR,745364,伊基兹杰,İkizce,transliteration
TR,13589446,阿亚兹勒,Ayazlı,transliteration
TR,741100,奥尔杜,Ordu,wikidata
TR,312523,迪齐吉,Düziçi,wikidata
TR,312504,哈萨恩贝伊利,Hasanbeyli,transliteration
TR,310892,卡迪尔利,Kadirli,wikidata
TR,316223,苏姆巴斯,Sumbas,transliteration
TR,298977,托普拉卡莱,Toprakkale,wikidata
TR,303195,奥斯曼尼耶,Osmaniye,wikidata
TR,323786,安卡拉,Ankara,manual
TR,322240,巴拉,Bala,transliteration
TR,750637,贝伊帕扎勒,Beypazarı,wikidata
TR,315720,埃尔马达,Elmadağ,transliteration
TR,318496,埃夫雷恩,Evren,transliteration
TR,314133,格尔巴舍,Gölbaşı,wikidata
TR,312289,哈伊马纳,Haymana,wikidata
TR,744814,卡勒奇克,Kalecik,wikidata
TR,743615,卡扎恩,Kazan,transliteration
TR,743051,克孜勒贾哈马姆,Kızılcahamam,wikidata
TR,741347,纳勒汉,Nallıhan,wikidata
TR,302525,波拉特勒,Polatlı,wikidata
TR,749843,恰姆勒代雷,Çamlıdere,wikidata
TR,748870,丘布克,Çubuk,wikidata
TR,752284,阿库尔特,Akyurt,wikidata
TR,297119,阿尔特珀纳尔,Altpınar,transliteration
TR,751511,阿亚什,Ayaş,wikidata
TR,746497,居杜尔,Güdül,wikidata
TR,301116,谢雷夫利科奇希萨尔,Şereflikoçhisar,wikidata
TR,324486,阿克塞基,Akseki,transliteration
TR,324190,阿拉尼亚,Alanya,wikidata
TR,295781,代姆雷,Demre,transliteration
TR,315697,埃尔马勒,Elmalı,wikidata
TR,314923,菲尼凯,Finike,wikidata
TR,314812,加济帕夏,Gazipaşa,wikidata
TR,313526,居恩多穆什,Gündoğmuş,transliteration
TR,306474,科尔库泰利,Korkuteli,wikidata
TR,305681,库姆卢贾,Kumluca,wikidata
TR,304854,马纳夫加特,Manavgat,wikidata
TR,301101,塞里克,Serik,geonames
TR,322817,伊布拉德,İbradı,transliteration
TR,322887,阿夫萨拉尔,Avsallar,wikidata
TR,321580,贝莱克,Belek,manual
TR,305680,贝伊科纳克,Beykonak,transliteration
TR,313900,格伊尼克,Göynük,transliteration
TR,312422,哈斯尤尔特,Hasyurt,transliteration
TR,8378719,卡德里耶,Kadriye,transliteration
TR,6692513,卡尔格贾克,Kargıcak,transliteration
TR,308948,卡什,Kaş,wikidata
TR,308220,凯梅尔,Kemer,transliteration
TR,308208,凯梅拉泽,Kemerağzı,transliteration
TR,319528,凯斯泰尔,Kestel,transliteration
TR,306626,科纳克勒,Konaklı,wikidata
TR,304964,马赫穆特拉尔,Mahmutlar,wikidata
TR,297130,马维肯特,Mavikent,transliteration
TR,302816,帕亚尔拉尔,Payallar,transliteration
TR,301238,西代,Side,manual
TR,298729,图伦乔瓦,Turunçova,wikidata
TR,447025,蒂尔克莱尔,Türkler,transliteration
TR,325159,恰姆尤瓦,Çamyuva,transliteration
TR,6692520,乔拉克勒,Çolaklı,transliteration
TR,323777,安塔利亚,Antalya,manual
TR,752184,阿拉普勒,Alaplı,transliteration
TR,748167,代夫雷克,Devrek,wikidata
TR,747471,卡拉代尼兹埃雷利,Ereğli,manual
TR,746821,格克切贝伊,Gökçebey,wikidata
TR,743337,基利姆利,Kilimli,wikidata
TR,742437,科兹卢,Kozlu,wikidata
TR,749508,恰伊朱马,Çaycuma,wikidata
TR,737022,宗古尔达克,Zonguldak,wikidata
TR,325380,阿达克勒,Adaklı,transliteration
TR,314648,根奇,Genç,wikidata
TR,309032,卡尔勒奥瓦,Karlıova,wikidata
TR,307948,基厄,Kiğı,wikidata
TR,300377,索尔汉,Solhan,wikidata
TR,300430,瑟于特吕,Söğütlü,transliteration
TR,297286,耶迪苏,Yedisu,wikidata
TR,321082,宾格尔,Bingöl,wikidata
TR,324944,阿克恰卡莱,Akçakale,wikidata
TR,321062,比雷吉克,Birecik,wikidata
TR,320581,博佐瓦,Bozova,wikidata
TR,318668,杰伊兰珀纳尔,Ceylanpınar,wikidata
TR,303892,代米尔吉,Demirci,transliteration
TR,312862,哈尔费蒂,Halfeti,wikidata
TR,312531,哈尔拉恩,Harran,transliteration
TR,312134,希尔万,Hilvan,wikidata
TR,300614,锡韦雷克,Siverek,wikidata
TR,300075,苏鲁奇,Suruç,wikidata
TR,298033,维拉恩谢希尔,Viranşehir,transliteration
TR,298333,尚勒乌尔法,Şanlıurfa,wikidata
TR,323927,阿尔图恩希萨尔,Altunhisar,transliteration
TR,320871,博尔,Bor,wikidata
TR,298414,乌卢克什拉,Ulukışla,wikidata
TR,319707,恰姆阿尔德,Çamardı,transliteration
TR,318581,奇夫特利克,Çiftlik,transliteration
TR,303827,尼代,Niğde,wikidata
TR,744827,卡莱,Kale,transliteration
TR,743537,凯尔基特,Kelkit,wikidata
TR,742606,克塞,Köse,transliteration
TR,749421,屈尔蒂恩,Kürtün,transliteration
TR,738668,托鲁尔,Torul,transliteration
TR,739574,希兰,Şiran,wikidata
TR,746425,居米什哈内,Gümüşhane,wikidata
TR,323897,阿尔滕塔什,Altıntaş,wikidata
TR,323082,阿斯拉纳帕,Aslanapa,transliteration
TR,316330,多马尼奇,Domaniç,transliteration
TR,316165,杜姆卢珀纳尔,Dumlupınar,wikidata
TR,315639,埃梅特,Emet,transliteration
TR,314716,盖迪兹,Gediz,transliteration
TR,312051,希萨尔哲克,Hisarcık,transliteration
TR,302787,帕扎尔拉尔,Pazarlar,transliteration
TR,300791,锡马夫,Simav,wikidata
TR,299545,塔夫尚勒,Tavşanlı,wikidata
TR,319171,恰夫达尔希萨尔,Çavdarhisar,transliteration
TR,301884,沙普哈内,Şaphane,transliteration
TR,305268,屈塔希亚,Kütahya,wikidata
TR,751475,阿伊德恩泰佩,Aydıntepe,transliteration
TR,748383,代米勒聚,Demirözü,transliteration
TR,750938,巴伊布尔特,Bayburt,wikidata
TR,322673,阿伊瓦勒克,Ayvalık,transliteration
TR,322060,巴利亚,Balya,wikidata
TR,751077,巴恩德尔马,Bandırma,transliteration
TR,321136,比加迪奇,Bigadiç,wikidata
TR,320369,布尔汉尼耶,Burhaniye,wikidata
TR,316102,杜尔苏恩贝伊,Dursunbey,transliteration
TR,315985,埃德雷米特,Edremit,wikidata
TR,747482,埃尔代克,Erdek,wikidata
TR,313995,格梅奇,Gömeç,transliteration
TR,746574,格嫩,Gönen,wikidata
TR,312355,哈夫兰,Havran,wikidata
TR,308133,凯普苏特,Kepsut,transliteration
TR,741737,马恩亚斯,Manyas,transliteration
TR,741730,马尔马拉,Marmara,transliteration
TR,301453,萨瓦什泰佩,Savaştepe,transliteration
TR,300058,苏苏尔卢克,Susurluk,wikidata
TR,300732,森德格,Sındırgı,wikidata
TR,311054,伊夫里恩迪,İvrindi,transliteration
TR,741125,厄梅尔利,Ömerli,transliteration
TR,322165,巴勒克埃西尔,Balıkesir,wikidata
TR,752016,阿马斯拉,Amasra,wikidata
TR,742095,库鲁贾希莱,Kurucaşile,transliteration
TR,738390,乌卢斯,Ulus,wikidata
TR,751057,巴尔滕,Bartın,wikidata
TR,321360,贝希里,Beşiri,wikidata
TR,314608,盖尔居什,Gercüş,transliteration
TR,312479,哈桑凯伊夫,Hasankeyf,wikidata
TR,306041,科兹卢克,Kozluk,wikidata
TR,301483,萨松,Sason,wikidata
TR,321836,巴特曼,Batman,wikidata
TR,323887,阿尔滕亚伊拉,Altınyayla,transliteration
TR,325171,阿拉苏恩,Ağlasun,transliteration
TR,320533,布贾克,Bucak,wikidata
TR,314072,格尔希萨尔,Gölhisar,wikidata
TR,309512,卡拉马恩勒,Karamanlı,transliteration
TR,308217,凯梅尔,Kemer,transliteration
TR,299499,泰费恩尼,Tefenni,transliteration
TR,296823,耶希尔奥瓦,Yeşilova,transliteration
TR,319163,恰夫德尔,Çavdır,transliteration
TR,318879,切尔蒂克奇,Çeltikçi,transliteration
TR,320392,布尔杜尔,Burdur,manual
TR,8543049,大奥尔汉,Büyükorhan,wikidata
TR,746958,盖姆利克,Gemlik,wikidata
TR,312558,哈尔马恩哲克,Harmancık,transliteration
TR,744537,卡拉贾贝伊,Karacabey,wikidata
TR,308261,凯莱斯,Keles,transliteration
TR,741487,穆丹雅,Mudanya,wikidata
TR,741385,穆斯塔法凯马尔帕沙,Mustafakemalpaşa,wikidata
TR,303409,奥尔汉埃利,Orhaneli,wikidata
TR,741045,奥尔汉加济,Orhangazi,wikidata
TR,737611,耶尼谢希尔,Yenişehir,wikidata
TR,745169,伊内格尔,İnegol,wikidata
TR,745026,伊兹尼克,İznik,wikidata
TR,752489,阿克希萨尔,Akhisar,transliteration
TR,317236,代米尔吉,Demirci,transliteration
TR,8523940,亚勒恩塔什,Yalıntaş,transliteration
TR,750269,布尔萨,Bursa,manual
TR,324643,阿克克什拉,Akkışla,transliteration
TR,320406,比尼扬,Bünyan,wikidata
TR,316795,代韦利,Develi,wikidata
TR,314996,费拉希耶,Felahiye,transliteration
TR,313013,哈齐拉尔,Hacılar,wikidata
TR,302667,珀纳尔巴舍,Pınarbaşı,wikidata
TR,301609,萨勒奥拉恩,Sarıoğlan,transliteration
TR,301546,萨尔利兹,Sarız,wikidata
TR,299054,托马尔扎,Tomarza,wikidata
TR,297917,叶海亚勒,Yahyalı,wikidata
TR,296860,耶希尔希萨尔,Yeşilhisar,wikidata
TR,317970,厄兹瓦塔恩,Özvatan,transliteration
TR,311358,伊恩杰苏,İncesu,transliteration
TR,308464,开塞利,Kayseri,manual
TR,322692,阿伊瓦哲克,Ayvacık,transliteration
TR,321733,巴伊拉米奇,Bayramiç,wikidata
TR,750605,比加,Biga,manual
TR,320700,博兹贾岛,Bozcaada,wikidata
TR,747728,埃杰阿巴特,Eceabat,transliteration
TR,315061,埃济内,Ezine,wikidata
TR,746983,盖利博卢,Gelibolu,wikidata
TR,745260,格克切阿达,Gökçeada,transliteration
TR,741878,拉普塞基,Lapseki,wikidata
TR,297144,耶尼杰,Yenice,wikidata
TR,749795,恰恩,Çan,wikidata
TR,749780,恰纳卡莱,Çanakkale,manual
TR,752083,阿尔穆斯,Almus,wikidata
TR,751818,阿尔特奥瓦,Artova,transliteration
TR,751036,巴什奇夫特利克,Başçiftlik,transliteration
TR,747489,埃尔巴,Erbaa,wikidata
TR,741304,尼克萨尔,Niksar,wikidata
TR,740677,帕扎尔,Pazar,transliteration
TR,740490,雷沙迪耶,Reşadiye,wikidata
TR,300141,苏卢萨赖,Sulusaray,transliteration
TR,738618,图尔哈尔,Turhal,wikidata
TR,323751,耶希尔尤尔特,Yeşilyurt,transliteration
TR,737054,济莱,Zile,wikidata
TR,737529,耶希尔尤尔特,Yeşilyurt,transliteration
TR,738743,托卡特,Tokat,wikidata
TR,751575,阿特卡拉贾拉尔,Atkaracalar,transliteration
TR,750874,巴伊拉默雷恩,Bayramören,transliteration
TR,747618,埃尔迪瓦恩,Eldivan,transliteration
TR,745344,厄尔加兹,Ilgaz,wikidata
TR,742657,科尔古恩,Korgun,transliteration
TR,742164,库尔舒恩卢,Kurşunlu,transliteration
TR,742987,克泽尔厄尔马克,Kızılırmak,transliteration
TR,741002,奥尔塔,Orta,transliteration
TR,737980,亚普拉克勒,Yapraklı,transliteration
TR,749279,吉尔吉斯,Çerkeş,wikidata
TR,740462,沙巴讷聚,Şabanözü,transliteration
TR,749748,昌克勒,Çankırı,wikidata
TR,323828,阿纳穆尔,Anamur,wikidata
TR,315515,埃尔代姆利,Erdemli,wikidata
TR,313669,居尔纳尔,Gülnar,wikidata
TR,304013,穆特,Mut,transliteration
TR,300808,锡利夫凯,Silifke,wikidata
TR,299817,塔尔苏斯,Tarsus,manual
TR,319591,恰姆勒亚伊拉,Çamlıyayla,transliteration
TR,324052,阿利法克,Alifakı,transliteration
TR,323559,阿尔帕奇巴赫希什,Arpaçbahşiş,transliteration
TR,388145,阿塔肯特,Atakent,wikidata
TR,10632124,阿塔尤尔特,Atayurt,wikidata
TR,322826,阿伊登哲克,Aydıncık,wikidata
TR,320552,博兹亚泽,Bozyazı,wikidata
TR,306962,科贾哈萨恩勒,Kocahasanlı,transliteration
TR,299044,珀纳尔巴什厄,Pınarbaşı,transliteration
TR,318749,切什梅利,Çeşmeli,transliteration
TR,304531,梅尔辛,Mersin,manual
TR,325336,阿迪尔杰瓦兹,Adilcevaz,wikidata
TR,325103,阿赫拉特,Ahlat,wikidata
TR,313331,居罗伊马克,Güroymak,wikidata
TR,312024,希赞,Hizan,wikidata
TR,304009,穆特基,Mutki,transliteration
TR,303906,纳尔勒代雷,Narlıdere,transliteration
TR,297246,雷沙迪耶,Reşadiye,transliteration
TR,299582,塔特万,Tatvan,wikidata
TR,321025,比特利斯,Bitlis,wikidata
TR,320557,博聚于克,Bozüyük,wikidata
TR,746602,格尔帕扎尔厄,Gölpazarı,transliteration
TR,740881,奥斯曼内利,Osmaneli,wikidata
TR,302781,帕扎尔耶里,Pazaryeri,transliteration
TR,300468,瑟于特,Söğüt,wikidata
TR,737614,耶尼帕扎尔,Yenipazar,transliteration
TR,745164,伊恩希萨尔,İnhisar,transliteration
TR,750598,比莱吉克,Bilecik,wikidata
TR,745697,海拉博卢,Hayrabolu,wikidata
TR,744687,卡帕克勒,Kapaklı,wikidata
TR,741771,马尔卡拉,Malkara,wikidata
TR,741725,马尔马拉埃雷利西,Marmara Ereğlisi,wikidata
TR,741438,穆拉特勒,Muratlı,wikidata
TR,740205,萨拉伊,Saray,wikidata
TR,748893,乔尔卢,Çorlu,wikidata
TR,740000,沙尔柯伊,Şarköy,transliteration
TR,741727,马尔马拉哲克,Marmaracık,transliteration
TR,738183,韦勒梅谢,Velimeşe,wikidata
TR,749274,吉尔吉斯柯伊,Çerkezköy,wikidata
TR,738927,泰基尔达,Tekirdağ,wikidata
TR,752627,阿克恰阿巴德,Akçaabat,wikidata
TR,751971,阿拉克勒,Araklı,transliteration
TR,751838,阿尔西恩,Arsin,transliteration
TR,750735,贝希克迪聚,Beşikdüzü,wikidata
TR,748200,代尔内克帕扎勒,Dernekpazarı,transliteration
TR,747751,迪兹柯伊,Düzköy,transliteration
TR,745693,哈伊拉特,Hayrat,transliteration
TR,742686,克普吕巴什厄,Köprübaşı,transliteration
TR,741850,马奇卡,Maçka,transliteration
TR,741240,奥夫,Of,wikidata
TR,739215,叙尔梅内,Sürmene,transliteration
TR,738715,托尼亚,Tonya,wikidata
TR,738228,瓦克弗凯比尔,Vakfıkebir,wikidata
TR,737421,约姆拉,Yomra,wikidata
TR,749701,恰尔舍巴舍,Çarşıbaşı,wikidata
TR,749456,恰伊卡拉,Çaykara,transliteration
TR,740303,沙尔帕扎勒,Şalpazarı,transliteration
TR,738648,特拉布宗,Trabzon,wikidata
TR,325109,阿赫尔勒,Ahırlı,transliteration
TR,324577,阿克厄雷恩,Akören,transliteration
TR,324490,阿克谢希尔,Akşehir,wikidata
TR,323930,阿尔滕埃基恩,Altınekin,transliteration
TR,321191,贝伊谢希尔,Beyşehir,wikidata
TR,320621,博兹克尔,Bozkır,wikidata
TR,318506,吉汉贝伊利,Cihanbeyli,wikidata
TR,317095,代尔贝恩特,Derbent,transliteration
TR,317049,代雷布贾克,Derebucak,transliteration
TR,316475,多安希萨尔,Doğanhisar,wikidata
TR,315617,埃米尔加齐,Emirgazi,wikidata
TR,315665,居内伊瑟讷尔,Güneysınır,transliteration
TR,312899,哈迪姆,Hadim,transliteration
TR,312817,哈尔卡珀纳尔,Halkapınar,transliteration
TR,311777,许于克,Hüyük,transliteration
TR,311553,厄尔根,Ilgın,wikidata
TR,310907,卡登哈讷,Kadınhanı,wikidata
TR,309415,卡拉珀纳尔,Karapınar,transliteration
TR,305742,库卢,Kulu,wikidata
TR,301824,萨赖厄尼,Sarayönü,transliteration
TR,301010,塞伊迪谢希尔,Seydişehir,wikidata
TR,299755,塔什肯特,Taşkent,transliteration
TR,298647,图兹卢克丘,Tuzlukçu,transliteration
TR,297839,亚勒许于克,Yalıhüyük,transliteration
TR,296134,尤纳克,Yunak,wikidata
TR,318885,切尔蒂克,Çeltik,transliteration
TR,317844,丘姆拉,Çumra,wikidata
TR,315498,埃雷利,Ereğli,wikidata
TR,306571,科尼亚,Konya,manual
TR,747014,盖布泽,Gebze,wikidata
TR,746666,格尔居克,Gölcük,wikidata
TR,744716,坎德拉,Kandıra,wikidata
TR,744168,卡拉米塞尔,Karamürsel,wikidata
TR,737961,克尔费兹,Körfez,wikidata
TR,746180,恰伊厄尔奥瓦,Çayırova,transliteration
TR,12196106,迪利斯凯莱西,Diliskelesi,transliteration
TR,742855,科贾卡伊马兹,Kocakaymaz,transliteration
TR,745028,尼科米底亚,İzmit,wikidata
TR,320448,布拉讷克,Bulanık,transliteration
TR,306476,科尔库特,Korkut,transliteration
TR,304916,马拉兹吉尔特,Malazgirt,wikidata
TR,298088,瓦尔托,Varto,wikidata
TR,304081,穆什,Muş,wikidata
TR,320995,博德鲁姆,Bodrum,wikidata
TR,447273,达拉曼,Dalaman,wikidata
TR,314967,费特希耶,Fethiye,wikidata
TR,308776,卡瓦克勒代雷,Kavaklıdere,transliteration
TR,304782,马尔马里斯,Marmaris,manual
TR,304355,米拉斯,Milas,wikidata
TR,303354,奥尔塔贾,Ortaca,wikidata
TR,298485,乌拉,Ula,transliteration
TR,297564,亚塔阿恩,Yatağan,transliteration
TR,317543,达特恰,Datça,transliteration
TR,6692524,萨里盖尔梅,Sarigerme,transliteration
TR,297838,亚勒卡瓦克,Yalıkavak,wikidata
TR,311711,伊奇梅莱尔,İçmeler,transliteration
TR,304184,穆拉,Muğla,wikidata
TR,324768,阿克达马代尼,Akdağmadeni,wikidata
TR,751491,阿伊德恩哲克,Aydıncık,transliteration
TR,320946,博阿兹勒扬,Boğazlıyan,wikidata
TR,310888,卡德谢赫里,Kadışehri,transliteration
TR,301829,萨拉伊肯特,Saraykent,wikidata
TR,301680,萨勒卡亚,Sarıkaya,wikidata
TR,300352,索尔贡,Sorgun,wikidata
TR,297099,耶尼法克勒,Yenifakılı,transliteration
TR,296895,耶尔柯伊,Yerköy,transliteration
TR,319472,恰恩德尔,Çandır,transliteration
TR,319069,恰耶拉兰,Çayıralan,wikidata
TR,749392,切凯雷克,Çekerek,wikidata
TR,301353,谢法阿特利,Şefaatlı,wikidata
TR,296562,约兹加特,Yozgat,wikidata
TR,321184,贝伊蒂什谢巴普,Beytüşşebap,transliteration
TR,318253,吉兹雷,Cizre,wikidata
TR,316748,迪吉莱,Dicle,transliteration
TR,313794,居奇吕科纳克,Güçlükonak,transliteration
TR,300797,斯洛比,Silopi,wikidata
TR,298433,乌卢代雷,Uludere,wikidata
TR,311704,伊迪尔,İdil,wikidata
TR,298053,巴什韦里姆利,Başverimli,transliteration
TR,305699,库姆恰特,Kumçatı,transliteration
TR,298198,乌祖恩盖奇特,Uzungeçit,transliteration
TR,301161,谢诺巴,Şenoba,transliteration
TR,300640,舍尔纳克,Şırnak,wikidata
TR,320647,博兹多阿恩,Bozdoğan,transliteration
TR,320374,布哈尔肯特,Buharkent,wikidata
TR,314573,盖尔门哲克,Germencik,wikidata
TR,310044,卡拉贾苏,Karacasu,wikidata
TR,309008,卡尔普兹卢,Karpuzlu,wikidata
TR,306908,科恰尔勒,Koçarlı,wikidata
TR,305210,库尤贾克,Kuyucak,wikidata
TR,305359,库沙达瑟,Kuşadası,manual
TR,306285,克什克,Köşk,wikidata
TR,303873,纳济利,Nazilli,wikidata
TR,300195,苏丹希萨尔,Sultanhisar,wikidata
TR,300399,瑟凯,Söke,wikidata
TR,296950,耶尼帕扎尔,Yenipazar,wikidata
TR,318372,奇内,Çine,wikidata
TR,311314,因吉尔利奥瓦,İncirliova,wikidata
TR,325474,阿贾拉尔,Acarlar,wikidata
TR,411563,阿尔滕库姆,Altınkum,transliteration
TR,297090,季季姆,Didim,wikidata
TR,313248,居泽尔恰姆勒,Güzelçamlı,wikidata
TR,301432,萨武贾,Savulca,wikidata
TR,322830,艾登,Aydın,wikidata
TR,752288,阿克亚泽,Akyazı,transliteration
TR,747135,费里兹利,Ferizli,transliteration
TR,746898,盖伊韦,Geyve,wikidata
TR,745664,赫恩代克,Hendek,transliteration
TR,744110,卡拉皮尔切克,Karapürçek,transliteration
TR,744092,卡拉苏,Karasu,wikidata
TR,743633,卡伊纳尔贾,Kaynarca,transliteration
TR,742902,科贾阿里,Kocaali,wikidata
TR,740729,帕穆科瓦,Pamukova,wikidata
TR,740230,萨潘贾,Sapanca,wikidata
TR,739425,瑟于特吕,Söğütlü,wikidata
TR,739107,塔拉克勒,Taraklı,transliteration
TR,752850,阿达帕扎勒,Adapazarı,wikidata
TR,752259,阿拉恰姆,Alaçam,wikidata
TR,750615,阿萨尔哲克,Asarcık,transliteration
TR,751427,阿伊瓦哲克,Ayvacık,transliteration
TR,751335,巴夫拉,Bafra,wikidata
TR,745714,哈夫扎,Havza,wikidata
TR,743851,卡瓦克,Kavak,wikidata
TR,741892,拉迪克,Ladik,wikidata
TR,751103,恩多库兹马耶斯,Ondokuzmayıs,wikidata
TR,7700531,萨勒帕扎勒,Salıpazarı,transliteration
TR,738907,泰克凯柯伊,Tekkeköy,transliteration
TR,738803,泰尔梅,Terme,wikidata
TR,738167,韦济尔克普吕,Vezirköprü,wikidata
TR,738085,亚卡肯特,Yakakent,wikidata
TR,749704,恰尔尚巴,Çarşamba,wikidata
TR,740264,萨姆松,Samsun,wikidata
TR,321031,比斯米尔,Bismil,transliteration
TR,316746,迪季莱,Dicle,wikidata
TR,315468,埃尔加尼,Ergani,wikidata
TR,315953,埃伊尔,Eğil,wikidata
TR,312663,哈尼,Hani,wikidata
TR,312253,哈兹罗,Hazro,transliteration
TR,306935,科贾柯伊,Kocaköy,transliteration
TR,305750,库尔普,Kulp,transliteration
TR,305089,利杰,Lice,wikidata
TR,300796,锡尔万,Silvan,wikidata
TR,318766,切尔米克,Çermik,wikidata
TR,317837,屈恩居什,Çüngüş,transliteration
TR,318404,彻纳尔,Çınar,wikidata
TR,323854,阿姆巴尔,Ambar,transliteration
TR,313379,居尔比兹,Gürbüz,transliteration
TR,316541,迪亚巴克尔,Diyarbakır,manual
TR,752584,阿克恰科贾,Akçakoca,wikidata
TR,8140653,朱马耶里,Cumayeri,transliteration
TR,746590,格利亚卡,Gölyaka,wikidata
TR,746413,居米什奥瓦,Gümüşova,transliteration
TR,743624,卡伊纳什勒,Kaynaşlı,transliteration
TR,737521,伊厄尔贾,Yığılca,transliteration
TR,749100,奇利姆利,Çilimli,wikidata
TR,747764,迪兹杰,Düzce,wikidata
TR,311869,霍扎特,Hozat,manual
TR,304738,马兹吉尔特,Mazgirt,transliteration
TR,303872,纳济米耶,Nazimiye,transliteration
TR,303107,奥瓦哲克,Ovacık,transliteration
TR,302724,佩尔泰克,Pertek,wikidata
TR,302469,皮吕米尔,Pulumer,wikidata
TR,318849,切米什盖泽克,Çemişgezek,transliteration
TR,298846,通杰利,Tunceli,wikidata
TR,751949,阿尔代申,Ardeşen,wikidata
TR,748230,代雷帕扎尔厄,Derepazarı,transliteration
TR,747090,弗恩德克勒,Fındıklı,transliteration
TR,746308,居内伊苏,Güneysu,transliteration
TR,740941,赫姆欣,Hemşin,wikidata
TR,744767,卡尔卡恩代雷,Kalkandere,transliteration
TR,740675,帕扎尔,Pazar,wikidata
TR,749841,恰姆勒赫姆欣,Çamlıhemşin,wikidata
TR,749502,恰伊埃利,Çayeli,transliteration
TR,745362,伊基兹代雷,İkizdere,transliteration
TR,745030,伊伊代雷,İyidere,transliteration
TR,740483,里泽,Rize,wikidata
TR,321750,巴伊坎,Baykan,wikidata
TR,315378,埃鲁赫,Eruh,wikidata
TR,305532,库尔塔拉恩,Kurtalan,transliteration
TR,302720,佩尔瓦里,Pervari,transliteration
TR,322810,蒂尔洛,Tillo,transliteration
TR,300632,希尔瓦恩,Şirvan,transliteration
TR,308697,卡亚巴拉尔,Kayabağlar,transliteration
TR,300822,锡尔特,Siirt,wikidata
TR,752476,阿克厄恩哲拉尔,Akıncılar,transliteration
TR,323886,阿尔滕亚伊拉,Altınyayla,transliteration
TR,316544,迪夫里伊,Divriği,wikidata
TR,747986,多阿恩沙尔,Doğanşar,transliteration
TR,314665,盖梅雷克,Gemerek,transliteration
TR,746603,格尔奥瓦,Gölova,transliteration
TR,313314,居林,Gürün,wikidata
TR,312894,哈菲克,Hafik,transliteration
TR,310554,坎加尔,Kangal,wikidata
TR,742499,科尤尔希萨尔,Koyulhisar,wikidata
TR,739209,苏谢赫里,Suşehri,wikidata
TR,298471,乌拉什,Ulaş,transliteration
TR,296708,耶尔德泽利,Yıldızeli,wikidata
TR,295982,扎拉,Zara,wikidata
TR,311433,伊姆拉恩勒,İmranlı,transliteration
TR,301537,沙尔克什拉,Şarkışla,wikidata
TR,752359,阿克苏,Aksu,transliteration
TR,300619,锡瓦斯,Sivas,wikidata
TR,751516,阿亚恩哲克,Ayancık,transliteration
TR,750468,博亚巴德,Boyabat,wikidata
TR,743230,迪克梅恩,Dikmen,transliteration
TR,747826,杜拉安,Durağan,wikidata
TR,747449,埃尔费莱克,Erfelek,transliteration
TR,746913,盖尔泽,Gerze,transliteration
TR,740177,萨赖迪聚,Saraydüzü,transliteration
TR,738614,蒂尔凯利,Türkeli,transliteration
TR,739600,锡诺普,Sinop,wikidata
TR,325269,阿加索伦,Ağaçören,wikidata
TR,315218,埃斯基尔,Eskil,wikidata
TR,325278,居拉阿奇,Gülağaç,transliteration
TR,313199,居泽尔尤尔特,Güzelyurt,transliteration
TR,303290,奥尔塔柯伊,Ortaköy,transliteration
TR,301566,萨勒亚赫希,Sarıyahşi,transliteration
TR,300197,苏丹哈讷,Sultanhanı,wikidata
TR,324496,阿克萨赖,Aksaray,wikidata
TR,316542,迪亚丁,Diyadin,wikidata
TR,316411,多乌巴亚泽特,Doğubayazıt,wikidata
TR,315758,埃莱什基尔特,Eleşkirt,wikidata
TR,312731,哈穆尔,Hamur,transliteration
TR,302819,帕特诺斯,Patnos,wikidata
TR,299701,塔什勒恰伊,Taşlıçay,transliteration
TR,298727,图塔克,Tutak,wikidata
TR,309647,阿勒,Ağrı,manual
TR,751950,阿尔达努奇,Ardanuç,transliteration
TR,751931,阿尔哈维,Arhavi,wikidata
TR,750496,博尔奇卡,Borçka,wikidata
TR,745530,霍帕,Hopa,wikidata
TR,743510,凯马尔帕沙,Kemalpaşa,transliteration
TR,741436,穆拉特勒,Muratlı,transliteration
TR,746712,穆尔古尔,Murgul,transliteration
TR,739070,萨勒格尔,Sarıgöl,transliteration
TR,737140,尤苏费利,Yusufeli,transliteration
TR,739950,沙夫沙特,Şavşat,transliteration
TR,751817,阿尔特温,Artvin,wikidata
TR,748688,达马尔,Damal,transliteration
TR,746643,格莱,Göle,wikidata
TR,745903,哈纳克,Hanak,wikidata
TR,740531,波索夫,Posof,wikidata
TR,749109,彻尔德尔,Çıldır,wikidata
TR,751952,阿尔达汉,Ardahan,wikidata
TR,321337,贝斯尼,Besni,wikidata
TR,324126,盖尔盖尔,Gerger,transliteration
TR,314136,格尔巴舍,Gölbaşı,wikidata
TR,310855,卡赫塔,Kâhta,wikidata
TR,301943,萨姆萨特,Samsat,wikidata
TR,300743,辛奇克,Sincik,wikidata
TR,298728,图特,Tut,transliteration
TR,318904,切利克汗,Çelikhan,wikidata
TR,325330,阿德亚曼,Adıyaman,wikidata
TR,321814,巴亚特,Bayat,transliteration
TR,321887,巴什马克彻,Başmakçı,transliteration
TR,320879,博尔瓦丁,Bolvadin,wikidata
TR,317496,达兹克勒,Dazkırı,transliteration
TR,316634,迪纳尔,Dinar,wikidata
TR,315621,埃米尔达,Emirdağ,wikidata
TR,315132,埃夫吉莱尔,Evciler,transliteration
TR,311994,霍贾拉尔,Hocalar,transliteration
TR,307129,克泽尔厄雷恩,Kızılören,transliteration
TR,301911,桑德克勒,Sandıklı,wikidata
TR,300754,西纳恩帕沙,Sinanpaşa,transliteration
TR,300201,苏坦达厄,Sultandağı,wikidata
TR,319104,恰伊,Çay,wikidata
TR,318227,乔班拉尔,Çobanlar,wikidata
TR,311645,伊赫萨尼耶,İhsaniye,transliteration
TR,311193,厄斯杰希萨尔,İscehisar,wikidata
TR,300273,舒胡特,Şuhut,wikidata
TR,311159,厄舍克拉尔,Işıklar,wikidata
TR,325303,阿菲永卡拉希萨尔,Afyonkarahisar,wikidata
TR,308998,阿拉达,Aladağ,wikidata
TR,318675,杰伊汉,Ceyhan,wikidata
TR,315000,费凯,Feke,wikidata
TR,309758,卡拉伊萨勒,Karaisalı,wikidata
TR,306112,科赞,Kozan,wikidata
TR,302482,波赞特,Pozantı,wikidata
TR,302150,萨伊姆贝伊利,Saimbeyli,transliteration
TR,298882,图凡贝伊利,Tufanbeyli,wikidata
TR,296137,尤穆尔塔勒克,Yumurtalık,wikidata
TR,311453,伊马莫卢,İmamoğlu,wikidata
TR,322391,巴赫切,Bahçe,wikidata
TR,309312,卡拉塔什,Karataş,transliteration
TR,296829,耶希尔奥瓦,Yeşilova,transliteration
TR,325363,阿达纳,Adana,manual
TR,746547,格伊尼杰克,Göynücek,transliteration
TR,746426,居米斯哈吉柯伊,Gümüşhacıköy,wikidata
TR,745955,哈马默聚,Hamamözü,transliteration
TR,741609,梅尔济丰,Merzifon,wikidata
TR,739251,苏卢奥瓦,Suluova,wikidata
TR,739015,塔绍瓦,Taşova,wikidata
TR,752015,阿马西亚,Amasya,wikidata
TR,317587,达尔盖奇特,Dargeçit,transliteration
TR,316899,代里克,Derik,wikidata
TR,307084,克孜勒泰佩,Kızıltepe,wikidata
TR,304734,马泽达厄,Mazıdağı,wikidata
TR,304382,米迪亚特,Midyat,wikidata
TR,303750,努赛宾,Nusaybin,wikidata
TR,301431,萨武尔,Savur,transliteration
TR,296832,耶希利,Yeşilli,wikidata
TR,303532,厄梅尔利,Ömerli,transliteration
TR,325420,阿哲尔勒,Acırlı,transliteration
TR,314677,盖林卡亚,Gelinkaya,wikidata
TR,310982,卡巴拉,Kabala,wikidata
TR,300438,基恩迪里普,Kindirip,transliteration
TR,303305,奥尔塔柯伊,Ortaköy,transliteration
TR,296644,约尔巴舍,Yolbaşı,transliteration
TR,319118,恰武什卢,Çavuşlu,transliteration
TR,301167,谢恩柯伊,Şenköy,transliteration
TR,304797,马尔丁,Mardin,manual
TR,325066,艾哈迈德利,Ahmetli,wikidata
TR,324698,阿克希萨尔,Akhisar,wikidata
TR,324172,阿拉谢希尔,Alaşehir,wikidata
TR,317241,代米尔吉,Demirci,wikidata
TR,314038,格尔马尔马拉,Gölmarmara,wikidata
TR,313960,格尔代斯,Gördes,wikidata
TR,305810,库拉,Kula,transliteration
TR,306537,克普吕巴什厄,Köprübaşı,transliteration
TR,307623,克尔卡阿奇,Kırkağaç,wikidata
TR,302043,萨利赫利,Salihli,wikidata
TR,301492,萨鲁汉勒,Saruhanlı,wikidata
TR,301731,萨勒格尔,Sarıgöl,wikidata
TR,301251,塞莱恩迪,Selendi,transliteration
TR,300371,索马,Soma,geonames
TR,298806,图尔古特卢,Turgutlu,wikidata
TR,6686001,阿克盖迪克,Akgedik,transliteration
TR,304827,马尼萨,Manisa,wikidata
TR,324953,阿克恰达,Akçadağ,wikidata
TR,323721,阿拉普吉尔,Arapgir,wikidata
TR,323660,阿尔古万,Arguvan,wikidata
TR,317588,达伦代,Darende,wikidata
TR,316431,多甘尼,Doğanyol,wikidata
TR,316440,多安谢希尔,Doğanşehir,wikidata
TR,312245,海基姆汉,Hekimhan,wikidata
TR,323251,卡莱,Kale,transliteration
TR,305737,库卢恩贾克,Kuluncak,transliteration
TR,305542,库尔舒恩卢,Kurşunlu,transliteration
TR,302442,皮特格,Pütürge,wikidata
TR,297371,亚泽汉,Yazıhan,transliteration
TR,310784,卡莱,Kale,transliteration
TR,304922,马拉蒂亚,Malatya,manual
AL,7932375,巴依拉姆·楚里,Bajram Curri,manual
AL,3343181,巴伊泽,Bajzë,manual
AL,3186084,培拉特,Berat,reference
AL,3186145,巴尔什,Ballsh,reference
AL,783606,比利什特,Bilisht,reference
AL,783508,布尔奇泽,Bulqizë,reference
AL,783493,布雷尔,Burrel,reference
AL,3185897,策里克,Cërrik,reference
AL,783408,乔罗沃达,Çorovodë,reference
AL,363383,德尔维纳,Delvinë,reference
AL,3185797,迪夫亚卡,Divjakë,reference
AL,3185728,都拉斯,Durrës,reference
AL,783263,爱尔巴桑,Elbasan,reference
AL,783259,埃尔塞克,Ersekë,reference
AL,3185672,费里,Fier,reference
AL,783247,菲耶尔泽,Fierzë,manual
AL,783214,富舍阿勒兹,Fushë-Arrëz,reference
AL,3185638,富舍克鲁亚,Fushë-Krujë,reference
AL,783148,吉诺卡斯特,Gjirokastër,reference
AL,783059,格拉姆什,Gramsh,reference
AL,3185377,希马拉,Himarë,reference
AL,782892,卡姆,Kam,manual
AL,3185270,卡姆扎,Kamëz,reference
AL,3185211,卡瓦亚,Kavajë,reference
AL,782843,克尔曲勒,Këlcyrë,reference
AL,3185087,克拉巴,Krrabë,manual
AL,782806,克洛斯,Klos,reference
AL,363320,科尼斯波尔,Konispol,reference
AL,3185133,科普利克,Koplik,reference
AL,782756,科尔察,Korçë,reference
AL,782707,克拉斯特,Krastë,manual
AL,3185082,克鲁亚,Krujë,reference
AL,782685,克鲁马,Krumë,reference
AL,3185060,库乔韦,Kuçovë,reference
AL,782661,库克斯,Kukës,reference
AL,782632,库尔布内什,Kurbnesh,manual
AL,3185012,拉奇,Laç,reference
AL,782535,莱斯科维克,Leskovik,reference
AL,3184935,莱什,Lezhë,reference
AL,782523,利博霍瓦,Libohovë,reference
AL,782519,利布拉什德,Librazhd,reference
AL,3184862,卢什涅,Lushnjë,reference
AL,782393,马利奇,Maliq,reference
AL,3184806,马穆拉斯,Mamurras,reference
AL,3184801,曼泽,Manzë,manual
AL,3184743,梅马利艾,Memaliaj,reference
AL,3184702,米洛特,Milot,manual
AL,3184575,奥里库姆,Orikum,reference
AL,3184518,帕托斯,Patos,reference
AL,3184497,佩钦,Peqin,reference
AL,782070,佩尔梅特,Përmet,reference
AL,781920,普雷尼亚斯,Përrenjas,reference
AL,782061,佩什科比,Peshkopi,reference
AL,781988,波格拉德茨,Pogradec,reference
AL,781979,波利钱,Poliçan,reference
AL,3184388,普克,Pukë,reference
AL,781809,雷普斯,Reps,manual
AL,3184290,罗斯科韦茨,Roskovec,reference
AL,3184264,勒申,Rrëshen,reference
AL,3184252,罗戈日内,Rrogozhinë,reference
AL,3184238,鲁比克,Rubik,reference
AL,363243,萨兰达,Sarandë,reference
AL,3184197,塞莱尼察,Selenicë,reference
AL,3184136,申津,Shëngjin,reference
AL,3184099,希亚克,Shijak,reference
AL,3184081,斯库台,Shkodër,reference
AL,3183945,苏克特,Sukth,manual
AL,781443,特佩莱纳,Tepelenë,reference
AL,3183875,地拉那,Tirana,reference
AL,3183824,乌莱兹,Ulëz,manual
AL,3183814,乌拉瓦伊古罗雷,Ura Vajgurore,reference
AL,3185823,沃德耶,Vau i Dejës,reference
AL,3183719,发罗拉,Vlorë,reference
AL,3183708,沃拉,Vorë,reference
ME,786234,罗扎伊,Rožaje,reference
ME,3186616,泽莱尼卡,Zelenika,manual
ME,3186999,扎布利亚克,Žabljak,reference
ME,3187691,维尔帕扎尔,Virpazar,manual
ME,3188516,乌尔齐尼,Ulcinj,reference
ME,3188584,图齐,Tuzi,manual
ME,3189073,蒂瓦特,Tivat,reference
ME,3189282,圣斯特凡,Sveti Stefan,manual
ME,3189429,苏托莫雷,Sutomore,manual
ME,3189979,老巴尔,Stari Bar,manual
ME,3190178,斯普日,Spuž,manual
ME,3191222,沙夫尼克,Šavnik,manual
ME,3191631,里桑,Risan,reference
ME,3191646,里耶卡·茨尔诺耶维查,Rijeka Crnojevića,manual
ME,3192576,普尔查尼,Prčanj,reference
ME,3193044,波德戈里察,Podgorica,reference
ME,3193131,普卢日内,Plužine,reference
ME,3193161,普列夫利亚,Pljevlja,reference
ME,3193228,普拉夫,Plav,reference
ME,3193413,海滨彼得罗瓦茨,Petrovac na Moru,manual
ME,3193504,佩拉斯特,Perast,reference
ME,3194494,尼克希奇,Nikšić,reference
ME,3194926,莫伊科瓦茨,Mojkovac,manual
ME,3197538,科托尔,Kotor,reference
ME,3197896,科拉欣,Kolašin,reference
ME,3199071,贝拉内,Berane,reference
ME,3199161,伊加洛,Igalo,manual
ME,3199394,新海尔采格,Herceg Novi,reference
ME,3199463,古西涅,Gusinje,manual
ME,3200422,戈卢博夫齐,Golubovci,manual
ME,3201675,多尼亚拉斯特瓦,Donja Lastva,manual
ME,3201903,多布罗塔,Dobrota,manual
ME,3202194,达尼洛夫格勒,Danilovgrad,reference
ME,3202641,采蒂涅,Cetinje,reference
ME,3203106,布德瓦,Budva,reference
ME,3204176,比耶洛波列,Bijelo Polje,manual
ME,3204214,比耶拉,Bijela,manual
ME,3204388,贝契奇,Bečići,manual
ME,3204509,巴尔,Bar,reference
ME,3204816,安德里耶维察,Andrijevica,manual
ME,3220594,佩特尼察,Petnjica,manual
ME,3318571,格拉达茨,Donji Gradac,manual
BA,3204541,巴尼亚卢卡,Banja Luka,reference
BA,3204269,贝尔科维奇,Berkovići,manual
BA,3204186,比耶利纳,Bijeljina,manual
BA,3204161,比莱恰,Bileća,reference
BA,3203533,布拉图纳茨,Bratunac,reference
BA,3203651,布罗德,Brod,reference
BA,3202081,代尔文塔,Derventa,reference
BA,3201984,多博伊,Doboj,reference
BA,3201482,下杜博维克,Donji Dubovik,manual
BA,3201368,下扎巴尔,Donji Žabar,reference
BA,3201183,德里尼奇,Drinić,manual
BA,3200837,福查,Foča,reference
BA,3200768,加茨科,Gacko,reference
BA,3199933,上里布尼克,Gornji Ribnik,manual
BA,3203656,格拉迪什卡,Gradiška,reference
BA,3199417,汉皮耶萨克,Han Pijesak,reference
BA,3199275,赫雷沙,Hreša,manual
BA,3198623,耶泽罗,Jezero,manual
BA,3198448,卡利诺维克,Kalinovik,reference
BA,3190733,克内热沃,Kneževo,reference
BA,3197764,科帕奇,Kopači,manual
BA,3203655,科斯塔伊尼察,Kostajnica,reference
BA,3197532,科托尔瓦罗什,Kotor Varoš,manual
BA,3203657,科扎尔斯卡杜比察,Kozarska Dubica,reference
BA,3196792,拉克塔希,Laktaši,reference
BA,3196364,柳比涅,Ljubinje,reference
BA,3196209,洛帕雷,Lopare,reference
BA,3196069,卢卡维察,Lukavica,manual
BA,3195128,米利契,Milići,reference
BA,11205170,莫德里查,Modriča,reference
BA,3194724,姆尔科尼奇格勒,Mrkonjić Grad,reference
BA,3194510,内韦西涅,Nevesinje,reference
BA,3203647,诺维格拉德,Novi Grad,reference
BA,3194339,诺沃塞洛,Novo Selo,manual
BA,3193900,奥斯马齐,Osmaci,manual
BA,3193856,奥什特拉卢卡,Oštra Luka,reference
BA,3193692,帕莱,Pale,reference
BA,3193520,佩拉吉切沃,Pelagićevo,manual
BA,3203643,彼得罗沃,Petrovo,manual
BA,3192652,波托齐,Potoci,manual
BA,3192409,普里耶多尔,Prijedor,reference
BA,3192327,普尔尼亚沃尔,Prnjavor,reference
BA,3191576,罗加蒂察,Rogatica,reference
BA,3191449,鲁多,Rudo,reference
BA,3190385,索科拉茨,Sokolac,reference
BA,3190172,斯尔巴茨,Srbac,reference
BA,3190159,斯雷布雷尼察,Srebrenica,reference
BA,3210448,斯塔纳里,Stanari,reference
BA,3189143,泰斯利奇,Teslić,reference
BA,3188893,特雷比涅,Trebinje,reference
BA,3188773,特尔诺沃,Trnovo,reference
BA,3187681,维舍格勒,Višegrad,reference
BA,3187524,弗拉塞尼察,Vlasenica,reference
BA,3186246,兹沃尔尼克,Zvornik,reference
BA,3202895,查伊尼切,Čajniče,reference
BA,3202784,切利纳茨,Čelinac,manual
BA,3203645,沙马茨,Šamac,reference
BA,3191156,舍科维契,Šekovići,reference
BA,3190837,希波沃,Šipovo,reference
BA,3198895,扬亚,Janja,manual
BA,3194120,奥马尔斯卡,Omarska,manual
BA,3203521,布尔奇科,Brčko,reference
BA,3191281,萨拉热窝,Sarajevo,reference
BA,3204520,巴诺维契,Banovići,manual
BA,3204222,比哈奇,Bihać,reference
BA,3203653,波斯尼亚克鲁帕,Bosanska Krupa,reference
BA,3203646,波斯尼亚彼得罗瓦茨,Bosanski Petrovac,reference
BA,3203644,波斯尼亚格拉霍沃,Bosansko Grahovo,reference
BA,3203427,布雷扎,Breza,reference
BA,3203099,布戈伊诺,Bugojno,reference
BA,3202955,布索瓦查,Busovača,reference
BA,3202935,布日姆,Bužim,reference
BA,3202822,察津,Cazin,reference
BA,3210492,多布雷蒂契,Dobratići,reference
BA,3201738,多马列瓦茨,Domaljevac,manual
BA,3201376,下瓦库夫,Donji Vakuf,reference
BA,3201136,德瓦尔,Drvar,reference
BA,3200829,福伊尼察,Fojnica,reference
BA,3200651,格拉莫奇,Glamoč,reference
BA,3200396,戈拉日代,Goražde,reference
BA,3199904,上瓦库夫-乌斯科普列,Gornji Vakuf,reference
BA,3199744,格拉达查茨,Gradačac,reference
BA,3199779,格拉查尼察,Gračanica,reference
BA,3199509,格鲁代,Grude,reference
BA,3199438,哈季契,Hadžići,reference
BA,3199145,伊利扎,Ilidža,reference
BA,3199142,伊利亚什,Ilijaš,reference
BA,3344411,亚布拉尼察,Jablanica,reference
BA,3198934,亚伊采,Jajce,reference
BA,3198490,卡卡尼,Kakanj,reference
BA,3198459,卡莱西亚,Kalesija,reference
BA,3198138,基塞利亚克,Kiseljak,reference
BA,3198126,克拉达尼,Kladanj,reference
BA,3198050,克柳奇,Ključ,reference
BA,3198026,克洛科特尼察,Klokotnica,manual
BA,3337476,科尼茨,Konjic,reference
BA,3197296,克雷舍沃,Kreševo,reference
BA,3196915,库普雷斯,Kupres,reference
BA,3196410,利夫诺,Livno,reference
BA,3196324,柳布什基,Ljubuški,reference
BA,3196079,卢卡瓦茨,Lukavac,reference
BA,3195946,马格拉伊,Maglaj,manual
BA,3195360,马图齐奇,Matuzići,manual
BA,3194828,莫斯塔尔,Mostar,reference
BA,3194514,内乌姆,Neum,reference
BA,3192236,新特拉夫尼克,Novi Travnik,reference
BA,3194199,奥扎克,Odžak,reference
BA,3194133,奥洛沃,Olovo,manual
BA,3194125,奥曼尼斯卡,Omanjska,manual
BA,3194035,奥拉谢,Orašje,reference
BA,3192669,波苏谢,Posušje,reference
BA,3192609,普拉查,Prača,manual
BA,3192279,普罗佐尔,Prozor,manual
BA,3191808,拉夫诺,Ravno,reference
BA,3191297,桑斯基莫斯特,Sanski Most,reference
BA,3191287,萨普纳,Sapna,manual
BA,3190158,斯雷布雷尼克,Srebrenik,reference
BA,3189823,斯托拉茨,Stolac,reference
BA,3197138,泰奥查克,Teočak,manual
BA,3189146,泰沙尼,Tešanj,reference
BA,3200930,托米斯拉夫格勒,Tomislavgrad,reference
BA,3188924,特拉夫尼克,Travnik,reference
BA,3188582,图兹拉,Tuzla,reference
BA,3188366,瓦雷什,Vareš,reference
BA,3188225,大克拉杜沙,Velika Kladuša,reference
BA,3187609,维索科,Visoko,reference
BA,3187590,维泰兹,Vitez,reference
BA,3187464,沃戈什恰,Vogošća,reference
BA,3186717,扎维多维契,Zavidovići,reference
BA,3186573,泽尼察,Zenica,reference
BA,3202873,查普利纳,Čapljina,manual
BA,3202791,切利奇,Čelić,reference
BA,3202564,契特卢克,Čitluk,reference
BA,3196428,希罗基布里耶格,Široki Brijeg,reference
BA,3186567,热普切,Žepče,reference
BA,3186423,日维尼采,Živinice,reference
BA,3210439,耶拉赫,Jelah,manual
BA,3193821,奥斯特罗扎茨,Ostrožac,manual
BA,3193776,波斯尼亚奥托卡,Otoka,manual
BA,3191302,萨尼察,Sanica,manual
BA,3187162,弗尔诺格拉奇,Vrnograč,manual
HR,3193561,帕津,Pazin,reference
HR,3203090,布耶,Buje,reference
HR,3202942,布泽特,Buzet,reference
HR,3196834,拉宾,Labin,reference
HR,3194379,诺维格勒,Novigrad,reference
HR,3192699,波雷奇,Poreč,reference
HR,3192224,普拉,Pula,reference
HR,3191518,罗维尼,Rovinj,reference
HR,3188498,乌马格,Umag,reference
HR,3187477,沃德年,Vodnjan,reference
HR,3197369,克拉皮纳,Krapina,manual
HR,3201621,下斯图比察,Donja Stubica,reference
HR,3198103,克拉涅茨,Klanjec,reference
HR,3193962,奥罗斯拉维,Oroslavje,reference
HR,3192545,普雷格拉达,Pregrada,reference
HR,3186984,扎博克,Zabok,manual
HR,3186406,兹拉塔尔,Zlatar,reference
HR,3199873,戈斯皮奇,Gospić,manual
HR,3194422,诺瓦利亚,Novalja,reference
HR,3193788,奥托查茨,Otočac,reference
HR,3191055,塞尼,Senj,manual
HR,3345300,卡尔洛瓦茨,Karlovac,reference
HR,3201030,杜加雷萨,Duga Resa,reference
HR,3194183,奥古林,Ogulin,manual
HR,3193754,奥扎利,Ozalj,manual
HR,3190523,斯卢尼,Slunj,manual
HR,3193935,奥西耶克,Osijek,manual
HR,3204320,贝利马纳斯蒂尔,Beli Manastir,reference
HR,3204317,贝利什切,Belišće,reference
HR,3201432,下米霍利亚茨,Donji Miholjac,reference
HR,3194581,纳希采,Našice,manual
HR,3188395,瓦尔波沃,Valpovo,manual
HR,3202220,贾科沃,Đakovo,reference
HR,3190586,斯拉沃尼亚布罗德,Slavonski Brod,manual
HR,3194449,新格拉迪什卡,Nova Gradiška,manual
HR,3190941,希贝尼克,Šibenik,manual
HR,3201162,德尔尼什,Drniš,reference
HR,3197986,克宁,Knin,reference
HR,3190692,斯克拉丁,Skradin,reference
HR,3187489,沃迪采,Vodice,reference
HR,3186952,扎达尔,Zadar,reference
HR,3204293,本科瓦茨,Benkovac,reference
HR,3204121,比奥格勒纳莫鲁,Biograd na Moru,reference
HR,3216446,尼恩,Nin,reference
HR,3194245,奥布罗瓦茨,Obrovac,reference
HR,3193726,帕格,Pag,reference
HR,3190261,斯普利特,Split,manual
HR,3199180,赫瓦尔,Hvar,manual
HR,3199111,伊莫茨基,Imotski,reference
HR,3198210,卡什泰拉,Kaštel Sućurac,manual
HR,3197834,科米扎,Komiža,reference
HR,3195890,马卡尔斯卡,Makarska,manual
HR,3194114,奥米什,Omiš,reference
HR,3190865,锡尼,Sinj,reference
HR,3190359,索林,Solin,reference
HR,3189965,旧格拉德,Stari Grad,reference
HR,3189492,苏佩塔尔,Supetar,manual
HR,3188830,特里利,Trilj,reference
HR,3188763,特罗吉尔,Trogir,manual
HR,3187685,维斯,Vis,manual
HR,3187230,弗尔戈拉茨,Vrgorac,manual
HR,3187169,弗尔利卡,Vrlika,reference
HR,3201047,杜布罗夫尼克,Dubrovnik,reference
HR,3197710,科尔丘拉,Korčula,reference
HR,3195222,梅特科维奇,Metković,reference
HR,3194075,奥普曾,Opuzen,reference
HR,3193150,普洛切,Ploče,manual
HR,3202888,查科韦茨,Čakovec,manual
HR,3194626,穆尔斯科斯雷迪什切,Mursko Središće,manual
HR,3192532,普雷洛格,Prelog,reference
HR,3187047,武科瓦尔,Vukovar,manual
HR,3199128,伊洛克,Ilok,reference
HR,3193781,奥托克,Otok,reference
HR,3187719,温科夫齐,Vinkovci,manual
HR,3186294,茹帕尼亚,Županja,reference
HR,3203982,别洛瓦尔,Bjelovar,reference
HR,3202184,达鲁瓦尔,Daruvar,reference
HR,3200711,加雷什尼察,Garešnica,reference
HR,3199515,格鲁比什诺波列,Grubišno Polje,reference
HR,3202820,察兹马,Čazma,reference
HR,3190589,波热加,Požega,reference
HR,3196855,库特耶沃,Kutjevo,reference
HR,3196534,利皮克,Lipik,reference
HR,3193706,帕克拉茨,Pakrac,manual
HR,3193187,普莱泰尔尼察,Pleternica,reference
HR,3191648,里耶卡,Rijeka,manual
HR,3204612,巴卡尔,Bakar,reference
HR,3202523,茨雷斯,Cres,manual
HR,3202507,茨里克韦尼察,Crikvenica,reference
HR,3202104,代尔尼采,Delnice,reference
HR,3198227,卡斯塔夫,Kastav,reference
HR,3197390,克拉列维察,Kraljevica,reference
HR,3197208,克尔克,Krk,reference
HR,3195674,小洛希尼,Mali Lošinj,reference
HR,3194355,新维诺多尔斯基,Novi Vinodolski,manual
HR,3194099,奥帕蒂亚,Opatija,manual
HR,3192178,拉布,Rab,manual
HR,3187257,弗尔博夫斯科,Vrbovsko,reference
HR,3202932,查巴尔,Čabar,reference
HR,3188383,瓦拉日丁,Varaždin,manual
HR,3199076,伊万内茨,Ivanec,reference
HR,3196657,莱波格拉瓦,Lepoglava,reference
HR,3196120,卢德布雷格,Ludbreg,manual
HR,3194367,新马罗夫,Novi Marof,manual
HR,3188380,瓦拉日丁托普利采,Varaždinske Toplice,reference
HR,3197728,科普里夫尼察,Koprivnica,reference
HR,3197230,克里热夫齐,Križevci,manual
HR,3200961,久尔杰瓦茨,Đurđevac,manual
HR,3187694,维罗维蒂察,Virovitica,manual
HR,3194064,奥拉霍维察,Orahovica,manual
HR,3192932,斯拉蒂纳,Slatina,manual
HR,3201009,杜戈塞洛,Dugo Selo,manual
HR,3199069,伊万尼奇格勒,Ivanić-Grad,reference
HR,3198799,亚斯特雷巴斯科,Jastrebarsko,reference
HR,3191316,萨莫博尔,Samobor,manual
HR,3189386,圣内德利娅,Sveta Nedjelja,reference
HR,3186604,圣伊万-泽利纳,Sveti Ivan Zelina,reference
HR,3188244,大戈里察,Velika Gorica,manual
HR,3187265,弗尔博韦茨,Vrbovec,manual
HR,3186781,扎普雷希奇,Zaprešić,reference
HR,3186886,萨格勒布,Zagreb,reference
HR,3190813,锡萨克,Sisak,manual
HR,3200600,格利纳,Glina,reference
HR,3197594,克罗地亚科斯塔伊尼察,Hrvatska Kostajnica,manual
HR,3196864,库蒂纳,Kutina,manual
HR,3194319,诺夫斯卡,Novska,manual
HR,3193420,彼得里尼亚,Petrinja,manual
HR,3192724,波波瓦查,Popovača,reference
RS,801542,兹雷尼亚宁,Zrenjanin,reference
RS,801399,日蒂什泰,Žitište,reference
RS,802611,新贝切伊,Novi Bečej,reference
RS,803766,亚沙托米奇,Jaša Tomić,reference
RS,724548,莱斯科瓦茨,Leskovac,reference
RS,710717,弗拉索廷采,Vlasotince,reference
RS,723355,莱巴内,Lebane,reference
RS,727539,梅德韦贾,Medveđa,reference
RS,723894,武切,Vučje,reference
RS,724084,格尔代利察,Grdelica,reference
RS,727652,西亚林斯卡巴尼亚,Sijarinska Banja,manual
RS,741892,乌日采,Užice,reference
RS,701629,阿里列,Arilje,reference
RS,702455,巴伊纳巴什塔,Bajina Bašta,reference
RS,718203,科谢里奇,Kosjerić,reference
RS,729884,新瓦罗什,Nova Varoš,reference
RS,733440,波热加,Požega,reference
RS,734233,普里博伊,Priboj,reference
RS,735078,普里耶波列,Prijepolje,manual
RS,739995,谢尼察,Sjenica,reference
RS,745294,兹拉蒂博尔,Zlatibor,reference
RS,741850,塞沃伊诺,Sevojno,reference
RS,804614,苏博蒂察,Subotica,reference
RS,800473,巴奇卡托波拉,Bačka Topola,reference
RS,804592,帕利奇,Palić,reference
RS,802158,基金达,Kikinda,reference
RS,800015,阿达,Ada,reference
RS,802018,卡尼扎,Kanjiža,reference
RS,802689,新克内热瓦茨,Novi Kneževac,reference
RS,803707,森塔,Senta,reference
RS,804908,乔卡,Čoka,reference
RS,800023,莫尔,Mol,reference
RS,802824,诺维萨德,Novi Sad,reference
RS,800236,巴奇,Bač,reference
RS,800309,巴奇卡帕兰卡,Bačka Palanka,reference
RS,800694,巴奇基彼得罗瓦茨,Bački Petrovac,reference
RS,800902,贝奥钦,Beočin,reference
RS,801003,贝切伊,Bečej,reference
RS,804827,弗尔巴斯,Vrbas,reference
RS,801321,扎巴利,Žabalj,reference
RS,802832,彼得罗瓦拉丁,Petrovaradin,reference
RS,804045,斯尔博布兰,Srbobran,reference
RS,804355,斯雷姆斯基卡尔洛夫齐,Sremski Karlovci,reference
RS,804681,泰梅林,Temerin,reference
RS,804738,蒂泰尔,Titel,reference
RS,804665,巴奇基亚拉克,Bački Jarak,reference
RS,802867,斯雷姆斯卡卡梅尼察,Sremska Kamenica,reference
RS,802883,富托格,Futog,reference
RS,803138,潘切沃,Pančevo,reference
RS,800066,阿利布纳尔,Alibunar,reference
RS,800767,贝拉茨尔克瓦,Bela Crkva,reference
RS,801089,弗尔沙茨,Vršac,reference
RS,802255,科瓦契察,Kovačica,manual
RS,802352,科温,Kovin,reference
RS,802913,奥波沃,Opovo,reference
RS,800074,巴纳特区卡尔洛瓦茨,Banatski Karlovac,reference
RS,803111,卡查雷沃,Kačarevo,reference
RS,803146,斯塔尔切沃,Starčevo,reference
RS,706418,博尔,Bor,reference
RS,716588,克拉多沃,Kladovo,reference
RS,726869,马伊丹佩克,Majdanpek,reference
RS,728675,内戈廷,Negotin,reference
RS,716502,布尔扎帕兰卡,Brza Palanka,manual
RS,726818,下米拉诺瓦茨,Donji Milanovac,reference
RS,79022,尼什,Niš,reference
RS,700614,阿莱克西纳茨,Aleksinac,reference
RS,729370,尼什卡巴尼亚,Niška Banja,manual
RS,739090,斯夫尔利格,Svrljig,reference
RS,700649,阿莱克西纳奇基鲁德尼克,Aleksinački Rudnici Uglja,manual
RS,733083,波扎雷瓦茨,Požarevac,reference
RS,709492,大格拉迪什泰,Veliko Gradište,reference
RS,722782,库切沃,Kučevo,reference
RS,731960,彼得罗瓦茨,Petrovac,reference
RS,733016,科斯托拉茨,Kostolac,reference
RS,715689,扎耶查尔,Zaječar,reference
RS,706213,博列瓦茨,Boljevac,reference
RS,717657,克尼亚热瓦茨,Knjazevac,reference
RS,740977,索科巴尼亚,Soko Banja,manual
RS,706205,博戈维纳,Bogovina,manual
RS,736210,普罗库普列,Prokuplje,manual
RS,705225,布拉采,Blace,reference
RS,722103,库尔舒姆利亚,Kuršumlija,reference
RS,722111,库尔舒姆利斯卡巴尼亚,Kuršumlijska Banja,manual
RS,719714,克拉列沃,Kraljevo,reference
RS,712353,弗尔尼亚奇卡巴尼亚,Vrnjačka Banja,manual
RS,730602,新帕扎尔,Novi Pazar,reference
RS,737445,拉什卡,Raška,reference
RS,744123,图廷,Tutin,reference
RS,737135,约沙尼奇卡巴尼亚,Jošanička Banja,manual
RS,736872,巴列瓦茨,Baljevac,manual
RS,719811,马塔鲁什卡巴尼亚,Mataruška Banja,manual
RS,720097,里布尼察,Ribnica,manual
RS,721107,克鲁舍瓦茨,Kruševac,reference
RS,744328,契切瓦茨,Ćićevac,reference
RS,700029,亚历山德罗瓦茨,Aleksandrovac,reference
RS,743178,特尔斯泰尼克,Trstenik,manual
RS,707066,布鲁斯,Brus,reference
RS,804266,斯雷姆斯卡米特罗维察,Sremska Mitrovica,reference
RS,801895,伊里格,Irig,reference
RS,803634,鲁马,Ruma,reference
RS,804428,旧帕佐瓦,Stara Pazova,reference
RS,805106,希德,Šid,reference
RS,801747,因吉亚,Inđija,reference
RS,804215,马奇万斯卡米特罗维察,Mačvanska Mitrovica,manual
RS,711306,弗拉涅,Vranje,reference
RS,706604,博西莱格勒,Bosilegrad,reference
RS,707694,布亚诺瓦茨,Bujanovac,reference
RS,710156,弗拉迪钦汉,Vladičin Han,reference
RS,711314,弗拉尼斯卡巴尼亚,Vranjska Banja,manual
RS,741400,苏尔杜利察,Surdulica,reference
RS,746665,贝洛波列,Bijelo Polje,manual
RS,740527,斯梅代雷沃,Smederevo,reference
RS,709344,大普拉纳,Velika Plana,reference
RS,740721,斯梅代雷沃帕兰卡,Smederevska Palanka,reference
RS,738352,亚戈迪纳,Jagodina,reference
RS,744492,丘普里亚,Ćuprija,reference
RS,713937,代斯波托瓦茨,Despotovac,reference
RS,731501,帕拉钦,Paraćin,reference
RS,738654,斯维拉伊纳茨,Svilajnac,reference
RS,714119,雷萨维察,Resavica,reference
RS,732575,皮罗特,Pirot,reference
RS,703001,贝拉帕兰卡,Bela Palanka,reference
RS,714364,季米特洛夫格勒,Dimitrovgrad,reference
RS,701866,巴布什尼察,Babušnica,reference
RS,708402,瓦列沃,Valjevo,reference
RS,726362,利格,Ljig,reference
RS,723029,拉伊科瓦茨,Lajkovac,reference
RS,728268,米奥尼察,Mionica,reference
RS,744883,乌布,Ub,reference
RS,726192,贝拉诺维察,Belanovica,manual
RS,708534,迪夫奇巴雷,Divčibare,manual
RS,718980,克拉古耶瓦茨,Kragujevac,reference
RS,701408,阿兰杰洛瓦茨,Aranđelovac,reference
RS,702927,拉波沃,Lapovo,reference
RS,736813,拉查,Rača,reference
RS,742228,托波拉,Topola,reference
RS,746061,查查克,Čačak,reference
RS,713325,上米拉诺瓦茨,Gornji Milanovac,reference
RS,716154,伊万尼察,Ivanjica,reference
RS,726044,卢查尼,Lučani,reference
RS,725889,古查,Guča,reference
RS,803979,松博尔,Sombor,reference
RS,800180,阿帕廷,Apatin,reference
RS,802433,库拉,Kula,reference
RS,803014,奥扎齐,Odžaci,reference
RS,802484,茨尔文卡,Crvenka,reference
RS,79014,贝尔格莱德,Belgrade,reference
RS,703737,格罗茨卡,Grocka,reference
RS,704091,拉扎雷瓦茨,Lazarevac,reference
RS,704458,姆拉代诺瓦茨,Mladenovac,reference
RS,704741,奥布雷诺瓦茨,Obrenovac,reference
RS,705101,索波特,Sopot,reference
RS,703907,苏尔钦,Surčin,manual
RS,703621,贝利波托克,Beli Potok,manual
RS,704865,博尔查,Borča,manual
RS,703869,多巴诺夫齐,Dobanovci,reference
RS,704903,奥夫查,Ovča,reference
RS,705136,奥斯特鲁日尼察,Ostružnica,manual
RS,705144,佩恰尼,Pećani,manual
RS,703648,皮诺萨瓦,Pinosava,reference
RS,705152,鲁茨卡,Rucka,manual
RS,705195,乌姆卡,Umka,reference
RS,746606,沙巴茨,Šabac,reference
RS,720453,克鲁帕尼,Krupanj,reference
RS,725552,洛兹尼察,Loznica,reference
RS,727008,小兹沃尔尼克,Mali Zvornik,reference
RS,725196,巴尼亚科维利亚查,Banja Koviljača,manual
